mouse_uid,feature,n_rec,spearman_r,spearman_p
1,log_delta_abs,9,-0.11666666666666665,0.7650079429261462
1,log_theta_abs,9,0.25,0.5164895523012263
1,log_beta_abs,9,-0.03333333333333333,0.932156735540504
1,log_low_gamma_abs,9,0.21666666666666667,0.5755148957119259
1,log_high_gamma_abs,9,0.13333333333333333,0.7323675052362975
1,log_fast_gamma_abs,9,0.11666666666666665,0.7650079429261462
1,delta_rel,9,-0.26666666666666666,0.4879222748387009
1,theta_rel,9,0.5166666666666667,0.1543901209862251
1,beta_rel,9,0.13333333333333333,0.7323675052362975
1,low_gamma_rel,9,0.25,0.5164895523012263
1,high_gamma_rel,9,0.08333333333333334,0.831214097710308
1,fast_gamma_rel,9,-0.03333333333333333,0.932156735540504
1,log_theta_delta,9,0.38333333333333336,0.30849527238037144
1,log_beta_delta,9,0.2833333333333333,0.46003032896571994
1,log_low_gamma_delta,9,0.31666666666666665,0.4063970144863861
1,log_high_gamma_delta,9,0.25,0.5164895523012263
1,log_fast_gamma_delta,9,0.26666666666666666,0.4879222748387009
1,log_beta_theta,9,-0.6,0.0876228290414024
1,log_low_gamma_theta,9,0.0,1.0
1,log_high_gamma_theta,9,-0.21666666666666667,0.5755148957119259
1,log_fast_gamma_theta,9,-0.43333333333333335,0.2439524358800516
1,log_low_gamma_beta,9,0.45,0.22421610749233667
1,log_high_gamma_beta,9,0.43333333333333335,0.2439524358800516
1,log_fast_gamma_beta,9,0.2333333333333333,0.5456987782182727
1,log_high_gamma_low_gamma,9,0.08333333333333334,0.831214097710308
1,log_fast_gamma_low_gamma,9,-0.3,0.4328453267094823
1,log_fast_gamma_high_gamma,9,-0.31666666666666665,0.4063970144863861
10,log_delta_abs,10,-0.44985010232324774,0.1920756967225873
10,log_theta_abs,10,-0.5471149893120582,0.1016780321289929
10,log_beta_abs,10,-0.6808542089216724,0.03021117068836832
10,log_low_gamma_abs,10,-0.6443798763008685,0.04431151432143616
10,log_high_gamma_abs,10,-0.6747751534848716,0.0323118085420257
10,log_fast_gamma_abs,10,-0.6139845991168652,0.05898096236903695
10,delta_rel,10,0.37690143708164003,0.2830033650057079
10,theta_rel,10,0.23708316203522517,0.5095614092618308
10,beta_rel,10,-0.2553203283456271,0.47649345335133597
10,low_gamma_rel,10,-0.024316221747202584,0.9468397049085097
10,high_gamma_rel,10,-0.01823716631040194,0.960119464496727
10,fast_gamma_rel,10,-0.01823716631040194,0.960119464496727
10,log_theta_delta,10,-0.46808726863364974,0.17245503609398916
10,log_beta_delta,10,-0.2978737164032316,0.4032038726329136
10,log_low_gamma_delta,10,-0.23708316203522517,0.5095614092618308
10,log_high_gamma_delta,10,-0.2735574946560291,0.44439914146883686
10,log_fast_gamma_delta,10,-0.29179466096643103,0.4133266028608583
10,log_beta_theta,10,-0.21884599572482327,0.5435509174040241
10,log_low_gamma_theta,10,-0.0790277206784084,0.8282024798594116
10,log_high_gamma_theta,10,-0.012158110873601292,0.9734080635074243
10,log_fast_gamma_theta,10,-0.01823716631040194,0.960119464496727
10,log_low_gamma_beta,10,0.42553388057604524,0.22017919518735943
10,log_high_gamma_beta,10,0.3708223816448394,0.2914682712989585
10,log_fast_gamma_beta,10,0.36474332620803873,0.3000669694646655
10,log_high_gamma_low_gamma,10,0.2492412729088265,0.4874104156153496
10,log_fast_gamma_low_gamma,10,0.10942299786241164,0.7634826463741492
10,log_fast_gamma_high_gamma,10,-0.10942299786241164,0.7634826463741492
14,log_delta_abs,10,0.05454545454545454,0.8810361811618526
14,log_theta_abs,10,0.12727272727272726,0.7260570147627894
14,log_beta_abs,10,-0.1515151515151515,0.6760651759978538
14,log_low_gamma_abs,10,-0.12727272727272726,0.7260570147627894
14,log_high_gamma_abs,10,-0.12727272727272726,0.7260570147627894
14,log_fast_gamma_abs,10,-0.01818181818181818,0.9602404181286243
14,delta_rel,10,-0.2727272727272727,0.44583834154275137
14,theta_rel,10,0.7575757575757575,0.011143446799694208
14,beta_rel,10,0.12727272727272726,0.7260570147627894
14,low_gamma_rel,10,-0.006060606060606061,0.9867429111949892
14,high_gamma_rel,10,-0.28484848484848485,0.42503815489214547
14,fast_gamma_rel,10,0.01818181818181818,0.9602404181286243
14,log_theta_delta,10,0.41818181818181815,0.22911284098281892
14,log_beta_delta,10,0.1515151515151515,0.6760651759978538
14,log_low_gamma_delta,10,0.19999999999999998,0.5795840000000001
14,log_high_gamma_delta,10,0.13939393939393938,0.7009318849100584
14,log_fast_gamma_delta,10,0.17575757575757575,0.6271883447764844
14,log_beta_theta,10,-0.35757575757575755,0.3103760917056799
14,log_low_gamma_theta,10,-0.4424242424242424,0.20042268671194224
14,log_high_gamma_theta,10,-0.4787878787878787,0.1615229280174558
14,log_fast_gamma_theta,10,-0.16363636363636364,0.6514773427962428
14,log_low_gamma_beta,10,-0.35757575757575755,0.3103760917056799
14,log_high_gamma_beta,10,-0.19999999999999998,0.5795840000000001
14,log_fast_gamma_beta,10,0.11515151515151514,0.7514196523258483
14,log_high_gamma_low_gamma,10,0.12727272727272726,0.7260570147627894
14,log_fast_gamma_low_gamma,10,0.05454545454545454,0.8810361811618526
14,log_fast_gamma_high_gamma,10,0.006060606060606061,0.9867429111949892
17,log_delta_abs,10,-0.006097674333191042,0.9866618333383285
17,log_theta_abs,10,0.146344183996585,0.6866405042968726
17,log_beta_abs,10,0.0731720919982925,0.8407903063461993
17,log_low_gamma_abs,10,0.15244185832977605,0.6741752533023246
17,log_high_gamma_abs,10,0.18293022999573125,0.6129641414000455
17,log_fast_gamma_abs,10,0.19512557866211333,0.58904630489656
17,delta_rel,10,-0.09146511499786562,0.801585518004463
17,theta_rel,10,0.3292744139923163,0.35285784928578817
17,beta_rel,10,-0.20732092732849544,0.5654808554237636
17,low_gamma_rel,10,0.146344183996585,0.6866405042968726
17,high_gamma_rel,10,0.2743953449935969,0.4429488649931106
17,fast_gamma_rel,10,0.21341860166168644,0.553835993239951
17,log_theta_delta,10,0.146344183996585,0.6866405042968726
17,log_beta_delta,10,0.042683720332337284,0.9067992878615369
17,log_low_gamma_delta,10,0.018293022999573125,0.9599974002377397
17,log_high_gamma_delta,10,0.04878139466552833,0.8935442648854668
17,log_fast_gamma_delta,10,0.054879068998719374,0.8803129336209681
17,log_beta_theta,10,-0.2317116246612596,0.519479299957456
17,log_low_gamma_theta,10,-0.12805116099701186,0.7244360974087536
17,log_high_gamma_theta,10,0.06097674333191042,0.8671082217678165
17,log_fast_gamma_theta,10,0.04878139466552833,0.8935442648854668
17,log_low_gamma_beta,10,0.20732092732849544,0.5654808554237636
17,log_high_gamma_beta,10,0.1768325556625402,0.6250493381834632
17,log_fast_gamma_beta,10,0.1768325556625402,0.6250493381834632
17,log_high_gamma_low_gamma,10,0.20732092732849544,0.5654808554237636
17,log_fast_gamma_low_gamma,10,0.14024650966339394,0.6991741437226109
17,log_fast_gamma_high_gamma,10,-0.39025115732422666,0.2648874395842974
21,log_delta_abs,8,0.467074242146171,0.24326991663399547
21,log_theta_abs,8,0.05988131309566295,0.8879906501125185
21,log_beta_abs,8,0.05988131309566295,0.8879906501125185
21,log_low_gamma_abs,8,0.05988131309566295,0.8879906501125185
21,log_high_gamma_abs,8,0.14371515142959107,0.7342214747617433
21,log_fast_gamma_abs,8,0.27545404024004955,0.5090540726550732
21,delta_rel,8,0.7065994945288228,0.05006339467042151
21,theta_rel,8,-0.6826469692905576,0.06209269238231715
21,beta_rel,8,-0.34731161595484505,0.3992638742032819
21,low_gamma_rel,8,0.0,1.0
21,high_gamma_rel,8,-0.5030030300035688,0.20387668200843206
21,fast_gamma_rel,8,0.27545404024004955,0.5090540726550732
21,log_theta_delta,8,-0.7065994945288228,0.05006339467042151
21,log_beta_delta,8,-0.7185757571479554,0.04462261002441919
21,log_low_gamma_delta,8,-0.670670706671425,0.06869274160505996
21,log_high_gamma_delta,8,-0.6586944440522925,0.0756896878416385
21,log_fast_gamma_delta,8,-0.5389318178609664,0.16811803527951477
21,log_beta_theta,8,0.16766767666785626,0.691465351646736
21,log_low_gamma_theta,8,0.3113828280974473,0.45279875742633724
21,log_high_gamma_theta,8,0.2515015150017844,0.5479426035598269
21,log_fast_gamma_theta,8,0.5628843430992317,0.1463315326055504
21,log_low_gamma_beta,8,0.4910267673844361,0.21660820414021398
21,log_high_gamma_beta,8,0.17964393928698885,0.6703442772469387
21,log_fast_gamma_beta,8,0.7425282823862205,0.034855039336664125
21,log_high_gamma_low_gamma,8,-0.467074242146171,0.24326991663399547
21,log_fast_gamma_low_gamma,8,0.6467181814331598,0.08308772479827897
21,log_fast_gamma_high_gamma,8,0.8742671711966791,0.004512385603651026
22,log_delta_abs,6,0.08571428571428573,0.8717434402332361
22,log_theta_abs,6,-0.3714285714285715,0.46847813411078715
22,log_beta_abs,6,-0.08571428571428573,0.8717434402332361
22,log_low_gamma_abs,6,0.028571428571428574,0.9571545189504373
22,log_high_gamma_abs,6,-0.08571428571428573,0.8717434402332361
22,log_fast_gamma_abs,6,0.5428571428571429,0.26570262390670557
22,delta_rel,6,-0.028571428571428574,0.9571545189504373
22,theta_rel,6,-0.3714285714285715,0.46847813411078715
22,beta_rel,6,0.6571428571428573,0.15617492711370237
22,low_gamma_rel,6,0.6,0.20799999999999982
22,high_gamma_rel,6,0.48571428571428577,0.3287230320699709
22,fast_gamma_rel,6,0.5428571428571429,0.26570262390670557
22,log_theta_delta,6,-0.08571428571428573,0.8717434402332361
22,log_beta_delta,6,0.6,0.20799999999999982
22,log_low_gamma_delta,6,0.7714285714285715,0.07239650145772594
22,log_high_gamma_delta,6,0.2571428571428572,0.6227871720116618
22,log_fast_gamma_delta,6,0.8285714285714287,0.04156268221574334
22,log_beta_theta,6,0.6571428571428573,0.15617492711370237
22,log_low_gamma_theta,6,0.6,0.20799999999999982
22,log_high_gamma_theta,6,0.6,0.20799999999999982
22,log_fast_gamma_theta,6,0.5428571428571429,0.26570262390670557
22,log_low_gamma_beta,6,0.2,0.704
22,log_high_gamma_beta,6,0.14285714285714288,0.7871720116618075
22,log_fast_gamma_beta,6,0.5428571428571429,0.26570262390670557
22,log_high_gamma_low_gamma,6,-0.08571428571428573,0.8717434402332361
22,log_fast_gamma_low_gamma,6,0.3142857142857143,0.5440932944606414
22,log_fast_gamma_high_gamma,6,0.3142857142857143,0.5440932944606414
25,log_delta_abs,4,0.0,1.0
25,log_theta_abs,4,-0.39999999999999997,0.6
25,log_beta_abs,4,-0.39999999999999997,0.6
25,log_low_gamma_abs,4,-0.39999999999999997,0.6
25,log_high_gamma_abs,4,-0.39999999999999997,0.6
25,log_fast_gamma_abs,4,-0.39999999999999997,0.6
25,delta_rel,4,-0.39999999999999997,0.6
25,theta_rel,4,0.39999999999999997,0.6
25,beta_rel,4,-0.7999999999999999,0.20000000000000007
25,low_gamma_rel,4,0.0,1.0
25,high_gamma_rel,4,0.0,1.0
25,fast_gamma_rel,4,0.0,1.0
25,log_theta_delta,4,0.39999999999999997,0.6
25,log_beta_delta,4,-0.7999999999999999,0.20000000000000007
25,log_low_gamma_delta,4,0.0,1.0
25,log_high_gamma_delta,4,0.0,1.0
25,log_fast_gamma_delta,4,0.0,1.0
25,log_beta_theta,4,-0.7999999999999999,0.20000000000000007
25,log_low_gamma_theta,4,-0.6000000000000001,0.3999999999999999
25,log_high_gamma_theta,4,0.0,1.0
25,log_fast_gamma_theta,4,0.0,1.0
25,log_low_gamma_beta,4,0.39999999999999997,0.6
25,log_high_gamma_beta,4,0.39999999999999997,0.6
25,log_fast_gamma_beta,4,0.39999999999999997,0.6
25,log_high_gamma_low_gamma,4,0.39999999999999997,0.6
25,log_fast_gamma_low_gamma,4,0.19999999999999998,0.8
25,log_fast_gamma_high_gamma,4,0.39999999999999997,0.6
4,log_delta_abs,10,-0.5272727272727272,0.11730806555020223
4,log_theta_abs,10,0.309090909090909,0.3848412302612835
4,log_beta_abs,10,-0.5151515151515151,0.12755286970323426
4,log_low_gamma_abs,10,-0.4424242424242424,0.20042268671194224
4,log_high_gamma_abs,10,-0.12727272727272726,0.7260570147627894
4,log_fast_gamma_abs,10,-0.2606060606060606,0.4670890543863402
4,delta_rel,10,-0.7575757575757575,0.011143446799694208
4,theta_rel,10,0.8424242424242423,0.0022200312259168407
4,beta_rel,10,-0.24848484848484845,0.48877630451924314
4,low_gamma_rel,10,0.12727272727272726,0.7260570147627894
4,high_gamma_rel,10,-0.06666666666666665,0.8548130882487426
4,fast_gamma_rel,10,-0.01818181818181818,0.9602404181286243
4,log_theta_delta,10,0.8424242424242423,0.0022200312259168407
4,log_beta_delta,10,0.2727272727272727,0.44583834154275137
4,log_low_gamma_delta,10,0.41818181818181815,0.22911284098281892
4,log_high_gamma_delta,10,0.7212121212121211,0.018573155089460208
4,log_fast_gamma_delta,10,0.12727272727272726,0.7260570147627894
4,log_beta_theta,10,-0.406060606060606,0.24428229408662638
4,log_low_gamma_theta,10,-0.28484848484848485,0.42503815489214547
4,log_high_gamma_theta,10,-0.23636363636363633,0.5108853175152002
4,log_fast_gamma_theta,10,-0.5151515151515151,0.12755286970323426
4,log_low_gamma_beta,10,0.41818181818181815,0.22911284098281892
4,log_high_gamma_beta,10,0.3696969696969697,0.2930500752928223
4,log_fast_gamma_beta,10,0.29696969696969694,0.4047016712701569
4,log_high_gamma_low_gamma,10,0.2727272727272727,0.44583834154275137
4,log_fast_gamma_low_gamma,10,0.0303030303030303,0.9337729580941466
4,log_fast_gamma_high_gamma,10,-0.38181818181818183,0.27625533338543595
9,log_delta_abs,10,-0.17575757575757575,0.6271883447764844
9,log_theta_abs,10,-0.309090909090909,0.3848412302612835
9,log_beta_abs,10,-0.4787878787878787,0.1615229280174558
9,log_low_gamma_abs,10,-0.3939393939393939,0.25999776683488757
9,log_high_gamma_abs,10,-0.29696969696969694,0.4047016712701569
9,log_fast_gamma_abs,10,-0.29696969696969694,0.4047016712701569
9,delta_rel,10,0.19999999999999998,0.5795840000000001
9,theta_rel,10,-0.0303030303030303,0.9337729580941466
9,beta_rel,10,-0.0303030303030303,0.9337729580941466
9,low_gamma_rel,10,-0.0303030303030303,0.9337729580941466
9,high_gamma_rel,10,0.3696969696969697,0.2930500752928223
9,fast_gamma_rel,10,0.43030303030303024,0.21449233253280775
9,log_theta_delta,10,-0.43030303030303024,0.21449233253280775
9,log_beta_delta,10,-0.19999999999999998,0.5795840000000001
9,log_low_gamma_delta,10,-0.06666666666666665,0.8548130882487426
9,log_high_gamma_delta,10,0.05454545454545454,0.8810361811618526
9,log_fast_gamma_delta,10,0.11515151515151514,0.7514196523258483
9,log_beta_theta,10,0.01818181818181818,0.9602404181286243
9,log_low_gamma_theta,10,-0.01818181818181818,0.9602404181286243
9,log_high_gamma_theta,10,0.43030303030303024,0.21449233253280775
9,log_fast_gamma_theta,10,0.4666666666666666,0.17393859716506632
9,log_low_gamma_beta,10,0.5878787878787878,0.07387770688865801
9,log_high_gamma_beta,10,0.5636363636363636,0.08972402831709125
9,log_fast_gamma_beta,10,0.49090909090909085,0.14965567342083677
9,log_high_gamma_low_gamma,10,0.406060606060606,0.24428229408662638
9,log_fast_gamma_low_gamma,10,0.4424242424242424,0.20042268671194224
9,log_fast_gamma_high_gamma,10,0.35757575757575755,0.3103760917056799
