mouse,group,cable,differential_file,recording_date,diet_phase,days_on_diet,days_in_recovery,body_weight,body_weight_source,estrous_phase,theta_delta,log_theta_delta,low_gamma_theta,log_low_gamma_theta,high_gamma_theta,log_high_gamma_theta,fast_gamma_theta,log_fast_gamma_theta,beta_theta,log_beta_theta
2,CTRL,Cable1,Mouse2_Cable1_CTRL_2026-03-04_11-03-06_DIFF_Ch3_minus_Ch4.npy,2026-03-04,diet,9.0,,32.13,interpolated,B,0.2493621900069541,-0.6031693965518816,0.017655556260581476,-1.7531185948895933,0.004393677999922468,-2.3571717744480667,0.0018031469951921002,-2.743968867510215,0.06972879463553612,-1.1565878421471527
2,CTRL,Cable1,Mouse2_Cable1_CTRL_2026-03-09_11-20-55_DIFF_Ch3_minus_Ch4.npy,2026-03-09,diet,14.0,,31.5,measured,B,0.7589305851370528,-0.11979794461908894,0.01850010582031067,-1.7328257874323614,0.005748883125529079,-2.2404165204466926,0.0024053453974936913,-2.6188225519491644,0.05551535213459694,-1.2555869011049519
2,CTRL,Cable1,Mouse2_Cable1_CTRL_2026-03-14_11-15-50_DIFF_Ch3_minus_Ch4.npy,2026-03-14,diet,19.0,,30.65,interpolated,B,1.3681403733088238,0.13613065895270468,0.03154260853884984,-1.5011023938484822,0.014304952767611415,-1.844513571818844,0.003881177593963774,-2.411036484465897,0.08616166712769345,-1.0646859065374503
2,CTRL,Cable1,Mouse2_Cable1_CTRL_2026-03-19_16-25-11_DIFF_Ch3_minus_Ch4.npy,2026-03-19,diet,24.0,,30.6,measured,B,0.6551730021225749,-0.1836440069600366,0.040822883801855975,-1.3890963191938008,0.011717270680170248,-1.9311735373435928,0.004161186553913145,-2.3807828135223845,0.10118966987982463,-0.9948638209268352
2,CTRL,Cable1,Mouse2_Cable1_CTRL_2026-03-27_10-36-46_DIFF_Ch3_minus_Ch4.npy,2026-03-27,diet,32.0,,30.65,interpolated,A,0.18531319842047234,-0.7320936481551815,0.04027538865491673,-1.3949602599746342,0.01665869272920306,-1.7783590823271458,0.0054110230554218165,-2.26672061561073,0.11418064988324308,-0.9424074894436892
2,CTRL,Cable1,Mouse2_Cable1_CTRL_2026-04-01_10-31-21_DIFF_Ch3_minus_Ch4.npy,2026-04-01,recovery,,2.0,31.13,interpolated,A,0.37985706894685695,-0.4203797871850693,0.03931372684660749,-1.405455784157605,0.015673139623704656,-1.8048439974898254,0.006304848603608906,-2.2003253375455625,0.1014972790043931,-0.9935456004031548
2,CTRL,Cable1,Mouse2_Cable1_CTRL_2026-03-30_10-02-35_DIFF_Ch3_minus_Ch4.npy,2026-03-30,diet,35.0,,29.6,measured,D,0.5207290493088691,-0.2833881941648251,0.05568809440565389,-1.2542376430057116,0.02080512000768263,-1.6818297747749495,0.00948660156759794,-2.022889339181867,0.13401019036520426,-0.872862175880665
5,CTRL,Cable1,Mouse5_Cable1_CTRL_2026-03-06_11-12-15_DIFF_Ch2_minus_Ch3.npy,2026-03-06,diet,11.0,,30.95,interpolated,D,1.0241550540059792,0.01036571250062013,0.03437669050066091,-1.4637359358654898,0.009944489426556635,-2.002417509665867,0.003893527662926867,-2.4096567353600733,0.1454368747177128,-0.8373254665439656
5,CTRL,Cable1,Mouse5_Cable1_CTRL_2026-03-11_11-11-07_DIFF_Ch2_minus_Ch3.npy,2026-03-11,diet,16.0,,29.77,interpolated,C,0.6580776917893236,-0.18172283112221754,0.024138842000363512,-1.6172835679136888,0.011289653703038402,-1.9473193793474937,0.006025613933031925,-2.2199986974427897,0.06865647374824949,-1.1633185060516051
5,CTRL,Cable1,Mouse5_Cable1_CTRL_2026-03-17_10-31-53_DIFF_Ch2_minus_Ch3.npy,2026-03-17,diet,22.0,,29.33,interpolated,C,0.7434591642397882,-0.12874288085066307,0.01966428955365586,-1.7063217394907215,0.008395170010968045,-2.0759705045196593,0.004213382506912286,-2.3753691121761347,0.05957961683319633,-1.2249022941347982
5,CTRL,Cable1,Mouse5_Cable1_CTRL_2026-03-24_12-38-34_DIFF_Ch2_minus_Ch3.npy,2026-03-24,diet,29.0,,29.17,interpolated,D,0.07643652623973675,-1.1166990582626846,0.0533571343056479,-1.2728075034667792,0.0306262297779081,-1.5139064634425503,0.023357881385933376,-1.631566551291011,0.11668349676067771,-0.9329905644567872
5,CTRL,Cable1,Mouse5_Cable1_CTRL_2026-04-01_10-55-04_DIFF_Ch2_minus_Ch3.npy,2026-04-01,recovery,,2.0,29.7,interpolated,B,0.09011279690017565,-1.0452135305692767,0.052132343157319086,-1.2828927546926927,0.029324867809063168,-1.5327639369250954,0.0220707513102551,-1.6561828827719967,0.12102980396256746,-0.9171076701576122
5,CTRL,Cable1,Mouse5_Cable1_CTRL_2026-03-30_10-27-44_DIFF_Ch2_minus_Ch3.npy,2026-03-30,diet,35.0,,28.9,measured,D,0.08613184800686759,-1.0648362346533873,0.0549705369147677,-1.259870021120824,0.03124248621600133,-1.5052544131133396,0.02338926566991471,-1.6309834130993646,0.11902701200662634,-0.924354468572292
7,CTRL,Cable1,Mouse7_Cable1_CTRL_2026-03-04_11-40-58_DIFF_Ch3_minus_Ch4.npy,2026-03-04,diet,9.0,,31.0,interpolated,C,0.6307809284788555,-0.20012144594174833,0.06393012747824318,-1.1942944295714166,0.022600019037388234,-1.6458911950194497,0.011302453601083,-1.9468272671589617,0.09475637148505002,-1.0233915781117024
7,CTRL,Cable1,Mouse7_Cable1_CTRL_2026-03-09_11-59-34_DIFF_Ch3_minus_Ch4.npy,2026-03-09,diet,14.0,,30.2,measured,D,0.46900886253656865,-0.32881895064448663,0.025336447512140873,-1.5962542787197822,0.00991072197101599,-2.0038947071083197,0.004416226186429593,-2.3549486913923894,0.09883392663043396,-1.005093949954792
7,CTRL,Cable1,Mouse7_Cable1_CTRL_2026-03-14_11-51-43_DIFF_Ch3_minus_Ch4.npy,2026-03-14,diet,19.0,,31.05,interpolated,D,0.9214313812506637,-0.03553700103502246,0.040084010948449905,-1.3970288279186527,0.018804938846913706,-1.7257280745516652,0.009199219078388313,-2.0362490383437453,0.08346356886044423,-1.0785030490125211
7,CTRL,Cable1,Mouse7_Cable1_CTRL_2026-03-19_17-01-34_DIFF_Ch3_minus_Ch4.npy,2026-03-19,diet,24.0,,30.3,measured,C,0.6760021182794707,-0.17005194317723407,0.05919410265194636,-1.227721558704366,0.026088686427715925,-1.5835477871916976,0.012241447209593604,-1.9121672359496893,0.1947198214821357,-0.7105898372721805
7,CTRL,Cable1,Mouse7_Cable1_CTRL_2026-03-27_11-12-28_DIFF_Ch3_minus_Ch4.npy,2026-03-27,diet,32.0,,28.72,interpolated,D,0.5902035112912107,-0.22899821108502402,0.06455957822613247,-1.1900393155638922,0.030606937537910547,-1.5141801227686638,0.014151464805878552,-1.8491986043669035,0.1494110510422425,-0.8256172791660744
7,CTRL,Cable1,Mouse7_Cable1_CTRL_2026-04-01_11-18-33_DIFF_Ch3_minus_Ch4.npy,2026-04-01,recovery,,2.0,29.0,interpolated,A,0.5615627869205494,-0.25060167931581007,0.07033670307854901,-1.152817992407339,0.03725476497735709,-1.4288181720156612,0.017422863284248136,-1.7588804712362773,0.15190439553454502,-0.818429659127479
7,CTRL,Cable1,Mouse7_Cable1_CTRL_2026-03-30_10-51-09_DIFF_Ch3_minus_Ch4.npy,2026-03-30,diet,35.0,,28.2,measured,D,0.6904964207360519,-0.16083856829260665,0.05591962026196424,-1.2524357864521722,0.026060071973480446,-1.5840243891743844,0.011824034612442712,-1.9272343076391283,0.15330583128455383,-0.8144413255987276
8,CTRL,Cable1,Mouse8_Cable1_CTRL_2026-03-06_11-51-01_DIFF_Ch3_minus_Ch4.npy,2026-03-06,diet,11.0,,30.65,interpolated,C,0.9332693011600518,-0.02999301956332388,0.03251354880270339,-1.4879356253572347,0.012388491901829482,-1.9069815587229932,0.006254748595743982,-2.2037901417140233,0.09435801765050646,-1.0252211917000673
8,CTRL,Cable1,Mouse8_Cable1_CTRL_2026-03-11_11-51-53_DIFF_Ch3_minus_Ch4.npy,2026-03-11,diet,16.0,,29.77,interpolated,C,0.7587871351975088,-0.11988004093584681,0.037942827298540496,-1.4208703109168836,0.007809816886821304,-2.107359148705972,0.0034353892618721,-2.46402404617212,0.08426532368156651,-1.074351106655985
8,CTRL,Cable1,Mouse8_Cable1_CTRL_2026-03-17_11-09-26_DIFF_Ch3_minus_Ch4.npy,2026-03-17,diet,22.0,,29.2,interpolated,D,2.209660790430665,0.3443256093633694,0.017085122870770568,-1.7673818935461805,0.006959119032391856,-2.1574457350427294,0.0024739184110961696,-2.6066146273402877,0.06110466589405637,-1.2139256261784943
8,CTRL,Cable1,Mouse8_Cable1_CTRL_2026-03-24_13-14-52_DIFF_Ch3_minus_Ch4.npy,2026-03-24,diet,29.0,,29.57,interpolated,B,4.236468391424028,0.6270039704546129,0.009900866389781477,-2.0043268001663046,0.004401011690318328,-2.3564474778278757,0.0005878974535649325,-3.23069842092181,0.05072282896456241,-1.2947965325427895
8,CTRL,Cable1,Mouse8_Cable1_CTRL_2026-04-01_11-42-11_DIFF_Ch3_minus_Ch4.npy,2026-04-01,recovery,,2.0,29.73,interpolated,A,4.6922387641036,0.671380103037353,0.008750051041091387,-2.057989413629151,0.004109655891507545,-2.3861945408187952,0.0006478661552815297,-3.1885147071335367,0.04463107885135631,-1.350362614984972
8,CTRL,Cable1,Mouse8_Cable1_CTRL_2026-03-30_11-14-35_DIFF_Ch3_minus_Ch4.npy,2026-03-30,diet,35.0,,28.6,measured,D,4.830260008394433,0.6839705090479307,0.00926364114116126,-2.0332182771736456,0.0034022849111867356,-2.4682293208894643,0.0005662457782517743,-3.2469950229284157,0.04779949422715462,-1.3205766986916037
13,CTRL,Cable1,Mouse13_Cable1_CTRL_2026-02-19_11-46-09_DIFF_Ch2_minus_Ch3.npy,2026-02-19,baseline,,,30.5,baseline,D,0.9779098216362355,-0.009701192013497973,0.032576041042174396,-1.4871016965164539,0.015280528832713655,-1.81586161531824,0.01051084075068714,-1.978362543840418,0.10086718988010585,-0.9962500782751896
13,CTRL,Cable1,Mouse13_Cable1_CTRL_2026-03-04_12-19-35_DIFF_Ch2_minus_Ch3.npy,2026-03-04,diet,9.0,,28.37,interpolated,B,0.32361472157016974,-0.4899717301028306,0.09217039825439821,-1.0354085359850465,0.05324821355214637,-1.2736949579823602,0.03551569057363339,-1.4495797364078762,0.19166164143461878,-0.7174647967734719
13,CTRL,Cable1,Mouse13_Cable1_CTRL_2026-03-09_12-34-46_DIFF_Ch2_minus_Ch3.npy,2026-03-09,diet,14.0,,27.4,measured,A,0.2957876155103627,-0.5290200136660603,0.06884923782104545,-1.162100863133221,0.01583605981583381,-1.8003528665032194,0.009492616846220507,-2.022614048351296,0.140658520165861,-0.8518339560053756
13,CTRL,Cable1,Mouse13_Cable1_CTRL_2026-03-14_12-26-46_DIFF_Ch2_minus_Ch3.npy,2026-03-14,diet,19.0,,28.2,interpolated,D,0.40575786249843854,-0.3917330559586564,0.039333514781701925,-1.4052372439768386,0.01713334097833075,-1.7661579419395939,0.009063212921067203,-2.0427178170545734,0.13275905263847965,-0.8769358553546407
13,CTRL,Cable1,Mouse13_Cable1_CTRL_2026-03-17_11-45-07_DIFF_Ch2_minus_Ch3.npy,2026-03-17,diet,22.0,,28.07,interpolated,A,0.3221857204827179,-0.49189371175350405,0.0750187273702506,-1.1248303075642037,0.03086244645320282,-1.5105696505666524,0.018154544148670917,-1.7410146515267582,0.17035871516060935,-0.7686356440195243
13,CTRL,Cable1,Mouse13_Cable1_CTRL_2026-03-27_11-54-52_DIFF_Ch2_minus_Ch3.npy,2026-03-27,diet,32.0,,26.9,interpolated,C,0.6621990248841078,-0.17901146310035485,0.09825336375943888,-1.007652572380976,0.018185123493239433,-1.7402837453516211,0.0060318668536632454,-2.219548253570235,0.27401375732632094,-0.5622276321397629
13,CTRL,Cable1,Mouse13_Cable1_CTRL_2026-04-01_12-05-44_DIFF_Ch2_minus_Ch3.npy,2026-04-01,recovery,,2.0,28.17,interpolated,B,0.6665931127945177,-0.17613917776037993,0.043418072890826095,-1.3623294565944866,0.007988666166943303,-2.0975257269054386,0.003574991983722627,-2.4467249276891754,0.2389014836044949,-0.6217811532252381
13,CTRL,Cable1,Mouse13_Cable1_CTRL_2026-03-30_11-38-49_DIFF_Ch2_minus_Ch3.npy,2026-03-30,diet,35.0,,26.9,measured,D,0.7414713315411496,-0.12990563599659197,0.051892388337202174,-1.284896340524999,0.011829135690529515,-1.9270469864410964,0.007042890025952184,-2.15224909302113,0.2664690416877692,-0.5743532399400751
18,CTRL,Cable1,Mouse18_Cable1_CTRL_2026-02-21_11-53-58_DIFF_Ch3_minus_Ch4.npy,2026-02-21,baseline,,,35.3,baseline,B,0.5715133652513897,-0.24297360886090136,0.0662569670237243,-1.1787684482459089,0.03023547949149314,-1.5194831397136246,0.014387015733051296,-1.842029281468365,0.15734488129505686,-0.8031473808821263
18,CTRL,Cable1,Mouse18_Cable1_CTRL_2026-03-06_12-29-54_DIFF_Ch3_minus_Ch4.npy,2026-03-06,diet,11.0,,32.83,interpolated,D,0.4916959201968744,-0.30830339521469,0.030005403145657458,-1.5228005337784634,0.007631440197489324,-2.117393494705704,0.002922511813983217,-2.534243724567371,0.11875117904473526,-0.9253620697024186
18,CTRL,Cable1,Mouse18_Cable1_CTRL_2026-03-11_12-32-08_DIFF_Ch3_minus_Ch4.npy,2026-03-11,diet,16.0,,31.3,interpolated,D,0.3197553660530187,-0.4951821585688987,0.06659241242184692,-1.1765752517763466,0.017106243845431413,-1.766845341498379,0.008159446250865328,-2.088339314083629,0.23225302128635358,-0.6340386277349359
18,CTRL,Cable1,Mouse18_Cable1_CTRL_2026-03-19_17-37-41_DIFF_Ch3_minus_Ch4.npy,2026-03-19,diet,24.0,,29.8,measured,C,0.5245701272040734,-0.2801964448928778,0.08413063790911032,-1.0750458180931108,0.027063397510344683,-1.5676176834452171,0.010901641487953117,-1.9625081043083041,0.34526935996802655,-0.46184196027560365
18,CTRL,Cable1,Mouse18_Cable1_CTRL_2026-03-24_13-50-15_DIFF_Ch3_minus_Ch4.npy,2026-03-24,diet,29.0,,30.37,interpolated,D,0.5746068203904774,-0.24062922338345635,0.08596251250463688,-1.0656908994747645,0.02745153980987088,-1.5614332901146344,0.012022742498764179,-1.919996454444379,0.3726686468430305,-0.4286771435376392
18,CTRL,Cable1,Mouse18_Cable1_CTRL_2026-04-01_12-28-44_DIFF_Ch3_minus_Ch4.npy,2026-04-01,recovery,,2.0,30.43,interpolated,C,0.943590064489724,-0.02521664065630722,0.05714444609764251,-1.2430259725540251,0.01003803902022458,-1.9983511204456255,0.0020277395000261552,-2.6929878387706077,0.21777879989959126,-0.661984399762749
18,CTRL,Cable1,Mouse18_Cable1_CTRL_2026-03-30_12-01-38_DIFF_Ch3_minus_Ch4.npy,2026-03-30,diet,35.0,,30.1,measured,A,0.7968307395843943,-0.09863392034945433,0.055247201693728126,-1.2576897143804013,0.01640267409465614,-1.7850853440326508,0.007000354636084201,-2.154879958186719,0.3445410323353593,-0.46275904935675954
19,CTRL,Cable1,Mouse19_Cable1_CTRL_2026-02-21_13-53-25_DIFF_Ch3_minus_Ch4.npy,2026-02-21,baseline,,,29.1,baseline,A,0.4258570783408818,-0.37073612977612724,0.0323697484510107,-1.4898606755360264,0.013471170781994056,-1.87059465802137,0.007964735564106745,-2.098828638564128,0.11503088858257789,-0.9391855253880008
19,CTRL,Cable1,Mouse19_Cable1_CTRL_2026-03-04_12-59-01_DIFF_Ch3_minus_Ch4.npy,2026-03-04,diet,9.0,,29.37,interpolated,B,0.7406218519708222,-0.13040347828395418,0.014979700625048884,-1.824496866088388,0.0046849657522149216,-2.329293579520801,0.0023799110819534993,-2.623439268715893,0.0805159277054877,-1.0941181987580437
19,CTRL,Cable1,Mouse19_Cable1_CTRL_2026-03-09_13-11-23_DIFF_Ch3_minus_Ch4.npy,2026-03-09,diet,14.0,,29.7,measured,B,0.6405448837230495,-0.19345043333492049,0.039252241775614156,-1.4061355347664615,0.012885792566856734,-1.889888864126921,0.006513261972403477,-2.1862014535499843,0.13914626042972533,-0.8565284608826395
19,CTRL,Cable1,Mouse19_Cable1_CTRL_2026-03-14_13-02-22_DIFF_Ch3_minus_Ch4.npy,2026-03-14,diet,19.0,,29.15,interpolated,D,0.17144280619293295,-0.7658807333327008,0.05577742796361408,-1.2535415160105137,0.023229651970925646,-1.6339572967963543,0.013149492609573193,-1.881091004673376,0.2018953749577879,-0.6948736298097935
19,CTRL,Cable1,Mouse19_Cable1_CTRL_2026-03-19_19-00-58_DIFF_Ch3_minus_Ch4.npy,2026-03-19,diet,24.0,,28.5,measured,D,0.4362199357767479,-0.36029449052258544,0.06327853632217136,-1.1987435749363584,0.026762192067888078,-1.572478316763788,0.01360433426133156,-1.8663227059021799,0.22689043845184076,-0.6441838056359986
19,CTRL,Cable1,Mouse19_Cable1_CTRL_2026-03-27_12-30-35_DIFF_Ch3_minus_Ch4.npy,2026-03-27,diet,32.0,,29.03,interpolated,D,0.4489220545852516,-0.347829058110502,0.07016167375404407,-1.1539000591306852,0.020663910875553006,-1.6847874799638045,0.008548589550215804,-2.0681055345219446,0.27536697506059016,-0.5600881461741282
19,CTRL,Cable1,Mouse19_Cable1_CTRL_2026-04-01_12-52-41_DIFF_Ch3_minus_Ch4.npy,2026-04-01,recovery,,2.0,29.27,interpolated,D,0.4138847770060524,-0.383120546983757,0.057168377591267514,-1.2428441326616755,0.02477297002508818,-1.6060219228375383,0.01418999024656975,-1.8480179030529131,0.1712251570676421,-0.7664324267324378
19,CTRL,Cable1,Mouse19_Cable1_CTRL_2026-03-30_12-31-14_DIFF_Ch3_minus_Ch4.npy,2026-03-30,diet,35.0,,28.8,measured,B,0.5241291930838833,-0.28056165017691165,0.05770239875238298,-1.2388061323681954,0.026318323366573113,-1.5797417813133559,0.012091869557199727,-1.9175065464837941,0.174633295657996,-0.7578729499662736
24,CTRL,Cable1,Mouse24_Cable1_CTRL_2026-03-06_13-06-06_DIFF_Ch2_minus_Ch3.npy,2026-03-06,diet,11.0,,27.02,interpolated,B,0.4873809112063882,-0.3121314844251478,0.04549127806852249,-1.3420718615804732,0.02070973532283713,-1.683825451496014,0.011398674661833261,-1.9431456416910087,0.11528705564656073,-0.9382194522617351
24,CTRL,Cable1,Mouse24_Cable1_CTRL_2026-03-11_13-10-18_DIFF_Ch2_minus_Ch3.npy,2026-03-11,diet,16.0,,26.93,interpolated,C,0.47384993438832174,-0.32435917517379426,0.022677906864056113,-1.644397032642464,0.008459526388136848,-2.0726539505279247,0.004481549678466073,-2.3485717850126533,0.08176570509820627,-1.0874288138063688
24,CTRL,Cable1,Mouse24_Cable1_CTRL_2026-03-17_12-19-55_DIFF_Ch2_minus_Ch3.npy,2026-03-17,diet,22.0,,26.57,interpolated,D,0.24322342875769393,-0.6139945935024661,0.0837983786299292,-1.076764384220403,0.04196973641379736,-1.3770637583175256,0.024210937907516116,-1.6159883860985835,0.18157303896275398,-0.7409486376374681
24,CTRL,Cable1,Mouse24_Cable1_CTRL_2026-03-24_14-29-11_DIFF_Ch2_minus_Ch3.npy,2026-03-24,diet,29.0,,25.8,interpolated,C,0.372841392545469,-0.4284758786244376,0.08787008248572711,-1.0561589659160338,0.043094258164758675,-1.3655805909408798,0.024035742193698684,-1.6191424628571065,0.20260941160698512,-0.6933403846714743
24,CTRL,Cable1,Mouse24_Cable1_CTRL_2026-04-01_13-17-43_DIFF_Ch2_minus_Ch3.npy,2026-04-01,recovery,,2.0,26.07,interpolated,C,0.3463775130257332,-0.4604503103205031,0.08216129618481316,-1.085332717883618,0.04001583372984744,-1.3977681301507523,0.02199457957106555,-1.657684335197069,0.19288748642246986,-0.7146959463009083
24,CTRL,Cable1,Mouse24_Cable1_CTRL_2026-03-30_12-54-24_DIFF_Ch2_minus_Ch3.npy,2026-03-30,diet,35.0,,25.2,measured,D,0.35638473107130025,-0.44808091112655024,0.08742068626501623,-1.0583857885585621,0.03974963311113194,-1.4006668755243967,0.021531749463983264,-1.6669206821278806,0.2513035358805264,-0.5998014007723342
26,CTRL,Cable1,Mouse26_Cable1_CTRL_2026-02-21_14-36-19_DIFF_Ch3_minus_Ch4.npy,2026-02-21,baseline,,,33.0,baseline,A,0.40539339138637953,-0.39212333533670013,0.07609334702764024,-1.1186533126839713,0.033867011375737256,-1.4702231263637302,0.01631688473735664,-1.7873627543150643,0.14063101442065334,-0.8519188905083244
26,CTRL,Cable1,Mouse26_Cable1_CTRL_2026-03-19_15-33-40_DIFF_Ch3_minus_Ch4.npy,2026-03-19,diet,24.0,,32.3,measured,D,0.5682948046928653,-0.24542631422367328,0.07354794511034887,-1.1334294567189562,0.03294940203980214,-1.4821524625015563,0.013740119001342319,-1.8620095058934623,0.17808385514591912,-0.7493754513332817
26,CTRL,Cable1,Mouse26_Cable1_CTRL_2026-03-24_15-03-43_DIFF_Ch3_minus_Ch4.npy,2026-03-24,diet,29.0,,31.93,interpolated,C,0.52001464708725,-0.28398442355831327,0.06506593401775691,-1.1866463315606606,0.032799921551811134,-1.484127194997354,0.014015585319001397,-1.8533887605148676,0.13514489696722412,-0.869200348491463
26,CTRL,Cable1,Mouse26_Cable1_CTRL_2026-04-01_13-41-00_DIFF_Ch3_minus_Ch4.npy,2026-04-01,recovery,,2.0,31.6,interpolated,A,0.5867451373387538,-0.23155050093805746,0.07285479256077702,-1.137541874034842,0.03598914656468979,-1.443828451947825,0.015359806241358322,-1.8136142627445881,0.15435981486240796,-0.8114657509887132
26,CTRL,Cable1,Mouse26_Cable1_CTRL_2026-03-30_13-16-59_DIFF_Ch3_minus_Ch4.npy,2026-03-30,diet,35.0,,30.4,measured,D,0.5545705716345773,-0.25604318004450777,0.06853758440379264,-1.164071206276016,0.03333009467056627,-1.477163452770729,0.014308412697542239,-1.844408541986832,0.13699162415720206,-0.8633059853509609
1,HF,Cable1,Mouse1_Cable1_HF_2026-02-21_12-36-13_DIFF_Ch2_minus_Ch3.npy,2026-02-21,baseline,,,31.4,baseline,A,2.333455034678727,0.36799943651362926,0.014819293288477541,-1.8291725067637554,0.004969965009774718,-2.303646668835129,0.0021814428975497815,-2.6612561508200026,0.044713766964503174,-1.349558740935298
1,HF,Cable1,Mouse1_Cable1_HF_2026-03-03_12-16-25_DIFF_Ch2_minus_Ch3.npy,2026-03-03,diet,8.0,,39.87,interpolated,A,1.9671918133261115,0.2938467083726427,0.01308635564958419,-1.8831812809998263,0.004225910226573183,-2.374079733151668,0.0018319489343207643,-2.7370866364824717,0.042415755531204115,-1.3724727927172393
1,HF,Cable1,Mouse1_Cable1_HF_2026-03-08_11-08-40_DIFF_Ch2_minus_Ch3.npy,2026-03-08,diet,13.0,,38.43,interpolated,A,3.6130511113093764,0.5578741052720407,0.012065192651445953,-1.9184657390853301,0.003917369814078882,-2.407005427524754,0.001775824149001114,-2.750600042442358,0.037739491636421846,-1.4232039542236516
1,HF,Cable1,Mouse1_Cable1_HF_2026-03-13_12-37-21_DIFF_Ch2_minus_Ch3.npy,2026-03-13,diet,18.0,,36.83,interpolated,B,2.103158833433894,0.32287207243861116,0.02405309432039395,-1.6188290457005945,0.00523274532774803,-2.2812704014050205,0.0023376591626256115,-2.631218809932752,0.07102789852393648,-1.148571034447463
1,HF,Cable1,Mouse1_Cable1_HF_2026-03-19_12-55-20_DIFF_Ch2_minus_Ch3.npy,2026-03-19,diet,24.0,,35.7,measured,B,1.9668478380464258,0.2937707627394017,0.013615823729132885,-1.8659560796126335,0.004389827901248603,-2.357552505498912,0.0022389758593328434,-2.6499505889645407,0.04152322021951376,-1.3817089733355472
1,HF,Cable1,Mouse1_Cable1_HF_2026-03-26_11-06-11_DIFF_Ch2_minus_Ch3.npy,2026-03-26,diet,31.0,,36.5,measured,D,0.4287800202264752,-0.3677654595735676,0.012802804952541708,-1.89269487082426,0.004427020050724254,-2.35388851102337,0.0019474653459589674,-2.710530261610571,0.053618345289666275,-1.2706865928644369
1,HF,Cable1,Mouse1_Cable1_HF_2026-03-31_10-10-35_DIFF_Ch2_minus_Ch3.npy,2026-03-31,recovery,,1.0,35.6,interpolated,D,2.511768948572016,0.3999796872246797,0.015516374308373838,-1.809209752267359,0.005641406933837168,-2.2486125720090873,0.00265206946464589,-2.5764151048082513,0.051857522719089486,-1.285188233712575
1,HF,Cable1,Mouse1_Cable1_HF_2026-04-02_11-07-38_DIFF_Ch2_minus_Ch3.npy,2026-04-02,recovery,,3.0,35.6,measured,A,2.142786687331261,0.330978939531822,0.013346440451316518,-1.8746345469196901,0.0050710089006074655,-2.294905627180126,0.0026750851146926575,-2.5726623952303123,0.04821272364924768,-1.3168383335153988
4,HF,Cable1,Mouse4_Cable1_HF_2026-03-05_10-11-36_DIFF_Ch2_minus_Ch3.npy,2026-03-05,diet,10.0,,39.9,measured,C,0.7616361118096281,-0.11825247272776977,0.029810988268958623,-1.5256236263611616,0.01219430997830375,-1.9138427694456572,0.005866717327610314,-2.2316048366202947,0.06426137124083312,-1.1920500114957773
4,HF,Cable1,Mouse4_Cable1_HF_2026-03-10_11-57-39_DIFF_Ch2_minus_Ch3.npy,2026-03-10,diet,15.0,,40.0,interpolated,C,0.7731750603549029,-0.11172216308234903,0.02992660628885679,-1.5239425298550568,0.01216647216652012,-1.914835333086385,0.0059940598833128226,-2.2222789225744903,0.0676102609852546,-1.1699873876219775
4,HF,Cable1,Mouse4_Cable1_HF_2026-03-16_10-06-17_DIFF_Ch2_minus_Ch3.npy,2026-03-16,diet,21.0,,39.2,measured,D,0.702186378365668,-0.15354759961860906,0.036322659276649766,-1.4398223631548936,0.01329689293482973,-1.8762498281231426,0.006302472063133656,-2.2004890707374005,0.09398287027082756,-1.0269512956000764
4,HF,Cable1,Mouse4_Cable1_HF_2026-03-23_10-13-09_DIFF_Ch2_minus_Ch3.npy,2026-03-23,diet,28.0,,38.8,measured,A,0.18435095299450574,-0.7343546129849851,0.04248183552117141,-1.3717967268725748,0.01201031746646577,-1.9204455128209026,0.006917862165903851,-2.160028095282587,0.15940396979486288,-0.7975008671398119
4,HF,Cable1,Mouse4_Cable1_HF_2026-03-29_11-58-50_DIFF_Ch2_minus_Ch3.npy,2026-03-29,diet,34.0,,38.45,interpolated,B,0.5411942046452898,-0.2666468626731716,0.04311693745774135,-1.3653520941209034,0.016847989391558,-1.7734519196147422,0.009935244880755673,-2.0028214240699933,0.1390800953111868,-0.8567350203679256
4,HF,Cable1,Mouse4_Cable1_HF_2026-03-31_10-34-19_DIFF_Ch2_minus_Ch3.npy,2026-03-31,recovery,,1.0,38.17,interpolated,D,0.47252199665379374,-0.32557796958222046,0.068635355818623,-1.1634521105116413,0.04197758651231697,-1.3769825346558155,0.029399719076577385,-1.5316568193863178,0.12528411717355947,-0.9021039829651127
4,HF,Cable1,Mouse4_Cable1_HF_2026-04-02_11-35-16_DIFF_Ch2_minus_Ch3.npy,2026-04-02,recovery,,3.0,37.9,measured,B,0.35960073741403636,-0.44417942635338475,0.054504107172801915,-1.2635707701036154,0.02861301359619659,-1.5434363987737667,0.01786590609285745,-1.7479749530887903,0.13333688918601805,-0.8750496813921432
9,HF,Cable1,Mouse9_Cable1_HF_2026-02-19_10-00-27_DIFF_Ch3_minus_Ch4.npy,2026-02-19,baseline,,,32.8,baseline,D,0.8992820681773603,-0.04610406639891242,0.02863741693140382,-1.5430661575593427,0.013451190970505887,-1.8712392614593245,0.0071896521596414185,-2.143292120577142,0.07943772725713238,-1.0999731896612885
9,HF,Cable1,Mouse9_Cable1_HF_2026-03-03_12-57-35_DIFF_Ch3_minus_Ch4.npy,2026-03-03,diet,8.0,,36.33,interpolated,D,0.3488067153877197,-0.45741516242136304,0.0408945248387113,-1.388334833594274,0.01879620311417973,-1.725929870581899,0.010429520117536326,-1.9817356738458127,0.11975223755438955,-0.9217163631038318
9,HF,Cable1,Mouse9_Cable1_HF_2026-03-08_11-46-38_DIFF_Ch3_minus_Ch4.npy,2026-03-08,diet,13.0,,34.8,interpolated,B,0.5076829971629212,-0.29440738133041877,0.0217412935293352,-1.6627146205100558,0.006501133715525439,-2.1870109012859116,0.0028420638439046637,-2.5463661703409675,0.09205737721200857,-1.0359414026614462
9,HF,Cable1,Mouse9_Cable1_HF_2026-03-13_13-13-55_DIFF_Ch3_minus_Ch4.npy,2026-03-13,diet,18.0,,35.65,interpolated,A,0.4285172192457961,-0.36803172199473905,0.05560307988449393,-1.2549011519468025,0.013761066563930906,-1.8613479044087307,0.006794098684640951,-2.167868149269972,0.14789071203067553,-0.8300591001105285
9,HF,Cable1,Mouse9_Cable1_HF_2026-03-19_13-32-07_DIFF_Ch3_minus_Ch4.npy,2026-03-19,diet,24.0,,35.0,measured,A,0.5044516205247376,-0.2971804784788835,0.058266163270840415,-1.234583578531815,0.017854226406135373,-1.7482589623194207,0.009215076566039072,-2.035501051972837,0.2227913010226442,-0.6521017703727164
9,HF,Cable1,Mouse9_Cable1_HF_2026-03-29_13-02-32_DIFF_Ch3_minus_Ch4.npy,2026-03-29,diet,34.0,,33.95,interpolated,A,0.5995547847074834,-0.22217112681186635,0.06592730525554995,-1.1809346754554848,0.017731903735007968,-1.75124463511398,0.008207179300607203,-2.0858060785282944,0.3091324917426676,-0.5098553454933241
9,HF,Cable1,Mouse9_Cable1_HF_2026-04-02_11-58-35_DIFF_Ch3_minus_Ch4.npy,2026-04-02,recovery,,3.0,34.0,measured,D,0.3437174704718458,-0.46379839298150843,0.03142300207396872,-1.5027523259199544,0.012251997895100966,-1.911793086477456,0.007194573709450552,-2.1429949336409275,0.12304704617049371,-0.9099288073756653
10,HF,Cable1,Mouse10_Cable1_HF_2026-03-05_10-50-49_DIFF_Ch3_minus_Ch4.npy,2026-03-05,diet,10.0,,37.4,measured,B,0.5810897930378381,-0.23575675296645035,0.039336426664443556,-1.405205094096364,0.01321059478159811,-1.879077628672305,0.006436993844610317,-2.1913169061658966,0.12281684524494482,-0.9107420623870751
10,HF,Cable1,Mouse10_Cable1_HF_2026-03-10_12-49-22_DIFF_Ch3_minus_Ch4.npy,2026-03-10,diet,15.0,,39.13,interpolated,D,0.5800099477602398,-0.23656455778131988,0.045283819037732397,-1.3440569537925668,0.014408599533821476,-1.841378229060449,0.007244562555092503,-2.1399878331941977,0.14395377961463485,-0.8417769279082994
10,HF,Cable1,Mouse10_Cable1_HF_2026-03-16_10-44-00_DIFF_Ch3_minus_Ch4.npy,2026-03-16,diet,21.0,,37.6,measured,D,0.581275250761565,-0.23561816781688127,0.045833894044988686,-1.3388132435536355,0.015422549720006881,-1.8118438209808985,0.007393932084938782,-2.1311245428448413,0.22359331636049123,-0.6505411824991226
10,HF,Cable1,Mouse10_Cable1_HF_2026-03-23_10-51-51_DIFF_Ch3_minus_Ch4.npy,2026-03-23,diet,28.0,,36.5,measured,A,0.7783315518032731,-0.10883536387692332,0.033215493187243185,-1.4786592947230157,0.01295839984890584,-1.8874486234419163,0.006866891947576573,-2.163239786294516,0.12231948294534607,-0.9125043633908446
10,HF,Cable1,Mouse10_Cable1_HF_2026-03-29_12-39-17_DIFF_Ch3_minus_Ch4.npy,2026-03-29,diet,34.0,,35.4,interpolated,B,0.6928687035597912,-0.15934905503006241,0.06829855018291267,-1.165588515267863,0.022147629482788648,-1.6546727505983527,0.01186861934764912,-1.92559979870099,0.38699646106123103,-0.4122930064245163
10,HF,Cable1,Mouse10_Cable1_HF_2026-03-31_11-21-55_DIFF_Ch3_minus_Ch4.npy,2026-03-31,recovery,,1.0,34.87,interpolated,D,0.7998053930563717,-0.0970156717619793,0.03661293581839392,-1.436365445698953,0.009760329810524083,-2.010535506875251,0.004389601550498138,-2.3575748994101486,0.28775119087882445,-0.5409828703357662
10,HF,Cable1,Mouse10_Cable1_HF_2026-04-02_12-22-42_DIFF_Ch3_minus_Ch4.npy,2026-04-02,recovery,,3.0,34.6,measured,A,0.7818554283825362,-0.10687354420388073,0.04519908194897565,-1.3448703861740836,0.018545184261586127,-1.7317688472427568,0.012416927453105424,-1.9059858562725094,0.23314446810122963,-0.6323748847413885
14,HF,Cable1,Mouse14_Cable1_HF_2026-03-03_13-37-05_DIFF_Ch2_minus_Ch3.npy,2026-03-03,diet,8.0,,31.33,interpolated,D,0.31743891079837433,-0.49833983968174717,0.07443452055964753,-1.1282256046210182,0.03694274492017178,-1.4324708387443177,0.021714875122495446,-1.6632426638272912,0.17490815564405765,-0.7571899397001
14,HF,Cable1,Mouse14_Cable1_HF_2026-03-08_12-26-39_DIFF_Ch2_minus_Ch3.npy,2026-03-08,diet,13.0,,29.8,interpolated,B,0.4502725007717151,-0.3465245756392879,0.07015761118886583,-1.1539252067736552,0.029776382606383357,-1.5261280637870092,0.01564714763160725,-1.8055648198271772,0.25092301425086,-0.6004595040748723
14,HF,Cable1,Mouse14_Cable1_HF_2026-03-13_13-50-04_DIFF_Ch2_minus_Ch3.npy,2026-03-13,diet,18.0,,29.73,interpolated,B,0.46509195690817623,-0.3324611709176388,0.04600597028565746,-1.3371858054082362,0.014637577561554331,-1.8345307906751187,0.007514720277100369,-2.1240871806622663,0.12110248370706199,-0.9168469497618988
14,HF,Cable1,Mouse14_Cable1_HF_2026-03-19_14-09-18_DIFF_Ch2_minus_Ch3.npy,2026-03-19,diet,24.0,,27.4,measured,D,0.1771011055514553,-0.7517787277235454,0.08806998514597608,-1.0551720769055764,0.04486448890467672,-1.3480972753585134,0.03117022933544514,-1.5062600023830277,0.1931047056056919,-0.7142071431357467
14,HF,Cable1,Mouse14_Cable1_HF_2026-03-26_11-43-11_DIFF_Ch2_minus_Ch3.npy,2026-03-26,diet,31.0,,26.8,measured,A,0.2090396603539649,-0.6797713089184971,0.10192147543784999,-0.9917342980201198,0.04975511817968977,-1.303162237875722,0.036115219969399634,-1.4423097356090193,0.23371790678790136,-0.6313080119498874
14,HF,Cable1,Mouse14_Cable1_HF_2026-03-29_13-48-59_DIFF_Ch2_minus_Ch3.npy,2026-03-29,diet,34.0,,26.65,interpolated,D,0.3801303454166398,-0.4200674597287647,0.18772150913829744,-0.7264859630478633,0.06980329702500934,-1.1561240638245227,0.019145724108254287,-1.717928203603461,0.33165218309212396,-0.47931713962373096
14,HF,Cable1,Mouse14_Cable1_HF_2026-03-31_11-46-25_DIFF_Ch2_minus_Ch3.npy,2026-03-31,recovery,,1.0,26.87,interpolated,A,0.35988386654022925,-0.4438376221706602,0.14140232738590022,-0.8495434422892227,0.07194281577836283,-1.1430125682818424,0.05299294790662197,-1.2757819207580028,0.2913553614891213,-0.5355769856613
14,HF,Cable1,Mouse14_Cable1_HF_2026-04-02_12-46-08_DIFF_Ch2_minus_Ch3.npy,2026-04-02,recovery,,3.0,27.4,measured,D,0.17782956351586712,-0.74999603749119,0.08502295959387637,-1.0704637815975706,0.04049280818324364,-1.3926221037898252,0.02367333783515041,-1.6257405041668735,0.191240724212201,-0.7184196203372235
17,HF,Cable1,Mouse17_Cable1_HF_2026-02-19_10-59-12_DIFF_Ch2_minus_Ch3.npy,2026-02-19,baseline,,,31.6,baseline,D,0.49160294445315184,-0.30838552457336527,0.016517071100858552,-1.7820669617074043,0.00603433702737499,-2.2193704374421612,0.0028185891843501604,-2.549968218903624,0.07661717110776538,-1.1156738872650795
17,HF,Cable1,Mouse17_Cable1_HF_2026-03-05_11-29-30_DIFF_Ch2_minus_Ch3.npy,2026-03-05,diet,10.0,,37.2,measured,B,0.4217605772463455,-0.37493401702071116,0.10371793937648337,-0.9841461201933959,0.0492566708868628,-1.307534944188414,0.02522805718852085,-1.5981161931920014,0.19781633922863132,-0.7037378394134302
17,HF,Cable1,Mouse17_Cable1_HF_2026-03-10_13-26-40_DIFF_Ch2_minus_Ch3.npy,2026-03-10,diet,15.0,,36.73,interpolated,B,0.32426861154873343,-0.48909508799345996,0.11031280834618042,-0.9573740589911655,0.052782708588755375,-1.2775083273602352,0.02735770599853195,-1.562920321935388,0.23473787518793487,-0.6294168309040926
17,HF,Cable1,Mouse17_Cable1_HF_2026-03-16_11-21-18_DIFF_Ch2_minus_Ch3.npy,2026-03-16,diet,21.0,,37.0,measured,B,0.31790101977718777,-0.4977080789336226,0.09145157291948573,-1.038808820484136,0.04012332951437401,-1.396603035528917,0.021529889896702206,-1.6669581911415357,0.2177677997162408,-0.6620063368823788
17,HF,Cable1,Mouse17_Cable1_HF_2026-03-23_11-29-16_DIFF_Ch2_minus_Ch3.npy,2026-03-23,diet,28.0,,37.0,measured,B,0.7422195486136589,-0.129467611367946,0.02794041687413499,-1.5537671184514055,0.008971444057485478,-2.0471376466190545,0.0038701300982836723,-2.4122744354934853,0.13544484008375182,-0.8682375352291024
17,HF,Cable1,Mouse17_Cable1_HF_2026-03-29_13-25-51_DIFF_Ch2_minus_Ch3.npy,2026-03-29,diet,34.0,,36.38,interpolated,A,0.5148301768368461,-0.28833600479480354,0.12993612454194897,-0.8862700905885504,0.04757017209555013,-1.3226652774215406,0.021434977902643162,-1.6688769598680715,0.6721752372360642,-0.1725174908695538
17,HF,Cable1,Mouse17_Cable1_HF_2026-03-31_12-09-43_DIFF_Ch2_minus_Ch3.npy,2026-03-31,recovery,,1.0,35.77,interpolated,C,0.6183910145453126,-0.2087368295065154,0.03777527181871537,-1.4227924019341802,0.011104882889150479,-1.9544860171122567,0.004715619101037604,-2.326461281820853,0.18316068218143625,-0.7371677476127739
17,HF,Cable1,Mouse17_Cable1_HF_2026-04-02_13-13-00_DIFF_Ch2_minus_Ch3.npy,2026-04-02,recovery,,3.0,35.1,measured,D,0.44581689418658227,-0.35084347799802257,0.0361960845892987,-1.441338405522881,0.009502131410686425,-2.0221789677558637,0.003904011069435723,-2.4084889596047216,0.1837045505807918,-0.7358800855687176
21,HF,Cable1,Mouse21_Cable1_HF_2026-03-03_14-13-44_DIFF_Ch2_minus_Ch3.npy,2026-03-03,diet,8.0,,33.03,interpolated,A,3.1634420363752223,0.5001598813072539,0.010563039148804684,-1.9762111106221252,0.004207643262923345,-2.3759610881298343,0.001100591625175941,-2.9583737962256746,0.0490270873442647,-1.3095639070370682
21,HF,Cable1,Mouse21_Cable1_HF_2026-03-08_13-00-59_DIFF_Ch2_minus_Ch3.npy,2026-03-08,diet,13.0,,33.03,interpolated,B,3.7870729941502894,0.5783036760347869,0.024453930198381345,-1.6116513317837062,0.007704642871626243,-2.1132474870528424,0.0010949508145013114,-2.96060538901604,0.09017716522199455,-1.0449034211451684
21,HF,Cable1,Mouse21_Cable1_HF_2026-03-19_14-50-19_DIFF_Ch2_minus_Ch3.npy,2026-03-19,diet,24.0,,33.3,measured,A,0.21004970120711458,-0.677677931903631,0.04750741292626123,-1.3232386189691476,0.013070280098585534,-1.8837151053064767,0.005884441183758756,-2.2302947736588097,0.2280943658299659,-0.6418854421200022
21,HF,Cable1,Mouse21_Cable1_HF_2026-03-26_12-24-10_DIFF_Ch2_minus_Ch3.npy,2026-03-26,diet,31.0,,33.2,measured,C,1.2799087092918426,0.10717899428482149,0.039267143575748495,-1.4059706896236344,0.0085004116525217,-2.070560042039862,0.0042607572537534735,-2.37051320796299,0.1641145878572174,-0.7848528135580493
21,HF,Cable1,Mouse21_Cable1_HF_2026-03-31_12-34-40_DIFF_Ch2_minus_Ch3.npy,2026-03-31,recovery,,1.0,32.43,interpolated,D,0.49907182633019814,-0.3018369462923393,0.3560747497597009,-0.44845882225058625,0.05083658677536193,-1.2938236161508347,0.02133430230687191,-1.6709215552527634,0.9484924284583389,-0.022966131609148434
21,HF,Cable1,Mouse21_Cable1_HF_2026-04-02_13-36-07_DIFF_Ch2_minus_Ch3.npy,2026-04-02,recovery,,3.0,31.5,measured,A,0.2901504353524983,-0.5373767734673782,0.07970590738366398,-1.0985094897826446,0.017395722215495825,-1.759557536005583,0.007312793720784095,-2.1359166769775992,0.3297856008344917,-0.4817683105309257
22,HF,Cable1,Mouse22_Cable1_HF_2026-02-19_12-28-09_DIFF_Ch1_minus_Ch4.npy,2026-02-19,baseline,,,31.0,baseline,B,2.494527911938804,0.39698836773929486,0.01313152764453955,-1.8816847477108598,0.0051843369090510795,-2.285306783181563,0.0014276959925978632,-2.8453642595017365,0.05919215367185301,-1.2277358581902396
22,HF,Cable1,Mouse22_Cable1_HF_2026-03-05_12-08-47_DIFF_Ch1_minus_Ch4.npy,2026-03-05,diet,10.0,,32.0,measured,D,1.1066798807991034,0.04402201463847493,0.035838923279096414,-1.4456450464700477,0.010015730626574647,-1.9993173643418503,0.002865439641682859,-2.542808735194419,0.2282074782286131,-0.6416701281026991
22,HF,Cable1,Mouse22_Cable1_HF_2026-03-10_14-11-08_DIFF_Ch1_minus_Ch4.npy,2026-03-10,diet,15.0,,29.77,interpolated,D,1.2604109330723763,0.10051216168096067,0.022094253780394486,-1.6557206618785463,0.008341605335923838,-2.0787503616593472,0.0029028226719502873,-2.5371794936019145,0.0741648677087168,-1.1298017736092667
22,HF,Cable1,Mouse22_Cable1_HF_2026-03-27_10-00-03_DIFF_Ch1_minus_Ch4.npy,2026-03-27,diet,32.0,,29.38,interpolated,B,3.537034975879046,0.5486393543457572,0.007737323532640485,-2.111409242937826,0.0035176874470109094,-2.453742751026557,0.0005276754649475177,-3.277633098518769,0.04409963062058493,-1.3555650481764592
22,HF,Cable1,Mouse22_Cable1_HF_2026-03-29_14-23-37_DIFF_Ch1_minus_Ch4.npy,2026-03-29,diet,34.0,,29.72,interpolated,D,4.310128682691327,0.6344902365988954,0.007036860888220532,-2.15262103446008,0.0029633169511754987,-2.528221894660725,0.0004751291464147239,-3.3231883273184866,0.049907135902074594,-1.3018373529472549
22,HF,Cable1,Mouse22_Cable1_HF_2026-03-31_12-58-34_DIFF_Ch1_minus_Ch4.npy,2026-03-31,recovery,,1.0,29.9,interpolated,D,3.679605652241915,0.5658012773060739,0.006907679913573909,-2.1606677948725697,0.0027404202547057247,-2.5621828312291317,0.0005225214270913803,-3.281895895692032,0.04466979001096573,-1.3499860891062496
22,HF,Cable1,Mouse22_Cable1_HF_2026-04-02_13-59-00_DIFF_Ch1_minus_Ch4.npy,2026-04-02,recovery,,3.0,29.9,measured,D,4.397536748432232,0.6432094773676235,0.007456555445669009,-2.127461748453939,0.0034587999898415185,-2.461074550971936,0.0005067804910343068,-3.295180112019115,0.04869629596983192,-1.3125040716609502
23,HF,Cable1,Mouse23_Cable1_HF_2026-03-29_15-33-15_DIFF_Ch2_minus_Ch3.npy,2026-03-29,diet,34.0,,27.2,interpolated,C,0.4745834190615918,-0.3236874391819921,0.06444949210282702,-1.190780500774639,0.027201048066650524,-1.5654143621130825,0.015001133685601043,-1.8238759186245932,0.32714749442830277,-0.4852564015466642
23,HF,Cable1,Mouse23_Cable1_HF_2026-04-02_14-21-56_DIFF_Ch2_minus_Ch3.npy,2026-04-02,recovery,,3.0,26.9,measured,B,0.4517795393627397,-0.345073441727017,0.10109380401671447,-0.995275461261724,0.0330229280107279,-1.4811844222141781,0.01735251152483589,-1.7606376584846886,0.585539416718612,-0.23244386423432728
25,HF,Cable1,Mouse25_Cable1_HF_2026-02-21_13-15-00_DIFF_Ch2_minus_Ch3.npy,2026-02-21,baseline,,,32.2,baseline,B,0.5461165024487641,-0.26271469983480883,0.026826742059409357,-1.5714320664832284,0.010727933221773369,-1.9694839385033627,0.005222324983214975,-2.282136105698561,0.10827651069701291,-0.9654657481864407
25,HF,Cable1,Mouse25_Cable1_HF_2026-03-23_12-06-54_DIFF_Ch2_minus_Ch3.npy,2026-03-23,diet,28.0,,33.1,measured,B,0.4609337366868915,-0.3363615038070284,0.042303859630647055,-1.3736200075700091,0.018474449644728556,-1.7334284904063488,0.008834328627467617,-2.053826449492251,0.13554591801536195,-0.8679135567267791
25,HF,Cable1,Mouse25_Cable1_HF_2026-03-29_15-09-30_DIFF_Ch2_minus_Ch3.npy,2026-03-29,diet,34.0,,32.1,interpolated,D,0.24469247793929536,-0.6113793810350847,0.09799450916949025,-1.0087982580238137,0.04369348727166382,-1.359583291925794,0.023439534613310102,-1.6300510153876429,0.2582264469036305,-0.5879992804424895
25,HF,Cable1,Mouse25_Cable1_HF_2026-03-31_13-36-44_DIFF_Ch2_minus_Ch3.npy,2026-03-31,recovery,,1.0,31.47,interpolated,A,0.6824389395349676,-0.1659362005646201,0.05922159795492278,-1.2275198783779513,0.01179713021860213,-1.928223626745131,0.003923405000182978,-2.406336858766695,0.2605626104024863,-0.5840879035155024
25,HF,Cable1,Mouse25_Cable1_HF_2026-04-02_14-33-12_DIFF_Ch2_minus_Ch3.npy,2026-04-02,recovery,,3.0,30.4,measured,B,0.9343143174981532,-0.029506995942246227,0.0645415152648861,-1.1901608427211794,0.01297028216551895,-1.8870505758361276,0.004169386203632651,-2.3799278750012607,0.25871098618999905,-0.5871851285297394
