outcome,term,beta,se,ci_lo,ci_hi,p_wald,converged,n_obs,n_mice,p_bh
log_delta_abs,Intercept,4.666543091512646,0.8094145366920933,3.080119751032969,6.2529664319923235,8.149751034731374e-09,True,163,19,
log_delta_abs,"C(group, Treatment(reference='CTRL'))[T.HF]",-0.1897849189926466,0.18585894789055632,-0.5540617630626437,0.17449192507735045,0.3071959825056976,True,163,19,0.7912371643805568
log_delta_abs,"C(estrous_phase, Treatment(reference='A'))[T.B]",0.16698979782203738,0.1661791117835589,-0.15871527625659376,0.4926948719006685,0.314955412687664,True,163,19,
log_delta_abs,"C(estrous_phase, Treatment(reference='A'))[T.C]",-0.046490206224300654,0.19824332494037428,-0.43503998328290533,0.342059570834304,0.8145884282202343,True,163,19,
log_delta_abs,"C(estrous_phase, Treatment(reference='A'))[T.D]",-0.055374993145433996,0.1607210565556906,-0.3703824755518127,0.25963248926094473,0.7304394695966543,True,163,19,
log_delta_abs,"C(cable, Treatment(reference='Cable1'))[T.Cable3]",0.7082683360401648,0.11350113645229092,0.48581019638930834,0.9307264756910213,4.3704760419263314e-10,True,163,19,
log_delta_abs,body_weight,0.031725389249853284,0.024641109391332492,-0.016570297696270095,0.08002107619597666,0.1979206221971903,True,163,19,
log_delta_abs,days_on_diet,0.03343303458780339,0.0068639013872781734,0.019980035075303656,0.04688603410030312,1.111191341992356e-06,True,163,19,
log_theta_abs,Intercept,4.483118038354132,1.0344652261802676,2.4556034517817262,6.5106326249265365,1.4658782640963006e-05,True,163,19,
log_theta_abs,"C(group, Treatment(reference='CTRL'))[T.HF]",-0.14634257107921567,0.25402654345381,-0.6442254473658823,0.35154030520745094,0.564553233710037,True,163,19,0.8490088727263018
log_theta_abs,"C(estrous_phase, Treatment(reference='A'))[T.B]",0.23261892796347236,0.1282920466726001,-0.01882886301775552,0.4840667189447002,0.06980123350327327,True,163,19,
log_theta_abs,"C(estrous_phase, Treatment(reference='A'))[T.C]",0.014620292318611545,0.15407117248238777,-0.2873536568027271,0.31659424143995024,0.9243997313078077,True,163,19,
log_theta_abs,"C(estrous_phase, Treatment(reference='A'))[T.D]",0.027452718944673375,0.12280516416370987,-0.2132409799317269,0.2681464178210736,0.8231098526840068,True,163,19,
log_theta_abs,"C(cable, Treatment(reference='Cable1'))[T.Cable3]",0.3886035715925266,0.08676632543786109,0.21854469866343734,0.558662444521616,7.508589574479601e-06,True,163,19,
log_theta_abs,body_weight,0.04064918682267281,0.032175477927380416,-0.022413591100356275,0.10371196474570189,0.2064601112341815,True,163,19,
log_theta_abs,days_on_diet,0.015472574497214597,0.005709576830910291,0.0042820095416660885,0.026663139452763107,0.006729666475728398,True,163,19,
log_beta_abs,Intercept,4.1553825839397085,0.8330045122820898,2.5227237409074594,5.788041426971958,6.087275987685171e-07,True,163,19,
log_beta_abs,"C(group, Treatment(reference='CTRL'))[T.HF]",-0.03793098881441537,0.200137301697916,-0.4301928921053577,0.354330914476527,0.8496814933397882,True,163,19,0.9087963609409394
log_beta_abs,"C(estrous_phase, Treatment(reference='A'))[T.B]",0.1297669546484158,0.11490495560656908,-0.09544261998563333,0.3549765292824649,0.258753728199163,True,163,19,
log_beta_abs,"C(estrous_phase, Treatment(reference='A'))[T.C]",0.042232833467296754,0.13801091906534613,-0.22826359737405397,0.31272926430864745,0.7595964133137423,True,163,19,
log_beta_abs,"C(estrous_phase, Treatment(reference='A'))[T.D]",-0.005757105677174849,0.11027848842573545,-0.22189897126113356,0.21038475990678385,0.9583652247490324,True,163,19,
log_beta_abs,"C(cable, Treatment(reference='Cable1'))[T.Cable3]",0.2599010757814819,0.07791422480640503,0.10719200127757078,0.41261015028539305,0.0008507473083084398,True,163,19,
log_beta_abs,body_weight,0.023344750802561483,0.025849149111338603,-0.027318650486667723,0.0740081520917907,0.36646493558375504,True,163,19,
log_beta_abs,days_on_diet,0.015137093726736852,0.005008980789894901,0.005319671779289855,0.02495451567418385,0.0025111820304443318,True,163,19,
log_low_gamma_abs,Intercept,3.4362430630510605,0.7641872232604272,1.9384636280149536,4.934022498087168,6.904922395401189e-06,True,163,19,
log_low_gamma_abs,"C(group, Treatment(reference='CTRL'))[T.HF]",-0.15119717505106853,0.1852737542411899,-0.5143270606443258,0.21193271054218873,0.4144575622945774,True,163,19,0.7912371643805568
log_low_gamma_abs,"C(estrous_phase, Treatment(reference='A'))[T.B]",0.1512168753576401,0.10023349728315632,-0.045237169361839635,0.34767092007711986,0.13138924505282462,True,163,19,
log_low_gamma_abs,"C(estrous_phase, Treatment(reference='A'))[T.C]",0.08918212630717291,0.12041612751186945,-0.14682914677387393,0.3251933993882198,0.4589262252911189,True,163,19,
log_low_gamma_abs,"C(estrous_phase, Treatment(reference='A'))[T.D]",0.015558982639985168,0.09614201984063704,-0.17287591364859872,0.20399387892856907,0.8714371102330429,True,163,19,
log_low_gamma_abs,"C(cable, Treatment(reference='Cable1'))[T.Cable3]",0.24000120798205232,0.06784722320965117,0.10702309404008598,0.37297932192401867,0.00040412234390959544,True,163,19,
log_low_gamma_abs,body_weight,0.034467892873409255,0.023748197953630083,-0.012077719813433523,0.08101350556025202,0.14667134141361785,True,163,19,
log_low_gamma_abs,days_on_diet,0.01026945097413936,0.004403604210543068,0.0016385453193060086,0.018900356628972714,0.019697753076086344,True,163,19,
log_high_gamma_abs,Intercept,3.193200520375233,0.6957944106941677,1.8294685347703934,4.556932505980073,4.447617259120761e-06,True,163,19,
log_high_gamma_abs,"C(group, Treatment(reference='CTRL'))[T.HF]",-0.16918352785950105,0.17051284692404514,-0.5033825667320209,0.16501551101301878,0.32109802425682965,True,163,19,0.7912371643805568
log_high_gamma_abs,"C(estrous_phase, Treatment(reference='A'))[T.B]",0.15624592512647936,0.08656926886408721,-0.01342672401509623,0.32591857426805493,0.0710956622194572,True,163,19,
log_high_gamma_abs,"C(estrous_phase, Treatment(reference='A'))[T.C]",0.049872560653755914,0.1039915013555688,-0.15394703670140714,0.253692158008919,0.6315239063332189,True,163,19,
log_high_gamma_abs,"C(estrous_phase, Treatment(reference='A'))[T.D]",0.03232964478375931,0.08294296450637136,-0.13023557841971256,0.1948948679872312,0.6966980208128019,True,163,19,
log_high_gamma_abs,"C(cable, Treatment(reference='Cable1'))[T.Cable3]",0.24825686827969848,0.05853451948557123,0.13353131823562087,0.3629824183237761,2.2232343977032526e-05,True,163,19,
log_high_gamma_abs,body_weight,0.029458260213723775,0.02164862383909344,-0.012972262825754602,0.07188878325320215,0.17359423627186743,True,163,19,
log_high_gamma_abs,days_on_diet,0.0091084063844323,0.0038417986665623314,0.001578619362116126,0.016638193406748474,0.017746256944551893,True,163,19,
log_fast_gamma_abs,Intercept,2.694138748790666,0.6149317240709012,1.4888947166605775,3.899382780920755,1.1802757549951005e-05,True,163,19,
log_fast_gamma_abs,"C(group, Treatment(reference='CTRL'))[T.HF]",-0.21603755435522046,0.14906272590155026,-0.5081951285596248,0.0761200198491839,0.14725205011461753,True,163,19,0.7730732631017421
log_fast_gamma_abs,"C(estrous_phase, Treatment(reference='A'))[T.B]",0.12648063708382723,0.07947448969376404,-0.029286500405650007,0.28224777457330447,0.11150562164109512,True,163,19,
log_fast_gamma_abs,"C(estrous_phase, Treatment(reference='A'))[T.C]",0.04772255333713206,0.09533124835036315,-0.13912326003082315,0.2345683667050873,0.6166546530641633,True,163,19,
log_fast_gamma_abs,"C(estrous_phase, Treatment(reference='A'))[T.D]",0.00977233170535913,0.07627094425296184,-0.1397159720973083,0.15926063550802655,0.8980488382863854,True,163,19,
log_fast_gamma_abs,"C(cable, Treatment(reference='Cable1'))[T.Cable3]",0.27125275826527456,0.05367486661445377,0.16605195282595384,0.37645356370459526,4.334976961569488e-07,True,163,19,
log_fast_gamma_abs,body_weight,0.035643010802200455,0.019118882559408825,-0.0018293104388918124,0.07311533204329272,0.06228195033793009,True,163,19,
log_fast_gamma_abs,days_on_diet,0.008635870500324116,0.003492163618716705,0.001791355579518309,0.015480385421129922,0.013401099852520703,True,163,19,
log_theta_delta,Intercept,0.30942150666364726,0.6475077529168288,-0.9596703687637975,1.578513382091092,0.632746058334047,True,163,19,
log_theta_delta,"C(group, Treatment(reference='CTRL'))[T.HF]",0.1093145755136807,0.1560570420881681,-0.19655160651298012,0.41518075754034156,0.4836286364667969,True,163,19,0.8463501138168946
log_theta_delta,"C(estrous_phase, Treatment(reference='A'))[T.B]",0.017046562262529152,0.08435474266250974,-0.14828569528113433,0.18237881980619264,0.8398527385191346,True,163,19,
log_theta_delta,"C(estrous_phase, Treatment(reference='A'))[T.C]",0.040120458395118824,0.10118284002717357,-0.15819426391161914,0.2384351807018568,0.6917255483435913,True,163,19,
log_theta_delta,"C(estrous_phase, Treatment(reference='A'))[T.D]",0.020186063415165396,0.08062097342373578,-0.13782814089391757,0.17820026772424838,0.8022917291689117,True,163,19,
log_theta_delta,"C(cable, Treatment(reference='Cable1'))[T.Cable3]",-0.3233774982160316,0.0571504585324436,-0.4353903386395709,-0.21136465779249233,1.5283207573749217e-08,True,163,19,
log_theta_delta,body_weight,-0.005414658267039106,0.02016816383085275,-0.044943533009813866,0.03411421647573565,0.7883333158093911,True,163,19,
log_theta_delta,days_on_diet,-0.019207900839501062,0.003701463399163136,-0.026462635791954014,-0.01195316588704811,2.11117682839268e-07,True,163,19,
log_beta_delta,Intercept,-0.42826261822984835,0.47830816603134385,-1.3657293971626867,0.5092041607029901,0.37058951571684595,True,163,19,
log_beta_delta,"C(group, Treatment(reference='CTRL'))[T.HF]",0.14472109433168306,0.10989377229764713,-0.07066674149695082,0.360108930160317,0.18786608933466398,True,163,19,0.7890375752055887
log_beta_delta,"C(estrous_phase, Treatment(reference='A'))[T.B]",-0.04915367569873799,0.10443588986334336,-0.2538442585242827,0.1555369071268067,0.6378843755030634,True,163,19,
log_beta_delta,"C(estrous_phase, Treatment(reference='A'))[T.C]",0.06407849998435815,0.12491875915488253,-0.18075776895264478,0.30891476892136105,0.6079783309764428,True,163,19,
log_beta_delta,"C(estrous_phase, Treatment(reference='A'))[T.D]",0.0016588692654625479,0.09908658604800193,-0.19254727073965022,0.19586500927057532,0.9866427495263025,True,163,19,
log_beta_delta,"C(cable, Treatment(reference='Cable1'))[T.Cable3]",-0.46207020944404226,0.0719350655123971,-0.6030603470738699,-0.3210800718142146,1.3323314884544207e-10,True,163,19,
log_beta_delta,body_weight,-0.009925167759402078,0.01455458750807142,-0.03845163508505864,0.01860129956625448,0.49528504372138815,True,163,19,
log_beta_delta,days_on_diet,-0.01871691304367612,0.004304102974829718,-0.02715279986009407,-0.010281026227258168,1.3699615973139349e-05,True,163,19,
log_low_gamma_delta,Intercept,-1.0804704790527928,0.46696488372689643,-1.9957048332024439,-0.16523612490314188,0.020677857329876308,True,163,19,
log_low_gamma_delta,"C(group, Treatment(reference='CTRL'))[T.HF]",0.06109964758007028,0.1064558247795447,-0.14754993493234397,0.2697492300924845,0.5660059151508678,True,163,19,0.8490088727263018
log_low_gamma_delta,"C(estrous_phase, Treatment(reference='A'))[T.B]",-0.03159154332605096,0.11172195770388993,-0.25056255670798244,0.18737947005588054,0.7773536649380995,True,163,19,
log_low_gamma_delta,"C(estrous_phase, Treatment(reference='A'))[T.C]",0.09192673454175998,0.13519723135218042,-0.17305496971804307,0.35690843880156303,0.4965390382196856,True,163,19,
log_low_gamma_delta,"C(estrous_phase, Treatment(reference='A'))[T.D]",0.019860886337369096,0.10627490950638357,-0.18843410875539612,0.22815588143013432,0.8517530145224359,True,163,19,
log_low_gamma_delta,"C(cable, Treatment(reference='Cable1'))[T.Cable3]",-0.4856338901621085,0.07786528344828351,-0.6382470413667469,-0.33302073895747003,4.46477154215004e-10,True,163,19,
log_low_gamma_delta,body_weight,-0.0013716144593808285,0.014071207695179657,-0.02895067476091582,0.02620744584215416,0.9223478611746753,True,163,19,
log_low_gamma_delta,days_on_diet,-0.023329013447102257,0.004615840364832882,-0.03237589432056093,-0.014282132573643585,4.32378552020918e-07,True,163,19,
log_high_gamma_delta,Intercept,-1.3055680127876703,0.4881665476285169,-2.2623568645968204,-0.34877916097852024,0.007485605751132779,True,163,19,
log_high_gamma_delta,"C(group, Treatment(reference='CTRL'))[T.HF]",0.05300587377870571,0.11113096199886321,-0.16480680930635555,0.270818556863767,0.6333851578671378,True,163,19,0.8726332648506514
log_high_gamma_delta,"C(estrous_phase, Treatment(reference='A'))[T.B]",-0.02808092960996278,0.11672200072017684,-0.2568518472249677,0.2006899880050421,0.8098809801944449,True,163,19,
log_high_gamma_delta,"C(estrous_phase, Treatment(reference='A'))[T.C]",0.057615985880294346,0.14082232742940523,-0.2183907041004469,0.33362267586103556,0.6824372418857867,True,163,19,
log_high_gamma_delta,"C(estrous_phase, Treatment(reference='A'))[T.D]",0.044083727282433774,0.1113256130686196,-0.1741104648889022,0.26227791945376977,0.6921130828619495,True,163,19,
log_high_gamma_delta,"C(cable, Treatment(reference='Cable1'))[T.Cable3]",-0.477299589193947,0.08132885709193548,-0.6367012199979455,-0.3178979583899485,4.390649618737865e-09,True,163,19,
log_high_gamma_delta,body_weight,-0.007150786487652308,0.014693664545835074,-0.03594983979840214,0.021648266823097527,0.6265008542203643,True,163,19,
log_high_gamma_delta,days_on_diet,-0.02453800710603808,0.0048269437170115025,-0.03399864294678252,-0.015077371265293639,3.7044606491470336e-07,True,163,19,
log_fast_gamma_delta,Intercept,-1.7315650881650748,0.49609515383422303,-2.7038937225850095,-0.7592364537451399,0.0004823178545761459,True,163,19,
log_fast_gamma_delta,"C(group, Treatment(reference='CTRL'))[T.HF]",0.021075641925126332,0.11427165943673438,-0.20289269502449964,0.24504397887475232,0.8536725688195079,True,163,19,0.9087963609409394
log_fast_gamma_delta,"C(estrous_phase, Treatment(reference='A'))[T.B]",-0.07333826499044167,0.11444143113191067,-0.2976393483482075,0.15096281836732417,0.5216288090343595,True,163,19,
log_fast_gamma_delta,"C(estrous_phase, Treatment(reference='A'))[T.C]",0.05156224698623519,0.13909785979044803,-0.22106454852964513,0.3241890425021155,0.7108681108855628,True,163,19,
log_fast_gamma_delta,"C(estrous_phase, Treatment(reference='A'))[T.D]",0.011895229750198924,0.10963829411517786,-0.20299187804195945,0.22678233754235727,0.9136028799091632,True,163,19,
log_fast_gamma_delta,"C(cable, Treatment(reference='Cable1'))[T.Cable3]",-0.4495844090683077,0.079823197745971,-0.6060350017812297,-0.2931338163553857,1.7787095202553228e-08,True,163,19,
log_fast_gamma_delta,body_weight,-0.00328209441960249,0.015004063081245848,-0.03268951768061142,0.026125328841406444,0.8268471019271699,True,163,19,
log_fast_gamma_delta,days_on_diet,-0.02483502530745968,0.004763019589343367,-0.03417037216023144,-0.015499678454687922,1.846773274636438e-07,True,163,19,
log_beta_theta,Intercept,-0.38970933325276663,0.422311928048528,-1.2174255024695522,0.43800683596401896,0.3561115814785839,True,163,19,
log_beta_theta,"C(group, Treatment(reference='CTRL'))[T.HF]",0.10035618373693142,0.10497629517872942,-0.10539357404382396,0.3061059415176868,0.33907779057484166,True,163,19,0.7912371643805568
log_beta_theta,"C(estrous_phase, Treatment(reference='A'))[T.B]",-0.10087999362549745,0.05029250975899905,-0.19945150144526477,-0.0023084858057301205,0.04487063524706859,True,163,19,
log_beta_theta,"C(estrous_phase, Treatment(reference='A'))[T.C]",0.031604856716864214,0.06038591492057598,-0.08674936170096459,0.14995907513469303,0.6007089570821345,True,163,19,
log_beta_theta,"C(estrous_phase, Treatment(reference='A'))[T.D]",-0.026410835321747806,0.04807373218410621,-0.12063361900502005,0.06781194836152445,0.582743435710301,True,163,19,
log_beta_theta,"C(cable, Treatment(reference='Cable1'))[T.Cable3]",-0.1275311500207614,0.03398813214629383,-0.19414666492928534,-0.06091563511223745,0.0001752714132789009,True,163,19,
log_beta_theta,body_weight,-0.01544152326063901,0.013154269836578981,-0.0412234183832554,0.010340371861977374,0.24044342985822575,True,163,19,
log_beta_theta,days_on_diet,-0.00019114627216285562,0.002256588334496723,-0.004613978135709657,0.004231685591383947,0.9324952312514924,True,163,19,
log_low_gamma_theta,Intercept,-1.080747640813741,0.5271428352400227,-2.113928612592517,-0.04756666903496498,0.04034502902951004,True,163,19,
log_low_gamma_theta,"C(group, Treatment(reference='CTRL'))[T.HF]",-0.01145614160392697,0.13072389810112842,-0.26767027380082264,0.24475799059296868,0.9301658541909035,True,163,19,0.9301658541909035
log_low_gamma_theta,"C(estrous_phase, Treatment(reference='A'))[T.B]",-0.07970476620600121,0.0633870168937811,-0.20394103640524414,0.0445315039932417,0.20859780296465813,True,163,19,
log_low_gamma_theta,"C(estrous_phase, Treatment(reference='A'))[T.C]",0.07750244083039606,0.07612134676591001,-0.07169265728547208,0.2266975389462642,0.3086098501809076,True,163,19,
log_low_gamma_theta,"C(estrous_phase, Treatment(reference='A'))[T.D]",-0.008394595992886862,0.06060442219950822,-0.1271770808077827,0.11038788882200898,0.8898337487412532,True,163,19,
log_low_gamma_theta,"C(cable, Treatment(reference='Cable1'))[T.Cable3]",-0.14808016302574967,0.04285280710746222,-0.23207012159281765,-0.06409020445868167,0.0005491644121933026,True,163,19,
log_low_gamma_theta,body_weight,-0.005097935757545016,0.01641558431963068,-0.0372718898092016,0.027076018294111562,0.7561392207594853,True,163,19,
log_low_gamma_theta,days_on_diet,-0.005178789629956483,0.00284119055674675,-0.010747420794395418,0.0003898415344824515,0.06834075475850886,True,163,19,
log_high_gamma_theta,Intercept,-1.2925309967563412,0.5676838196178049,-2.4051708378133716,-0.17989115569931102,0.022795174857309083,True,163,19,
log_high_gamma_theta,"C(group, Treatment(reference='CTRL'))[T.HF]",-0.023784810366096414,0.14044659439121707,-0.29905507712418705,0.2514854563919942,0.8655203437532756,True,163,19,0.9087963609409394
log_high_gamma_theta,"C(estrous_phase, Treatment(reference='A'))[T.B]",-0.07625509646597048,0.06889543533811486,-0.21128766842788374,0.05877747549594278,0.26837018566423454,True,163,19,
log_high_gamma_theta,"C(estrous_phase, Treatment(reference='A'))[T.C]",0.035464352054079565,0.0827316418659988,-0.1266866863851442,0.1976153904933033,0.6681653388728386,True,163,19,
log_high_gamma_theta,"C(estrous_phase, Treatment(reference='A'))[T.D]",0.005032268729250185,0.06587414517084263,-0.1240786833179645,0.13414322077646487,0.9391071008586732,True,163,19,
log_high_gamma_theta,"C(cable, Treatment(reference='Cable1'))[T.Cable3]",-0.14036790095862134,0.0465835828412438,-0.23167004559829724,-0.04906575631894544,0.0025846736262806385,True,163,19,
log_high_gamma_theta,body_weight,-0.011068158173772035,0.01767443396091369,-0.04570941218429447,0.023573095836750407,0.5311678997639293,True,163,19,
log_high_gamma_theta,days_on_diet,-0.006396314370704177,0.0030818171167025766,-0.0124365649263803,-0.00035606381502805394,0.037940130389876384,True,163,19,
log_fast_gamma_theta,Intercept,-1.8343219533643262,0.7165763836105968,-3.238785857413054,-0.42985804931559857,0.010471991670207778,True,163,19,
log_fast_gamma_theta,"C(group, Treatment(reference='CTRL'))[T.HF]",-0.07826805894556521,0.18314267835183706,-0.4372211125473693,0.28068499465623886,0.6691163263140003,True,163,19,0.8726332648506514
log_fast_gamma_theta,"C(estrous_phase, Treatment(reference='A'))[T.B]",-0.10260300041918173,0.07778452016934119,-0.2550578585058199,0.04985185766745644,0.18714668533718115,True,163,19,
log_fast_gamma_theta,"C(estrous_phase, Treatment(reference='A'))[T.C]",0.03465991220525139,0.09343978000228559,-0.14847869132257432,0.2177985157330771,0.7106873214051435,True,163,19,
log_fast_gamma_theta,"C(estrous_phase, Treatment(reference='A'))[T.D]",-0.01401509089791263,0.074349493554781,-0.15973742053407627,0.131707238738251,0.8504824872100498,True,163,19,
log_fast_gamma_theta,"C(cable, Treatment(reference='Cable1'))[T.Cable3]",-0.1177883231884087,0.05249384720839248,-0.22067437312680643,-0.014902273250010992,0.024842049043508195,True,163,19,
log_fast_gamma_theta,body_weight,-0.003338278250165723,0.02234765029500479,-0.04713886796747103,0.040462311467139585,0.8812542778500967,True,163,19,
log_fast_gamma_theta,days_on_diet,-0.007017884394073047,0.003560704579834632,-0.013996737130135752,-3.903165801034253e-05,0.04873236770706204,True,163,19,
log_low_gamma_beta,Intercept,-0.6905084683988905,0.22716054508308328,-1.135734955470221,-0.24528198132755996,0.002367842856257723,True,163,19,
log_low_gamma_beta,"C(group, Treatment(reference='CTRL'))[T.HF]",-0.10791493146287484,0.05478522115795897,-0.21529199181753617,-0.0005378711082135029,0.04886338348306649,True,163,19,0.7730732631017421
log_low_gamma_beta,"C(estrous_phase, Treatment(reference='A'))[T.B]",0.019594089799590902,0.03192503979441176,-0.042977838402464164,0.08216601800164597,0.5393785419707585,True,163,19,
log_low_gamma_beta,"C(estrous_phase, Treatment(reference='A'))[T.C]",0.04426145170567951,0.038322356411238434,-0.030848986663055453,0.11937189007441447,0.24809972271369252,True,163,19,
log_low_gamma_beta,"C(estrous_phase, Treatment(reference='A'))[T.D]",0.01795641749194969,0.03049758969268763,-0.04181775992099804,0.07773059490489742,0.5560078380907008,True,163,19,
log_low_gamma_beta,"C(cable, Treatment(reference='Cable1'))[T.Cable3]",-0.02057484735035611,0.0216305641680324,-0.06296997408498221,0.021820279384269992,0.34150626745154966,True,163,19,
log_low_gamma_beta,body_weight,0.01024894082124624,0.007053281150605568,-0.003575236206775906,0.024073117849268383,0.1462031552581275,True,163,19,
log_low_gamma_beta,days_on_diet,-0.004921480705411988,0.0013875285290077552,-0.007640986649789028,-0.0022019747610349484,0.00038973305789884735,True,163,19,
log_high_gamma_beta,Intercept,-0.9038920908208528,0.3144614635024812,-1.5202252338114728,-0.28755894783023284,0.004047793850484406,True,163,19,
log_high_gamma_beta,"C(group, Treatment(reference='CTRL'))[T.HF]",-0.11772465069337053,0.0750060490873848,-0.26473380552728815,0.029284504140547077,0.11652323313712337,True,163,19,0.7730732631017421
log_high_gamma_beta,"C(estrous_phase, Treatment(reference='A'))[T.B]",0.022250595641961798,0.047709380747296005,-0.07125807234744702,0.11575926363137062,0.6409451050007577,True,163,19,
log_high_gamma_beta,"C(estrous_phase, Treatment(reference='A'))[T.C]",0.0027468861880150836,0.05726511344775113,-0.10949067374017746,0.11498444611620762,0.9617418398103612,True,163,19,
log_high_gamma_beta,"C(estrous_phase, Treatment(reference='A'))[T.D]",0.03334396636498075,0.045641326785882216,-0.05611139034197166,0.12279932307193317,0.465044756808051,True,163,19,
log_high_gamma_beta,"C(cable, Treatment(reference='Cable1'))[T.Cable3]",-0.012993000807373423,0.03242074228344436,-0.07653648803497924,0.050550486420232396,0.6885953748265582,True,163,19,
log_high_gamma_beta,body_weight,0.00424578310917921,0.009741709180410424,-0.01484761603228843,0.02333918225064685,0.6629560540368998,True,163,19,
log_high_gamma_beta,days_on_diet,-0.006107152959120268,0.0020496516442478196,-0.010124396362699298,-0.002089909555541238,0.002886199852264166,True,163,19,
log_fast_gamma_beta,Intercept,-1.4302416749405489,0.465585231616009,-2.3427719606416657,-0.5177113892394319,0.002126850501999469,True,163,19,
log_fast_gamma_beta,"C(group, Treatment(reference='CTRL'))[T.HF]",-0.17495072000525536,0.11430153473451743,-0.3989776114625635,0.049076171452052814,0.12586657049747849,True,163,19,0.7730732631017421
log_fast_gamma_beta,"C(estrous_phase, Treatment(reference='A'))[T.B]",-0.003906753267965926,0.05857065164720081,-0.1187031210475211,0.11088961451158925,0.9468193000879793,True,163,19,
log_fast_gamma_beta,"C(estrous_phase, Treatment(reference='A'))[T.C]",0.0032518164444928135,0.07024264747366077,-0.1344212427826257,0.14092487567161135,0.9630758837923373,True,163,19,
log_fast_gamma_beta,"C(estrous_phase, Treatment(reference='A'))[T.D]",0.011618615587549648,0.05593792834608142,-0.09801770934055212,0.12125494051565142,0.8354589200056012,True,163,19,
log_fast_gamma_beta,"C(cable, Treatment(reference='Cable1'))[T.Cable3]",0.010418927539110822,0.03958102359887107,-0.06715845318590644,0.08799630826412808,0.7923730230741541,True,163,19,
log_fast_gamma_beta,body_weight,0.011436483714277901,0.014489434438571187,-0.016962285941675963,0.03983525337023176,0.42993777098527663,True,163,19,
log_fast_gamma_beta,days_on_diet,-0.006635437272871754,0.0025950140575051613,-0.011721571364957023,-0.0015493031807864849,0.01055808166313633,True,163,19,
log_high_gamma_low_gamma,Intercept,-0.22429486044255947,0.1207886479240398,-0.46103626011496623,0.012446539229847314,0.06332253156152373,True,163,19,
log_high_gamma_low_gamma,"C(group, Treatment(reference='CTRL'))[T.HF]",-0.010541753115794451,0.027986562036646737,-0.065394406758718,0.0443109005271291,0.7064174048790988,True,163,19,0.8726332648506514
log_high_gamma_low_gamma,"C(estrous_phase, Treatment(reference='A'))[T.B]",0.003708570689046123,0.02496762107141113,-0.04522706739056305,0.05264420876865529,0.8819204053143382,True,163,19,
log_high_gamma_low_gamma,"C(estrous_phase, Treatment(reference='A'))[T.C]",-0.037165750178317046,0.03016768830999693,-0.09629333276274105,0.021961832406106947,0.21795950809234388,True,163,19,
log_high_gamma_low_gamma,"C(estrous_phase, Treatment(reference='A'))[T.D]",0.020441676363758297,0.024072907917868244,-0.026740356158412564,0.06762370888592915,0.3957939806944435,True,163,19,
log_high_gamma_low_gamma,"C(cable, Treatment(reference='Cable1'))[T.Cable3]",0.007825426073225923,0.017260789636604938,-0.02600509995924196,0.041655952105693804,0.6502864278485232,True,163,19,
log_high_gamma_low_gamma,body_weight,-0.005713459290369322,0.0036849538204027747,-0.012935836063052038,0.0015089174823133952,0.12102556326596624,True,163,19,
log_high_gamma_low_gamma,days_on_diet,-0.001216142724203449,0.0010422850460834634,-0.0032589838761517076,0.0008266984277448097,0.24328939049532938,True,163,19,
log_fast_gamma_low_gamma,Intercept,-0.738387091323764,0.296049451169602,-1.3186333532590333,-0.15814082938849472,0.012626475996616033,True,163,19,
log_fast_gamma_low_gamma,"C(group, Treatment(reference='CTRL'))[T.HF]",-0.06404730565544116,0.0726861830480409,-0.20650960660328715,0.07841499529240482,0.3782375649149935,True,163,19,0.7912371643805568
log_fast_gamma_low_gamma,"C(estrous_phase, Treatment(reference='A'))[T.B]",-0.024559870189856926,0.03704465648081426,-0.09716606271191117,0.04804632233219732,0.5073432969453453,True,163,19,
log_fast_gamma_low_gamma,"C(estrous_phase, Treatment(reference='A'))[T.C]",-0.04223048521908303,0.04443647596984272,-0.12932437771985433,0.04486340728168828,0.3419312369862353,True,163,19,
log_fast_gamma_low_gamma,"C(estrous_phase, Treatment(reference='A'))[T.D]",-0.0063836473457274025,0.035385061880442645,-0.07573709422211614,0.06296979953066134,0.8568345126656752,True,163,19,
log_fast_gamma_low_gamma,"C(cable, Treatment(reference='Cable1'))[T.Cable3]",0.030991831328273593,0.025036220164951013,-0.01807825850404584,0.08006192116059302,0.21576063162712233,True,163,19,
log_fast_gamma_low_gamma,body_weight,0.0010805783401199264,0.009214370570719069,-0.01697925611869523,0.019140412798935084,0.9066453146361042,True,163,19,
log_fast_gamma_low_gamma,days_on_diet,-0.0016611160729692502,0.0016421317780658208,-0.00487963521584698,0.0015574030699084798,0.3117481148407635,True,163,19,
log_fast_gamma_high_gamma,Intercept,-0.5499787700606257,0.22889643163907078,-0.9986075322629389,-0.10135000785831244,0.01627272190789036,True,163,19,
log_fast_gamma_high_gamma,"C(group, Treatment(reference='CTRL'))[T.HF]",-0.05397873599949092,0.059125687635236526,-0.1698629543257197,0.06190548232673787,0.3612693773644754,True,163,19,0.7912371643805568
log_fast_gamma_high_gamma,"C(estrous_phase, Treatment(reference='A'))[T.B]",-0.02588264359808829,0.023897613499665852,-0.07272110537389156,0.020955818177714976,0.2787800402686057,True,163,19,
log_fast_gamma_high_gamma,"C(estrous_phase, Treatment(reference='A'))[T.C]",-0.0005443269718350893,0.028682529202157546,-0.05676105119358225,0.05567239724991207,0.9848589357076519,True,163,19,
log_fast_gamma_high_gamma,"C(estrous_phase, Treatment(reference='A'))[T.D]",-0.018318834533463033,0.022836460479128847,-0.06307747460692788,0.026439805540001814,0.42245181542105525,True,163,19,
log_fast_gamma_high_gamma,"C(cable, Treatment(reference='Cable1'))[T.Cable3]",0.02281141435651815,0.016104355364866187,-0.008752542152853975,0.054375370865890275,0.1566365224832236,True,163,19,
log_fast_gamma_high_gamma,body_weight,0.007816846711825476,0.0071415866096736225,-0.0061804058356083325,0.021814099259259284,0.2737124138436908,True,163,19,
log_fast_gamma_high_gamma,days_on_diet,-0.00045583826192041864,0.0011011777786534378,-0.002614107048656976,0.001702430524816139,0.6789069204356988,True,163,19,
