frequency_Hz,CTRL_mean,CTRL_sem,HF_mean,HF_sem
1.220703125,0.19169744617657095,0.04644026479487581,0.14478920323030497,0.021373585308499764
1.8310546875,0.13321197264947382,0.01816461774122303,0.11014527327738763,0.011818733283735842
2.44140625,0.0958194759426508,0.007464923897166066,0.08369203318631586,0.0076278390836741405
3.0517578125,0.07918428829674336,0.005629449937870079,0.06853351292189377,0.006211633020646967
3.662109375,0.06795160337741277,0.004592348824290434,0.059089843277081736,0.0053708804744187575
4.2724609375,0.05987591448882923,0.003910030194451912,0.05273943192498076,0.0045899102963997
4.8828125,0.05477068691591133,0.003146995780979434,0.049335391276442944,0.0036510169861342333
5.4931640625,0.05205330473730887,0.002408793280750867,0.05001648978641665,0.0037465476925570246
6.103515625,0.051524836138409615,0.0017747813826850744,0.05587484798397482,0.006350276348304524
6.7138671875,0.05555448502916304,0.003274531996466905,0.06568739862839715,0.009668412929248246
7.32421875,0.061955986417365376,0.007309153923106442,0.07387701553348618,0.01252525761328163
7.9345703125,0.06503719456115761,0.010243451700685495,0.07658692469919648,0.013685130563617167
8.544921875,0.06404629104333301,0.01131413475935139,0.07375582111895632,0.013358366649346485
9.1552734375,0.05965715052960458,0.011176614986363837,0.0652186383785766,0.011603064509423656
9.765625,0.05105017000938366,0.009755384852965515,0.051702903955419335,0.008412366176563938
10.3759765625,0.03876285071984494,0.006287178674723026,0.037523100932562156,0.004310937335333941
10.986328125,0.02819905727837899,0.002854112857969372,0.027927680294407547,0.0017748245449470024
11.5966796875,0.02202449894905974,0.0013231407304336135,0.022768612464964748,0.001107667785852485
12.20703125,0.01857119770211644,0.0010729238442622928,0.01977481628990338,0.001078744284679229
12.8173828125,0.016356450141201184,0.001099640298557543,0.01783261620193815,0.0010994613500175169
13.427734375,0.0146975564137563,0.0011350069497608078,0.016264918346618064,0.0010797856221868884
14.0380859375,0.013460750231569068,0.0011168268845761075,0.015153948641430359,0.0010393131501156107
14.6484375,0.012572610807573518,0.0010463996258797705,0.014479457036289983,0.0010324982727773443
15.2587890625,0.012043420091891237,0.0009982674381856457,0.013947095391338251,0.0009773463277976575
15.869140625,0.011690954257286331,0.0009426181718112213,0.013703258797304264,0.0010032468707472533
16.4794921875,0.011391182339807219,0.0008777965905902566,0.013586177829083843,0.0011064002416756656
17.08984375,0.011082745173152674,0.0008314849332554515,0.01343228199291148,0.0012542758203833403
17.7001953125,0.010778922595132336,0.0008377750669311497,0.013204989204591433,0.001443974296928415
18.310546875,0.010390643586474154,0.0008629767322861939,0.012999342995298643,0.0016468317763165177
18.9208984375,0.009954935392903128,0.0009035589038198116,0.012707848539944075,0.0017919929511251455
19.53125,0.009511554183215655,0.0009728217777073366,0.012440232714682807,0.0019500775829087713
20.1416015625,0.009111323530840126,0.0010084905938364055,0.01217272276404602,0.002028500183808459
20.751953125,0.008770918871625363,0.001023740418874033,0.01179289647213655,0.002001523387333971
21.3623046875,0.008415456692727457,0.001033834122804008,0.011409149173020246,0.0019417687260431618
21.97265625,0.008083979027205849,0.0010441836904154502,0.010871530279243622,0.0018053588685727799
22.5830078125,0.007708565735923215,0.0010330962251585156,0.010316325842619241,0.001656302525759427
23.193359375,0.007341707003787359,0.0010006551236242268,0.009653417954080479,0.0014806741267740613
23.8037109375,0.006916591032667872,0.0009331237427456007,0.008970680616505241,0.0013078068252075229
24.4140625,0.006489454469086133,0.0008465970936772111,0.008235346788761613,0.0011266818390967821
25.0244140625,0.00605699071010917,0.0007448451406063245,0.007602068645586088,0.000999237848051299
25.634765625,0.005674747094976095,0.0006829338554061866,0.006958217625666459,0.0008664720600090284
26.2451171875,0.005331368353374711,0.0006079248929874499,0.006346407553055332,0.0007400571372240513
26.85546875,0.0050546273036733485,0.0005569997382552195,0.005826231814034409,0.0006502535891959364
27.4658203125,0.004813117269305032,0.0005168065480302588,0.005413875425766801,0.0005979506408647866
28.076171875,0.004590154499645796,0.00048574286925202084,0.005023516253259258,0.0005412846539817457
28.6865234375,0.004389863781805488,0.00045602124679747295,0.00468382953417904,0.0004986551445431328
29.296875,0.004214543061141345,0.0004338315792297359,0.0044277762908180515,0.000465856058774728
29.9072265625,0.004062057389262788,0.00041688287239573495,0.004195945146057214,0.00043354013640241454
30.517578125,0.003909414637991126,0.0004017411985419752,0.003999947607269809,0.0004051227191124254
31.1279296875,0.003774227839995139,0.0003854878361156068,0.0038408451034796613,0.0003882212076875033
31.73828125,0.003641761835080974,0.0003671923181189992,0.0036947894107837013,0.0003745284258850458
32.3486328125,0.0035401770597164356,0.0003512699773451574,0.003551985008297423,0.0003601282086368721
32.958984375,0.0034437642503314532,0.00034170139226106025,0.0034156626275277297,0.0003483001877460145
33.5693359375,0.0033511634547440613,0.0003384762301119155,0.0032986202816990516,0.0003344031540243851
34.1796875,0.003286288699353531,0.0003355159551716716,0.003188712830480057,0.00032267801439932875
34.7900390625,0.0032268335488780677,0.0003309483151511896,0.0030861071755761134,0.00030654040898880095
35.400390625,0.0031612342098341576,0.00032307825206078134,0.0030190000325259953,0.00030067841062899996
36.0107421875,0.0030858409408588156,0.00031680812333734323,0.0029503439617309833,0.00028956177329234626
36.62109375,0.0029996631316032258,0.0003039747322454098,0.002883743479632589,0.00028297461374385247
37.2314453125,0.002909722542833162,0.00029077617696824065,0.0028248424501257697,0.00027679021993084026
37.841796875,0.002829005590678086,0.000280555718992836,0.0027702204532054587,0.000272367611905752
38.4521484375,0.0027694745296965254,0.0002739634789562134,0.0027181420720542014,0.00026685825296534705
39.0625,0.0027326240632736883,0.0002740710107733897,0.002654301530945793,0.0002586888879194603
39.6728515625,0.0027011871129837568,0.00027082055882202545,0.002602536110357012,0.0002534382048960834
40.283203125,0.0026692199596015554,0.0002684336955642881,0.002553046182723803,0.00025013835571018305
40.8935546875,0.002633018810586774,0.00026672483872941267,0.002504213851034435,0.0002472902312912313
41.50390625,0.002581809018194395,0.000264369010871368,0.0024619240489954725,0.0002428263606628177
42.1142578125,0.002545235267157321,0.0002628942343147635,0.002427434763872873,0.00023964934225620055
42.724609375,0.0025082748544446015,0.0002599567386503552,0.002399123502841107,0.00024022414355439624
43.3349609375,0.0024812778908425894,0.00025748407550653005,0.0023675765778642414,0.00023920317944582965
43.9453125,0.0024537476138082573,0.0002556123317480502,0.0023401737371549535,0.0002379027047298072
44.5556640625,0.0024286903920031754,0.00025514134478551407,0.002307289937091302,0.00023731840802321106
45.166015625,0.0023920115719348193,0.0002539440070625097,0.0022758803278661015,0.00023582451616222533
45.7763671875,0.00234857823380358,0.0002522294656620504,0.0022377042257582616,0.00023193531834648018
46.38671875,0.0023118067596494154,0.0002515349759816488,0.0022066367298758756,0.00022714580003464383
46.9970703125,0.002282855615501462,0.00025047334658628596,0.002180482491185051,0.00022458964809905104
47.607421875,0.0022693309333480724,0.00024742633360247493,0.00216929255343692,0.00021934457540783903
48.2177734375,0.0025536432271978816,0.000245178632320474,0.0025308564376347524,0.0002595111628177503
48.828125,0.003575966752331767,0.0003637953496824716,0.0038346477385349303,0.0008150385917347419
49.4384765625,0.003652777579175401,0.0003768575304422124,0.003910218641479341,0.0008505083887134797
50.048828125,0.0036468218147484824,0.00038097137370248527,0.0038928533538002096,0.0008598028812560557
50.6591796875,0.003590521411976915,0.00037879757246132547,0.0038390286985054297,0.0008547138933432967
51.26953125,0.003466924826909055,0.0003660795987760179,0.0037282147728737746,0.0008301197163671838
51.8798828125,0.002261472903800319,0.00022234760844181464,0.002145702778471575,0.00021854456211846764
52.490234375,0.0020062823630893323,0.0002154497197312063,0.0019003326846126912,0.000211269604744456
53.1005859375,0.001947011031545278,0.00021048100204442097,0.0018590671580280549,0.00020865799126336022
53.7109375,0.0019142137402915849,0.00020722663060390292,0.0018303757061639502,0.0002054459329490509
54.3212890625,0.001877483070777421,0.0002028428566316091,0.0018025723530017024,0.00020386112650191455
54.931640625,0.0018515519541443968,0.00020209789569747077,0.0017658273150423696,0.00019915479831231908
55.5419921875,0.001821561650766441,0.00019904660091673665,0.001725451823157653,0.00019255949682567332
56.15234375,0.001790291323037261,0.0001953914918457315,0.001688654977868223,0.00018771448895003065
56.7626953125,0.001763825787724749,0.00019254212388513474,0.00165626555530985,0.00018428942490589156
57.373046875,0.0017401035074330784,0.000189140104688393,0.0016296718169219657,0.0001800402435131646
57.9833984375,0.0017152369440799392,0.00018566963241462765,0.0015984049541508157,0.00017448064427387256
58.59375,0.0016926620969398842,0.00018269697078697738,0.0015790981857618798,0.00017235020190368248
59.2041015625,0.0016649922012568926,0.00017983601744705544,0.0015564361941346112,0.00017067484918562563
59.814453125,0.0016361574104725271,0.00017745351725887378,0.0015313983086358129,0.0001689316827214463
60.4248046875,0.0016106184368990942,0.00017666491988500943,0.001502531619708781,0.00016629040674952296
61.03515625,0.0015853053047799376,0.000174777219231246,0.001477641266235017,0.00016683999263544225
61.6455078125,0.001559508424428734,0.0001713243648827674,0.0014546079515195863,0.00016680807720351868
62.255859375,0.0015358726993436828,0.00016954939492580922,0.0014287613368123753,0.00016395822388916222
62.8662109375,0.0015160920650514323,0.00016803762340552732,0.0014053579082067968,0.00016201580495646344
63.4765625,0.0014939175711095108,0.00016424134418252943,0.0013822820447733574,0.0001594139051343246
64.0869140625,0.001476547896120675,0.00016296012921800912,0.0013542837456512317,0.00015485643502660825
64.697265625,0.0014543233854161658,0.00016212287956151203,0.0013316590789460893,0.00015051154533771526
65.3076171875,0.001434943541732213,0.0001616458754341128,0.0013058559909602727,0.00014817161463215894
65.91796875,0.00141571749853743,0.00015991325205895105,0.0012813286397205205,0.00014594149912682623
66.5283203125,0.0013908289856538563,0.00015787589578437322,0.0012542450017764201,0.00014255290325985873
67.138671875,0.0013702707168972827,0.00015774289630313704,0.0012296543265156242,0.0001404566064763337
67.7490234375,0.0013504654414993762,0.0001558562166508429,0.0012071902450351522,0.00013777162838051016
68.359375,0.0013304773483677915,0.0001542456959573228,0.0011811738245884247,0.00013441900216004877
68.9697265625,0.0013150937648030306,0.00015355420292966287,0.0011577909683066206,0.0001309175689291562
69.580078125,0.0012991417796873938,0.000151268281391142,0.0011418078450200933,0.00012956614785475935
70.1904296875,0.0012800930777239266,0.00014866373965457486,0.0011222482599741064,0.00012713498722585604
70.80078125,0.0012644616872660168,0.00014645051636769934,0.0010976937586371577,0.0001255991025584921
71.4111328125,0.001249367092175523,0.0001436052017054803,0.0010814743843598046,0.00012511041862442337
72.021484375,0.001231179050840094,0.00014213845215255199,0.0010626816838622817,0.00012403954232736446
72.6318359375,0.0012118296175609533,0.00014104918707459523,0.00104276276950878,0.00012272929296566073
73.2421875,0.001195821219267206,0.00014092388400485195,0.0010237105646908947,0.0001212429900552551
73.8525390625,0.0011766013625387841,0.00013954151656034894,0.0010077454000236613,0.00012025318414772447
74.462890625,0.0011577582766031545,0.00013866751633722705,0.0009896457158781766,0.00011745115460203092
75.0732421875,0.001139582137518435,0.0001365344949391314,0.0009690139413517313,0.00011411011839038826
75.68359375,0.0011276048207273586,0.0001358662671923986,0.0009515340010429307,0.00011318396131557169
76.2939453125,0.0011143285753662233,0.00013509947319083226,0.0009388848841612558,0.00011284120589952337
76.904296875,0.0010987640805846285,0.00013403830986381563,0.0009243398332033619,0.0001115153542261124
77.5146484375,0.0010871578497408595,0.0001335436335183234,0.0009112332350109343,0.00011119636624843181
78.125,0.0010723784537118787,0.00013368120573505532,0.000901209571120547,0.00011167039850283295
78.7353515625,0.0010562621963982265,0.00013264751967329586,0.0008947006478600172,0.00011162812904628146
79.345703125,0.001041952333800252,0.00013105918058982366,0.0008798680977026359,0.0001101419551624692
79.9560546875,0.001027850934187095,0.00012977175584753236,0.0008633220808289567,0.00010920079937073894
80.56640625,0.0010130290297786834,0.00012884718287420194,0.0008497193335462087,0.00010799197791119294
81.1767578125,0.0009996192697274166,0.00012742220916943834,0.0008365772001510154,0.00010706141262331397
81.787109375,0.0009852794151686951,0.00012591083056860455,0.0008274365843722426,0.00010609096360235483
82.3974609375,0.0009697383958394936,0.00012523888731362664,0.0008177335345275356,0.00010517743201902955
83.0078125,0.0009553205793254064,0.00012385273509149303,0.0008088764081756073,0.00010485295800181315
83.6181640625,0.000943787647657964,0.000122240421734836,0.0007997213917121491,0.00010462904486471438
84.228515625,0.0009311618290312406,0.00012161105155768612,0.0007911218400413779,0.00010412414466950872
84.8388671875,0.0009173516723337098,0.00012067047258750854,0.000781233824154378,0.00010366855738079377
85.44921875,0.0009047296030725826,0.00011912846118719741,0.0007660106598684592,0.00010365213729427763
86.0595703125,0.0008936944614576212,0.00011800217510264586,0.0007557084676408081,0.00010277963194940584
86.669921875,0.0008815810902254497,0.00011662053446190523,0.0007463420835410217,0.00010210741803576811
87.2802734375,0.0008691063248870824,0.00011527347584597754,0.0007354689346073867,0.00010081800971367902
87.890625,0.0008581513787912367,0.00011377079922317912,0.000726598697312482,9.986376936142672e-05
88.5009765625,0.0008461711042058565,0.0001123060218321645,0.0007177043543012423,9.966422971471112e-05
89.111328125,0.0008327106431276985,0.00011006011053751019,0.0007060601112515133,9.865344763547321e-05
89.7216796875,0.0008211861731366389,0.00010947005877787344,0.0007007429657443153,9.951548859540274e-05
90.33203125,0.0008104475305668204,0.00010841125319194494,0.0006924778800769108,9.898865778037986e-05
90.9423828125,0.0007984203303328333,0.00010707807584027192,0.0006844992944509794,9.905478271049934e-05
91.552734375,0.0007900244029240655,0.00010640129219966073,0.0006771925202604636,9.886254564434595e-05
92.1630859375,0.0007817876805944963,0.00010543528944136044,0.0006714548812591985,9.838392494154455e-05
92.7734375,0.000770673844117317,0.00010472854004542989,0.0006649114930593983,9.702764394619187e-05
93.3837890625,0.00076046743297756,0.00010336776013520755,0.0006565213393372561,9.536934524921911e-05
93.994140625,0.0007536618824054951,0.00010208479108517361,0.0006504698585843013,9.46055425145011e-05
94.6044921875,0.0007426922956563689,0.00010043111341319083,0.0006433639843723111,9.372938167598705e-05
95.21484375,0.0007333892773488242,9.947486826982795e-05,0.00063628626471858,9.283172763895436e-05
95.8251953125,0.0007283325650013484,9.816640902826207e-05,0.0006343127925967831,9.266509980803397e-05
96.435546875,0.0007205181888685844,9.66208439394123e-05,0.0006301322241510884,9.159340323480052e-05
97.0458984375,0.0007107742137081145,9.593773845022332e-05,0.0006247156634124836,9.045584465629033e-05
97.65625,0.0007043135038794819,9.526158447061395e-05,0.0006196319047773806,9.046020694306195e-05
98.2666015625,0.0006977107176378489,9.46125504330547e-05,0.0006143958514440717,8.992398201240934e-05
98.876953125,0.00068653604820099,9.354156059327676e-05,0.0006107461550375578,8.956428243163475e-05
99.4873046875,0.0006801814791073842,9.341878527386184e-05,0.0006024621342645938,8.901287465679104e-05
100.09765625,0.0006741339955454791,9.284300723797337e-05,0.0005956702216053678,8.913285860933268e-05
100.7080078125,0.0006657680894890163,9.154721908501937e-05,0.0005903792729458789,8.913931733979108e-05
101.318359375,0.0006581626560638899,9.090764708880154e-05,0.0005842723431057518,8.838077532073298e-05
101.9287109375,0.0006529996065598952,9.043196562846144e-05,0.0005790804891917111,8.846692186940937e-05
102.5390625,0.0006454606867586351,8.963997748819175e-05,0.0005707889365563031,8.829129010393859e-05
103.1494140625,0.0006391528013215882,8.850479878784284e-05,0.0005655109837938114,8.767452301905203e-05
103.759765625,0.0006334254312842551,8.758706231434131e-05,0.000560091656250082,8.684945168448827e-05
104.3701171875,0.0006288549834723439,8.702112168966696e-05,0.0005559241865858557,8.622631993985783e-05
104.98046875,0.0006225550520123525,8.604682053888091e-05,0.0005528671982957625,8.601810579791988e-05
105.5908203125,0.0006166186061403607,8.515293083762905e-05,0.000548961361046699,8.555397651000362e-05
106.201171875,0.0006126685853707776,8.449482060884244e-05,0.0005443959454530525,8.553082134817872e-05
106.8115234375,0.0006062924309542746,8.369906498546295e-05,0.0005385645848658238,8.516090578236092e-05
107.421875,0.0005996927777541718,8.264708552439724e-05,0.0005361690425709975,8.572322574727011e-05
108.0322265625,0.0005953145604967158,8.145540806402946e-05,0.0005276458110610594,8.513863900815564e-05
108.642578125,0.0005881736545218111,7.999194763657545e-05,0.0005230488016792347,8.494191478742635e-05
109.2529296875,0.0005794754251515329,7.862738983714891e-05,0.0005192523908805148,8.491378125766631e-05
109.86328125,0.0005757461411347132,7.80752973627238e-05,0.0005161556657102836,8.476091490410217e-05
110.4736328125,0.0005702060499271489,7.747849980594479e-05,0.0005120316865083322,8.424677713693146e-05
111.083984375,0.0005650691398901257,7.715692331841012e-05,0.0005092712236081308,8.369235458037628e-05
111.6943359375,0.0005613021046620934,7.669357629611064e-05,0.0005062527659773212,8.326548741562477e-05
112.3046875,0.0005579034693092183,7.647466849294783e-05,0.0005021343254174518,8.264353432923478e-05
112.9150390625,0.0005550724442066423,7.5848624631155e-05,0.0004993795025848731,8.181090762658528e-05
113.525390625,0.0005514982790069596,7.547359435095112e-05,0.0004933049766383069,8.116265238671405e-05
114.1357421875,0.0005460241077267551,7.45787438978582e-05,0.0004911288850096045,8.076649545591568e-05
114.74609375,0.0005413644035398376,7.370447787447565e-05,0.0004898922879501392,8.095938487556204e-05
115.3564453125,0.0005359989029414466,7.253347738268837e-05,0.0004866085860494787,8.067442263255136e-05
115.966796875,0.0005307961939188582,7.195701142768093e-05,0.00048379330155530546,8.072242126099461e-05
116.5771484375,0.0005266467705644456,7.141599410781276e-05,0.0004804134773174724,8.084248406856405e-05
117.1875,0.0005223951709420637,7.071692465904675e-05,0.0004772072806346644,8.009794194232511e-05
117.7978515625,0.0005170087785667336,7.004555718369646e-05,0.00047015924166043233,7.928721281459887e-05
118.408203125,0.0005123025814265461,6.94059047128322e-05,0.0004668158602881213,7.896528269335892e-05
119.0185546875,0.0005081007804760601,6.847573645958763e-05,0.00046433591780635193,7.823595768079194e-05
119.62890625,0.0005031946181143449,6.815832646639264e-05,0.0004614642500744545,7.754151894811473e-05
120.2392578125,0.0005003130139991629,6.741560351049111e-05,0.0004579109098936684,7.712369810271806e-05
120.849609375,0.0004968999632421951,6.703792311903288e-05,0.00045343623901034915,7.710071450438389e-05
121.4599609375,0.0004941345662843031,6.665186955432379e-05,0.00044995089346780876,7.654500534368659e-05
122.0703125,0.0004892765689888817,6.581448084340913e-05,0.00044675077924827554,7.642928528325794e-05
122.6806640625,0.00048618704194075633,6.475082492015194e-05,0.00044260832830375467,7.653973781198284e-05
123.291015625,0.000482224601460067,6.443959031596047e-05,0.0004398955315143972,7.663309582036311e-05
123.9013671875,0.0004790496911349154,6.394548013398511e-05,0.00043823459370285063,7.617126629640871e-05
124.51171875,0.00047504388123810324,6.315286498200267e-05,0.0004357732029948838,7.569604031222418e-05
125.1220703125,0.000472345595273713,6.295294282818808e-05,0.00043398654262400457,7.550586738742721e-05
125.732421875,0.0004685857712414445,6.276008612277549e-05,0.00043176888906759257,7.498529902654971e-05
126.3427734375,0.0004641699367576152,6.185543786120069e-05,0.00043132707855566665,7.48136941250672e-05
126.953125,0.0004615269530046247,6.15612167232082e-05,0.0004306700451616651,7.491373050511512e-05
127.5634765625,0.00045816869270860956,6.113949383939745e-05,0.00042848698942480793,7.495934699004661e-05
128.173828125,0.000454712662825305,6.055037358988281e-05,0.00042516045892903665,7.452134006304593e-05
128.7841796875,0.00045249282960556803,6.002861302017544e-05,0.0004224692494092146,7.418655434506151e-05
129.39453125,0.00044886712603396537,5.957501023496434e-05,0.00041768652991888195,7.319908482330891e-05
130.0048828125,0.0004442519572479144,5.860252641066584e-05,0.00041378149962791234,7.266261030434405e-05
130.615234375,0.00044253676939997374,5.8342456724317815e-05,0.0004111352957166774,7.23900571234026e-05
131.2255859375,0.00043835875013597983,5.7592307791911065e-05,0.00040832896949368304,7.225537539270624e-05
131.8359375,0.00043377948143943364,5.692254040745088e-05,0.0004071433864811629,7.235397579829062e-05
132.4462890625,0.00043122309810850233,5.640043133922787e-05,0.0004044914128178092,7.226621711288049e-05
133.056640625,0.00042905919517913135,5.6094197387425824e-05,0.000401559155003403,7.159527204805972e-05
133.6669921875,0.00042666446402500624,5.5972682986957726e-05,0.0003995505883242669,7.101777669914506e-05
134.27734375,0.00042351784066033387,5.560506437520546e-05,0.000398946606399025,7.089466797776753e-05
134.8876953125,0.00042130192568580536,5.5357486063580246e-05,0.00039596745366113063,7.01509551807498e-05
135.498046875,0.00041884470753818085,5.545456135552976e-05,0.00039375903433183136,6.997232433727171e-05
136.1083984375,0.000415737296720423,5.5115967053187525e-05,0.00039203045305532413,6.9983427006392e-05
136.71875,0.00041252465592213247,5.455950558719996e-05,0.00038999261225424814,7.027876095545763e-05
137.3291015625,0.0004098552522254298,5.4220379079752004e-05,0.0003875492012317645,7.015956073561201e-05
137.939453125,0.0004062544493717581,5.386345252896924e-05,0.0003839394689238283,6.99662160229287e-05
138.5498046875,0.00040317556619802426,5.3353924904985196e-05,0.00038171380247475174,6.972627905283595e-05
139.16015625,0.00040091263827424684,5.331140765743743e-05,0.0003805279450965121,6.974132578958987e-05
139.7705078125,0.00039867051493068924,5.292460753200115e-05,0.000379042404383092,6.960050180023439e-05
