phase,cell,cell_type,model,boot_mean,boot_median,boot_ci_lo,boot_ci_hi,n_valid_iters,n_skipped_iters,n_recordings,n_mice,note
A,delta,band,svm_rbf,0.42148987390634907,0.41964285714285715,0.14589285714285713,0.6847023809523808,978,22,49,17,
A,delta,band,random_forest,0.34850842652326297,0.3522727272727273,0.08333333333333333,0.564895833333333,978,22,49,17,
A,theta,band,svm_rbf,0.3984805320649077,0.4,0.12878787878787878,0.6628205128205129,982,18,49,17,
A,theta,band,random_forest,0.44879485060812024,0.4482007575757576,0.2028125,0.6875,982,18,49,17,
A,beta,band,svm_rbf,0.5469992083401073,0.5494505494505495,0.28526785714285713,0.8054258241758239,983,17,49,17,
A,beta,band,random_forest,0.5287082846125266,0.5333333333333333,0.29664502164502166,0.7346520146520145,983,17,49,17,
A,low_gamma,band,svm_rbf,0.3967390736756608,0.39724736048265463,0.1346212121212121,0.65,978,22,49,17,
A,low_gamma,band,random_forest,0.3859774524371074,0.3885003885003885,0.125,0.6,978,22,49,17,
A,high_gamma,band,svm_rbf,0.46789964157835745,0.4734848484848485,0.20535714285714285,0.7004700854700854,979,21,49,17,
A,high_gamma,band,random_forest,0.4636639484168436,0.4666666666666667,0.1931547619047619,0.6867788461538461,979,21,49,17,
A,fast_gamma,band,svm_rbf,0.4873892008790608,0.4875,0.19230769230769232,0.7235431235431236,981,19,49,17,
A,fast_gamma,band,random_forest,0.4841417716050838,0.5,0.2102272727272727,0.7222222222222222,981,19,49,17,
A,theta_delta,ratio,svm_rbf,0.40062745632236135,0.4027777777777778,0.17142857142857143,0.6422268907563023,969,31,49,17,
A,theta_delta,ratio,random_forest,0.38164108274887637,0.3838383838383838,0.14285714285714285,0.5877310924369746,969,31,49,17,
A,beta_delta,ratio,svm_rbf,0.5357536500852449,0.5404040404040404,0.30662393162393164,0.7653846153846156,982,18,49,17,
A,beta_delta,ratio,random_forest,0.544051120624468,0.55,0.30357954545454546,0.7209571678321678,982,18,49,17,
A,low_gamma_delta,ratio,svm_rbf,0.44733646286382145,0.44917929292929293,0.25,0.6143028846153846,976,24,49,17,
A,low_gamma_delta,ratio,random_forest,0.47527416108733433,0.47619047619047616,0.26666666666666666,0.671875,976,24,49,17,
A,high_gamma_delta,ratio,svm_rbf,0.5044313516277015,0.5,0.25,0.7307692307692308,978,22,49,17,
A,high_gamma_delta,ratio,random_forest,0.5341153391565674,0.5347222222222222,0.29166666666666663,0.75,978,22,49,17,
A,fast_gamma_delta,ratio,svm_rbf,0.44929368329755326,0.45238095238095233,0.21739583333333334,0.6315972222222221,975,25,49,17,
A,fast_gamma_delta,ratio,random_forest,0.4559272314483079,0.4595959595959596,0.23809523809523808,0.6455882352941176,975,25,49,17,
A,beta_theta,ratio,svm_rbf,0.6949814067881329,0.7045454545454546,0.41981556455240665,0.9,979,21,49,17,
A,beta_theta,ratio,random_forest,0.6252540729464211,0.6303030303030304,0.40125000000000005,0.829924242424242,979,21,49,17,
A,low_gamma_theta,ratio,svm_rbf,0.43919033073064184,0.4478021978021978,0.16845238095238094,0.6827651515151516,976,24,49,17,
A,low_gamma_theta,ratio,random_forest,0.4836464164582028,0.48351648351648346,0.22659632034632032,0.7083333333333333,976,24,49,17,
A,high_gamma_theta,ratio,svm_rbf,0.49491913583645025,0.5095238095238095,0.14666666666666667,0.7222222222222222,969,31,49,17,
A,high_gamma_theta,ratio,random_forest,0.7298348728067455,0.7386363636363636,0.47765151515151516,0.9444444444444444,969,31,49,17,
A,fast_gamma_theta,ratio,svm_rbf,0.471305917069935,0.4833333333333333,0.16666666666666666,0.6875,971,29,49,17,
A,fast_gamma_theta,ratio,random_forest,0.510010116370815,0.5166666666666666,0.25,0.75,971,29,49,17,
A,low_gamma_beta,ratio,svm_rbf,0.6096808298663975,0.6161616161616161,0.3333333333333333,0.8333333333333333,973,27,49,17,
A,low_gamma_beta,ratio,random_forest,0.5664958518683633,0.5681818181818181,0.3277777777777777,0.8,973,27,49,17,
A,high_gamma_beta,ratio,svm_rbf,0.6716113519385776,0.6752136752136753,0.38935574229691877,0.95,971,29,49,17,
A,high_gamma_beta,ratio,random_forest,0.5572544916681217,0.5625,0.2823660714285714,0.8,971,29,49,17,
A,fast_gamma_beta,ratio,svm_rbf,0.5964798272302764,0.6025641025641025,0.3097478991596639,0.8542857142857144,977,23,49,17,
A,fast_gamma_beta,ratio,random_forest,0.5370233815207569,0.5444444444444444,0.27474747474747474,0.7766666666666667,977,23,49,17,
A,high_gamma_low_gamma,ratio,svm_rbf,0.7185129372853476,0.7275252525252526,0.4166666666666667,0.9444444444444444,980,20,49,17,
A,high_gamma_low_gamma,ratio,random_forest,0.6193068168913639,0.625,0.34098214285714284,0.8571428571428572,980,20,49,17,
A,fast_gamma_low_gamma,ratio,svm_rbf,0.5289927109249261,0.5340909090909092,0.25,0.7708333333333333,981,19,49,17,
A,fast_gamma_low_gamma,ratio,random_forest,0.42194026756708425,0.41666666666666663,0.15192307692307694,0.6666666666666667,981,19,49,17,
A,fast_gamma_high_gamma,ratio,svm_rbf,0.4235710735408838,0.4276903651903652,0.15993589743589745,0.6826136363636364,980,20,49,17,
A,fast_gamma_high_gamma,ratio,random_forest,0.5976160315042643,0.6032301032301033,0.35,0.8035714285714286,980,20,49,17,
B,delta,band,svm_rbf,0.6331870756349328,0.6416666666666667,0.4208864965443913,0.8333333333333333,986,14,57,19,
B,delta,band,random_forest,0.6350273491519794,0.6365578865578865,0.4241916937229437,0.8333333333333333,986,14,57,19,
B,theta,band,svm_rbf,0.5738865673746579,0.5833333333333333,0.32125,0.8,987,13,57,19,
B,theta,band,random_forest,0.5334746684386292,0.5333333333333333,0.2902083333333333,0.75,987,13,57,19,
B,beta,band,svm_rbf,0.5149861367637275,0.5220588235294118,0.2916666666666667,0.7083333333333333,987,13,57,19,
B,beta,band,random_forest,0.541543174729911,0.5416666666666666,0.31480392156862746,0.7444482600732601,987,13,57,19,
B,low_gamma,band,svm_rbf,0.5365667245476011,0.5416666666666666,0.29166666666666663,0.7727272727272727,988,12,57,19,
B,low_gamma,band,random_forest,0.5261659433663838,0.5357142857142857,0.27267857142857144,0.7180244755244756,988,12,57,19,
B,high_gamma,band,svm_rbf,0.5582121067720758,0.5606060606060606,0.3269230769230769,0.7901315789473684,989,11,57,19,
B,high_gamma,band,random_forest,0.5842038162480225,0.5844155844155844,0.3884722222222222,0.7692307692307692,989,11,57,19,
B,fast_gamma,band,svm_rbf,0.548795890125342,0.5533008658008658,0.3020454545454545,0.7785984848484847,988,12,57,19,
B,fast_gamma,band,random_forest,0.578098035303757,0.5854700854700855,0.35668311403508773,0.7777777777777778,988,12,57,19,
B,theta_delta,ratio,svm_rbf,0.589190541621625,0.6041666666666666,0.33265151515151514,0.7874999999999995,983,17,57,19,
B,theta_delta,ratio,random_forest,0.5448867217100064,0.5416666666666666,0.3365073529411765,0.7727272727272727,983,17,57,19,
B,beta_delta,ratio,svm_rbf,0.6246315482031944,0.6256313131313131,0.4430645743145743,0.8127556818181818,992,8,57,19,
B,beta_delta,ratio,random_forest,0.6598741285364572,0.6643356643356644,0.4581578947368421,0.8586038961038963,992,8,57,19,
B,low_gamma_delta,ratio,svm_rbf,0.6514214801466679,0.6538461538461539,0.46316964285714285,0.8344791666666665,990,10,57,19,
B,low_gamma_delta,ratio,random_forest,0.6002026748614007,0.6022727272727273,0.37586309523809525,0.7916666666666667,990,10,57,19,
B,high_gamma_delta,ratio,svm_rbf,0.6730983777652951,0.6726190476190476,0.48333333333333334,0.8621843434343434,984,16,57,19,
B,high_gamma_delta,ratio,random_forest,0.5949371090284814,0.6071428571428572,0.3492410714285714,0.7748420329670329,984,16,57,19,
B,fast_gamma_delta,ratio,svm_rbf,0.6793434635912295,0.675,0.5134210526315789,0.8624825174825174,983,17,57,19,
B,fast_gamma_delta,ratio,random_forest,0.5030660976895084,0.5076923076923077,0.299375,0.6785714285714286,983,17,57,19,
B,beta_theta,ratio,svm_rbf,0.49368933702582474,0.5,0.22445913461538464,0.75,986,14,57,19,
B,beta_theta,ratio,random_forest,0.5887336859717553,0.5961538461538461,0.3611111111111111,0.788888888888889,986,14,57,19,
B,low_gamma_theta,ratio,svm_rbf,0.4533111972015012,0.4590909090909091,0.19184981684981686,0.6704545454545454,991,9,57,19,
B,low_gamma_theta,ratio,random_forest,0.4834100700380641,0.4810606060606061,0.28100649350649354,0.6923076923076923,991,9,57,19,
B,high_gamma_theta,ratio,svm_rbf,0.41983948040091024,0.425,0.1796207264957265,0.675,987,13,57,19,
B,high_gamma_theta,ratio,random_forest,0.3501584751061996,0.35833333333333334,0.1,0.5416666666666666,987,13,57,19,
B,fast_gamma_theta,ratio,svm_rbf,0.4669090350904513,0.4666666666666667,0.20401785714285714,0.7064950980392156,991,9,57,19,
B,fast_gamma_theta,ratio,random_forest,0.4527789640177661,0.45104895104895104,0.2318181818181818,0.6666666666666666,991,9,57,19,
B,low_gamma_beta,ratio,svm_rbf,0.4347385322559634,0.4375,0.22399475524475526,0.6227350427350427,989,11,57,19,
B,low_gamma_beta,ratio,random_forest,0.5180458864178767,0.5208333333333334,0.3087121212121212,0.7083333333333334,989,11,57,19,
B,high_gamma_beta,ratio,svm_rbf,0.42092079590046044,0.41911764705882354,0.22605519480519481,0.6391339869281045,989,11,57,19,
B,high_gamma_beta,ratio,random_forest,0.43549092122503924,0.44285714285714284,0.18601190476190477,0.625,989,11,57,19,
B,fast_gamma_beta,ratio,svm_rbf,0.43714697848687206,0.43333333333333335,0.22106672932330826,0.6666666666666666,987,13,57,19,
B,fast_gamma_beta,ratio,random_forest,0.4816804521130136,0.48717948717948717,0.25968749999999996,0.6785714285714286,987,13,57,19,
B,high_gamma_low_gamma,ratio,svm_rbf,0.39564704774388604,0.39880952380952384,0.17291666666666666,0.5939236111111111,991,9,57,19,
B,high_gamma_low_gamma,ratio,random_forest,0.5457815059236083,0.5520833333333333,0.3204831932773109,0.75,991,9,57,19,
B,fast_gamma_low_gamma,ratio,svm_rbf,0.43822533507681494,0.43333333333333335,0.21341269841269842,0.7012499999999999,990,10,57,19,
B,fast_gamma_low_gamma,ratio,random_forest,0.4254242716682087,0.4230769230769231,0.2242361111111111,0.6281249999999997,990,10,57,19,
B,fast_gamma_high_gamma,ratio,svm_rbf,0.42249309503035914,0.42657342657342656,0.16541666666666668,0.6688405797101447,989,11,57,19,
B,fast_gamma_high_gamma,ratio,random_forest,0.43349864641834934,0.42810457516339867,0.21027777777777779,0.6583223684210523,989,11,57,19,
C,delta,band,svm_rbf,0.45430927669204657,0.4666666666666667,0.1,0.8012500000000004,917,83,26,14,
C,delta,band,random_forest,0.41179649443008226,0.4166666666666667,0.09015151515151516,0.7089285714285716,917,83,26,14,
C,theta,band,svm_rbf,0.46269300978317374,0.4666666666666667,0.12125000000000004,0.875,915,85,26,14,
C,theta,band,random_forest,0.4208159038896743,0.43333333333333335,0.1,0.7083333333333333,915,85,26,14,
C,beta,band,svm_rbf,0.43726439083968877,0.4375,0.08333333333333333,0.8,923,77,26,14,
C,beta,band,random_forest,0.4371143392541009,0.4444444444444444,0.14285714285714285,0.8118749999999991,923,77,26,14,
C,low_gamma,band,svm_rbf,0.6250210552586363,0.6428571428571428,0.25,1.0,926,74,26,14,
C,low_gamma,band,random_forest,0.5387768414091308,0.5345238095238095,0.16666666666666666,0.8571428571428572,926,74,26,14,
C,high_gamma,band,svm_rbf,0.4365857191750049,0.43333333333333335,0.07142857142857142,0.7857142857142857,924,76,26,14,
C,high_gamma,band,random_forest,0.4209338761286813,0.4577380952380953,0.04621212121212124,0.6986363636363627,924,76,26,14,
C,fast_gamma,band,svm_rbf,0.43984731712250674,0.4375,0.1,0.7853174603174597,923,77,26,14,
C,fast_gamma,band,random_forest,0.45981438207873737,0.5,0.1,0.75,923,77,26,14,
C,theta_delta,ratio,svm_rbf,0.38661850190820146,0.4,0.07142857142857142,0.7126488095238097,932,68,26,14,
C,theta_delta,ratio,random_forest,0.3787119175531193,0.375,0.09090909090909091,0.7237012987012991,932,68,26,14,
C,beta_delta,ratio,svm_rbf,0.4178294778404187,0.41666666666666663,0.1,0.7791666666666663,914,86,26,14,
C,beta_delta,ratio,random_forest,0.38948664847187825,0.3908730158730158,0.1397321428571429,0.7142857142857143,914,86,26,14,
C,low_gamma_delta,ratio,svm_rbf,0.46022935845516494,0.5,0.1,0.8,930,70,26,14,
C,low_gamma_delta,ratio,random_forest,0.358396873437196,0.35565476190476186,0.07410714285714287,0.6666666666666666,930,70,26,14,
C,high_gamma_delta,ratio,svm_rbf,0.4294479364740803,0.42857142857142855,0.1,0.75,918,82,26,14,
C,high_gamma_delta,ratio,random_forest,0.5819416467700781,0.5833333333333334,0.25,0.9,918,82,26,14,
C,fast_gamma_delta,ratio,svm_rbf,0.4022132796780684,0.41666666666666663,0.1,0.6875,923,77,26,14,
C,fast_gamma_delta,ratio,random_forest,0.49253627827571483,0.5,0.2,0.8571428571428572,923,77,26,14,
C,beta_theta,ratio,svm_rbf,0.39979818216717783,0.4,0.1,0.7090773809523809,916,84,26,14,
C,beta_theta,ratio,random_forest,0.4332612181001919,0.4375,0.10972222222222222,0.75,916,84,26,14,
C,low_gamma_theta,ratio,svm_rbf,0.4325396627182342,0.4285714285714286,0.08333333333333333,0.7838888888888884,910,90,26,14,
C,low_gamma_theta,ratio,random_forest,0.385785940250226,0.375,0.1,0.7,910,90,26,14,
C,high_gamma_theta,ratio,svm_rbf,0.5141466854282442,0.5238095238095238,0.08333333333333333,0.875,911,89,26,14,
C,high_gamma_theta,ratio,random_forest,0.44436603767009913,0.4583333333333333,0.1412337662337662,0.75,911,89,26,14,
C,fast_gamma_theta,ratio,svm_rbf,0.4881228977320182,0.5,0.1,0.8333333333333333,921,79,26,14,
C,fast_gamma_theta,ratio,random_forest,0.4797779175222172,0.5,0.16666666666666666,0.8125,921,79,26,14,
C,low_gamma_beta,ratio,svm_rbf,0.4720154231481092,0.5,0.14285714285714285,0.8333333333333333,927,73,26,14,
C,low_gamma_beta,ratio,random_forest,0.5020905410063986,0.5,0.15,0.8333333333333333,927,73,26,14,
C,high_gamma_beta,ratio,svm_rbf,0.4638033687623852,0.5,0.125,0.8125,915,85,26,14,
C,high_gamma_beta,ratio,random_forest,0.4001579689284607,0.41666666666666663,0.125,0.6839583333333332,915,85,26,14,
C,fast_gamma_beta,ratio,svm_rbf,0.466213415708503,0.48065476190476186,0.1111111111111111,0.8333333333333333,916,84,26,14,
C,fast_gamma_beta,ratio,random_forest,0.5688424112277823,0.5416666666666666,0.3,0.9166666666666667,916,84,26,14,
C,high_gamma_low_gamma,ratio,svm_rbf,0.4287848187848187,0.4444444444444444,0.10111111111111114,0.75,925,75,26,14,
C,high_gamma_low_gamma,ratio,random_forest,0.4957751317751318,0.5,0.20892857142857144,0.85,925,75,26,14,
C,fast_gamma_low_gamma,ratio,svm_rbf,0.42630234759267016,0.42857142857142855,0.0625,0.7916666666666667,930,70,26,14,
C,fast_gamma_low_gamma,ratio,random_forest,0.5929346072088009,0.6071428571428572,0.2222222222222222,0.9166666666666667,930,70,26,14,
C,fast_gamma_high_gamma,ratio,svm_rbf,0.3849339252547809,0.4,0.0,0.675,935,65,26,14,
C,fast_gamma_high_gamma,ratio,random_forest,0.3575213378421934,0.35714285714285715,0.07142857142857142,0.7,935,65,26,14,
D,delta,band,svm_rbf,0.4850422169394037,0.48636363636363633,0.23990747814277225,0.7313186813186814,985,15,76,18,
D,delta,band,random_forest,0.5052582360547525,0.5098039215686274,0.26598290598290597,0.7201388888888888,985,15,76,18,
D,theta,band,svm_rbf,0.5076328068828175,0.512987012987013,0.2342857142857143,0.75,985,15,76,18,
D,theta,band,random_forest,0.5098860705564701,0.5142857142857142,0.30045112781954886,0.706862745098039,985,15,76,18,
D,beta,band,svm_rbf,0.5203788825645806,0.5205128205128204,0.2885406698564594,0.75,989,11,76,18,
D,beta,band,random_forest,0.5129026664263674,0.5181818181818182,0.3063333333333333,0.7,989,11,76,18,
D,low_gamma,band,svm_rbf,0.535557161693171,0.5368421052631579,0.29803228900255757,0.75,982,18,76,18,
D,low_gamma,band,random_forest,0.5213419961648865,0.525,0.29731968810916176,0.7214646464646465,982,18,76,18,
D,high_gamma,band,svm_rbf,0.5204225637805514,0.525,0.2711180124223602,0.75,985,15,76,18,
D,high_gamma,band,random_forest,0.5102603611700666,0.5181818181818182,0.25999999999999995,0.7098484848484848,985,15,76,18,
D,fast_gamma,band,svm_rbf,0.4899527672091585,0.48718358580890553,0.25,0.7314018218623481,986,14,76,18,
D,fast_gamma,band,random_forest,0.5272117883193632,0.5281746031746032,0.3013020833333333,0.7265963203463204,986,14,76,18,
D,theta_delta,ratio,svm_rbf,0.47912933056646434,0.481096689688021,0.24521493212669682,0.6725478468899522,976,24,76,18,
D,theta_delta,ratio,random_forest,0.4767185160846027,0.4796626984126984,0.25581293706293706,0.6767361111111112,976,24,76,18,
D,beta_delta,ratio,svm_rbf,0.5169382952389343,0.5178571428571429,0.35714285714285715,0.6873245320855615,982,18,76,18,
D,beta_delta,ratio,random_forest,0.4813035163337605,0.4834249084249084,0.27577205882352945,0.6660087719298246,982,18,76,18,
D,low_gamma_delta,ratio,svm_rbf,0.4990650159428392,0.501890756302521,0.34529352226720644,0.6347298534798534,986,14,76,18,
D,low_gamma_delta,ratio,random_forest,0.539829076581353,0.5484983766233766,0.3660714285714286,0.6764705882352942,986,14,76,18,
D,high_gamma_delta,ratio,svm_rbf,0.48180022399057726,0.4976190476190476,0.2916666666666667,0.6168939393939393,989,11,76,18,
D,high_gamma_delta,ratio,random_forest,0.4960444397411057,0.4977272727272727,0.3,0.6720798691563309,989,11,76,18,
D,fast_gamma_delta,ratio,svm_rbf,0.4703290031857249,0.47435897435897434,0.26868131868131867,0.6353146853146853,985,15,76,18,
D,fast_gamma_delta,ratio,random_forest,0.52222733180717,0.5222222222222221,0.31346153846153846,0.7327380952380951,985,15,76,18,
D,beta_theta,ratio,svm_rbf,0.40309844634431796,0.40625,0.17833104395604396,0.595558608058608,987,13,76,18,
D,beta_theta,ratio,random_forest,0.4575156961073481,0.462406015037594,0.2717300724637681,0.6379044117647059,987,13,76,18,
D,low_gamma_theta,ratio,svm_rbf,0.46899820819442734,0.475,0.22693452380952378,0.6666666666666666,981,19,76,18,
D,low_gamma_theta,ratio,random_forest,0.5038689326535487,0.5,0.31875477463712754,0.6950483091787439,981,19,76,18,
D,high_gamma_theta,ratio,svm_rbf,0.5174923701844886,0.525,0.25955357142857144,0.7279093567251462,983,17,76,18,
D,high_gamma_theta,ratio,random_forest,0.5609729420905899,0.5686274509803921,0.3522916666666666,0.7520454545454542,983,17,76,18,
D,fast_gamma_theta,ratio,svm_rbf,0.4601651849821462,0.46794871794871795,0.20317460317460317,0.6798701298701298,985,15,76,18,
D,fast_gamma_theta,ratio,random_forest,0.48759721955946106,0.48713235294117646,0.28471528471528473,0.6666666666666666,985,15,76,18,
D,low_gamma_beta,ratio,svm_rbf,0.5714135320991295,0.5681818181818181,0.3672463768115942,0.7621280680104208,969,31,76,18,
D,low_gamma_beta,ratio,random_forest,0.5589754473379162,0.5584415584415584,0.3920745920745921,0.7297152194211016,969,31,76,18,
D,high_gamma_beta,ratio,svm_rbf,0.4627003083717643,0.47101449275362317,0.22725490196078432,0.6591908091908092,985,15,76,18,
D,high_gamma_beta,ratio,random_forest,0.5197692756826081,0.5208333333333334,0.33,0.6918233082706766,985,15,76,18,
D,fast_gamma_beta,ratio,svm_rbf,0.46521481255312774,0.47115384615384615,0.24337606837606837,0.65625,985,15,76,18,
D,fast_gamma_beta,ratio,random_forest,0.5082622992641943,0.5117845117845118,0.3161904761904762,0.6730882352941175,985,15,76,18,
D,high_gamma_low_gamma,ratio,svm_rbf,0.45432127674060213,0.45614035087719296,0.2222222222222222,0.6647916666666664,979,21,76,18,
D,high_gamma_low_gamma,ratio,random_forest,0.4142036183596812,0.41628959276018096,0.21953044375644995,0.6077976190476191,979,21,76,18,
D,fast_gamma_low_gamma,ratio,svm_rbf,0.4358147646381695,0.43939393939393934,0.1875,0.6516436688311689,982,18,76,18,
D,fast_gamma_low_gamma,ratio,random_forest,0.47250544021711294,0.46981089086352246,0.28125,0.6777403846153848,982,18,76,18,
D,fast_gamma_high_gamma,ratio,svm_rbf,0.4820413389057141,0.4861385595081248,0.2513020833333333,0.7079108391608392,976,24,76,18,
D,fast_gamma_high_gamma,ratio,random_forest,0.4832537420198426,0.48333333333333334,0.275297619047619,0.6780545112781955,976,24,76,18,
