mouse,group,cable,differential_file,recording_date,diet_phase,days_on_diet,days_in_recovery,body_weight,body_weight_source,estrous_phase,delta_abs,delta_rel,theta_abs,theta_rel,beta_abs,beta_rel,low_gamma_abs,low_gamma_rel,high_gamma_abs,high_gamma_rel,fast_gamma_abs,fast_gamma_rel,total_power
2,CTRL,Cable1,Mouse2_Cable1_CTRL_2026-03-04_11-03-06_DIFF_Ch3_minus_Ch4.npy,2026-03-04,diet,9.0,,32.13,interpolated,B,23902293.602231618,0.4996972021646095,5960328.278841683,0.26886909306792733,415606.5065157302,0.050698103843696725,105232.91125862408,0.025786449136789402,26187.76323106245,0.00857660883538214,10747.348026351885,0.003579687772122344,919786.4706051209
2,CTRL,Cable1,Mouse2_Cable1_CTRL_2026-03-09_11-20-55_DIFF_Ch3_minus_Ch4.npy,2026-03-09,diet,14.0,,31.5,measured,B,3341770.581231602,0.25903111886069635,2536171.902607889,0.44586247078600827,140796.47624714766,0.0645114945202155,46919.44857674459,0.04347996146302618,14580.155854343471,0.017949279075931985,6100.369413190704,0.007634184925855806,236439.68625127082
2,CTRL,Cable1,Mouse2_Cable1_CTRL_2026-03-14_11-15-50_DIFF_Ch3_minus_Ch4.npy,2026-03-14,diet,19.0,,30.65,interpolated,B,5299671.456595112,0.1423165648896022,7250694.485040153,0.44782430682830365,624731.9246646324,0.10051680780365774,228705.817776419,0.07400093044177083,103720.84214087995,0.044783197155068476,28141.232976014548,0.012316174391457194,664841.5360751676
2,CTRL,Cable1,Mouse2_Cable1_CTRL_2026-03-19_16-25-11_DIFF_Ch3_minus_Ch4.npy,2026-03-19,diet,24.0,,30.6,measured,B,3351756.383600703,0.24833433944506966,2195980.2922271774,0.36698714703101276,222210.52083306893,0.09845560088533262,89646.24830075579,0.0796569215319304,25730.8954923452,0.03035214487346837,9137.88366467399,0.010948635353238334,246653.80441269433
2,CTRL,Cable1,Mouse2_Cable1_CTRL_2026-03-27_10-36-46_DIFF_Ch3_minus_Ch4.npy,2026-03-27,diet,32.0,,30.65,interpolated,A,17447362.42574928,0.5093059371828048,3233226.53511677,0.22761782576505327,369171.90699937905,0.06914336154923943,130219.45531121767,0.048834113445591125,53861.32737241613,0.026936580570224817,17495.063324918436,0.00887606608632477,647516.5531236306
2,CTRL,Cable1,Mouse2_Cable1_CTRL_2026-04-01_10-31-21_DIFF_Ch3_minus_Ch4.npy,2026-04-01,recovery,,2.0,31.13,interpolated,A,12038894.038297208,0.35677305476100324,4573059.002749368,0.3086723524393983,464153.04550560436,0.08207011686707162,179783.9924875079,0.06401067830474784,71674.19225753042,0.03404180225997534,28832.444667705488,0.013909078116136326,629768.7512896681
2,CTRL,Cable1,Mouse2_Cable1_CTRL_2026-03-30_10-02-35_DIFF_Ch3_minus_Ch4.npy,2026-03-30,diet,35.0,,29.6,measured,D,1515711.7340823025,0.2650882323561624,789275.1303149747,0.316159415525805,105770.91046403116,0.11252563678404841,43953.22796901509,0.09332379295845492,16420.963805282394,0.04638690604225932,7487.538688512107,0.021484785546775156,103747.38599943115
5,CTRL,Cable1,Mouse5_Cable1_CTRL_2026-03-06_11-12-15_DIFF_Ch2_minus_Ch3.npy,2026-03-06,diet,11.0,,30.95,interpolated,D,2148982.567244909,0.16144456496976203,2200891.3572146175,0.38362295514989164,320090.7605865192,0.14652184716014643,75659.36101254643,0.0692478115372999,21886.740830820647,0.026738564406488117,8569.23138241177,0.010650337506379186,235587.2736867683
5,CTRL,Cable1,Mouse5_Cable1_CTRL_2026-03-11_11-11-07_DIFF_Ch2_minus_Ch3.npy,2026-03-11,diet,16.0,,29.77,interpolated,C,667322.9470084962,0.2555488746176252,439150.34464540024,0.41194123206298533,30150.514108681633,0.0734003450130824,10600.580783800498,0.0520203224176334,4957.855314616533,0.03242913351925453,2646.1504353910955,0.017587219583428862,45894.240739588466
5,CTRL,Cable1,Mouse5_Cable1_CTRL_2026-03-17_10-31-53_DIFF_Ch2_minus_Ch3.npy,2026-03-17,diet,22.0,,29.33,interpolated,C,670519.9272209455,0.24564865032053906,498504.18469780765,0.4443380551493314,29700.68831404032,0.06854850727889235,9802.730631606833,0.04561193040046111,4185.02738171711,0.025942337787836504,2100.3888114283145,0.01323164720319318,48043.512470986665
5,CTRL,Cable1,Mouse5_Cable1_CTRL_2026-03-24_12-38-34_DIFF_Ch2_minus_Ch3.npy,2026-03-24,diet,29.0,,29.17,interpolated,D,240409.7916717794,0.6676891274756288,18376.089349409613,0.13300026374563684,2144.186362075761,0.041454977846860044,980.4954674290348,0.038129506284409614,562.7903348343885,0.029171612109816766,429.2265153608233,0.022617743781915094,6992.3088257384525
5,CTRL,Cable1,Mouse5_Cable1_CTRL_2026-04-01_10-55-04_DIFF_Ch2_minus_Ch3.npy,2026-04-01,recovery,,2.0,29.7,interpolated,B,236202.28977745227,0.6336239753863071,21284.848966071993,0.1462339293966111,2576.10109773655,0.047323126139761064,1109.6290503509736,0.041067845453483666,624.175382265936,0.03079887072163282,469.7726082065153,0.023559921189285255,7169.910869124645
5,CTRL,Cable1,Mouse5_Cable1_CTRL_2026-03-30_10-27-44_DIFF_Ch2_minus_Ch3.npy,2026-03-30,diet,35.0,,28.9,measured,D,222330.34873450347,0.6398336591278769,19149.723804514117,0.14239333629422668,2279.33440520348,0.04535564361462857,1052.670599303649,0.042130533617471,598.2849820027649,0.03192063587653825,447.89797756927055,0.024295626351293582,6684.398581732552
7,CTRL,Cable1,Mouse7_Cable1_CTRL_2026-03-04_11-40-58_DIFF_Ch3_minus_Ch4.npy,2026-03-04,diet,9.0,,31.0,interpolated,C,2744149.958435773,0.2271771268833892,1730957.4586673297,0.32127773482744,164019.2479782996,0.08166091039586829,110660.33099201824,0.11119559184105063,39119.671518790805,0.052012517595447824,19564.066362036036,0.026428469272450267,219064.06934145815
7,CTRL,Cable1,Mouse7_Cable1_CTRL_2026-03-09_11-59-34_DIFF_Ch3_minus_Ch4.npy,2026-03-09,diet,14.0,,30.2,measured,D,10294732.426675376,0.3210267462414831,4828320.745553347,0.33087640098396576,477201.8983142217,0.08757620951435625,122332.49514149327,0.04510513145060445,47852.144496067864,0.02357000318445912,21322.956512993947,0.010679720692121452,593201.5129643317
7,CTRL,Cable1,Mouse7_Cable1_CTRL_2026-03-14_11-51-43_DIFF_Ch3_minus_Ch4.npy,2026-03-14,diet,19.0,,31.05,interpolated,D,2399840.3133458807,0.18441228163245987,2211288.1747073205,0.39158635609947173,184562.0028399705,0.08611034433140387,88637.29940514604,0.08301149401833731,41583.13889827459,0.051789662819773916,20342.12436458205,0.025763678501633844,232477.4581873877
7,CTRL,Cable1,Mouse7_Cable1_CTRL_2026-03-19_17-01-34_DIFF_Ch3_minus_Ch4.npy,2026-03-19,diet,24.0,,30.3,measured,C,1906878.2094322878,0.19578336966519042,1289053.7088771907,0.30245629692991133,251004.3080734515,0.1586169273229087,76304.37756714861,0.09537546589459485,33629.71799938124,0.056094670184939244,15779.882927550972,0.026742910807944626,174145.39510605787
7,CTRL,Cable1,Mouse7_Cable1_CTRL_2026-03-27_11-12-28_DIFF_Ch3_minus_Ch4.npy,2026-03-27,diet,32.0,,28.72,interpolated,D,3261525.5553070838,0.2197680810071521,1924963.834908257,0.2902014936004916,287610.86979194847,0.11655730818062104,124274.85328223556,0.10069586519367586,58917.24785777377,0.06373305065227397,27241.05796229321,0.02992314285499382,268741.05459647696
7,CTRL,Cable1,Mouse7_Cable1_CTRL_2026-04-01_11-18-33_DIFF_Ch3_minus_Ch4.npy,2026-04-01,recovery,,2.0,29.0,interpolated,A,1666680.6821807935,0.22422153289278884,935945.8487920889,0.2861396448161416,142174.2884138289,0.11642922620285384,65831.34526408969,0.10768269430113497,34868.44262828226,0.07611627772592239,16306.856564964142,0.03614394303327289,133811.0700203223
7,CTRL,Cable1,Mouse7_Cable1_CTRL_2026-03-30_10-51-09_DIFF_Ch3_minus_Ch4.npy,2026-03-30,diet,35.0,,28.2,measured,D,1955698.353587556,0.19726026268737215,1350402.713191597,0.31027552269690045,207024.61051475472,0.1264182117367262,75514.00692240031,0.09247447308590283,35191.59189895629,0.057443587696662246,15967.208421513991,0.02648475326222479,177670.95816975075
8,CTRL,Cable1,Mouse8_Cable1_CTRL_2026-03-06_11-51-01_DIFF_Ch3_minus_Ch4.npy,2026-03-06,diet,11.0,,30.65,interpolated,C,1908907.7069607056,0.1859641048141563,1781524.9616542547,0.4000515545092601,168101.16377659,0.09990326312278443,57923.6987839799,0.0689698540384198,22070.407560360818,0.03496881242920052,11142.990752189799,0.017953671972977737,183184.4648757839
8,CTRL,Cable1,Mouse8_Cable1_CTRL_2026-03-11_11-51-53_DIFF_Ch3_minus_Ch4.npy,2026-03-11,diet,16.0,,29.77,interpolated,C,3251259.4657177418,0.22980739375531622,2467013.8557757484,0.39698485830484026,207883.7210838529,0.08790090396903016,93605.48067280572,0.08004746872627892,19266.926470859577,0.02179396393766776,8475.152909021692,0.009741946849110648,256748.30281775637
8,CTRL,Cable1,Mouse8_Cable1_CTRL_2026-03-17_11-09-26_DIFF_Ch3_minus_Ch4.npy,2026-03-17,diet,22.0,,29.2,interpolated,D,1484198.3743965984,0.10279965513220567,3279574.9531250955,0.5303731742854795,200397.33178522455,0.08447273324629165,56031.941038043886,0.047403651342933,22822.95247444848,0.025753767573188188,8113.400857106031,0.009299621742737746,252666.2265508176
8,CTRL,Cable1,Mouse8_Cable1_CTRL_2026-03-24_13-14-52_DIFF_Ch3_minus_Ch4.npy,2026-03-24,diet,29.0,,29.57,interpolated,B,3314675.8298941893,0.05969834955583619,14042519.38116394,0.5773544235588434,712276.3088023312,0.07651480417781972,139033.10816882105,0.02992385575133772,61801.291958024194,0.01781222659230699,8255.561385822492,0.002410080412192352,980769.6140821724
8,CTRL,Cable1,Mouse8_Cable1_CTRL_2026-04-01_11-42-11_DIFF_Ch3_minus_Ch4.npy,2026-04-01,recovery,,2.0,29.73,interpolated,A,2759256.194257073,0.05666179527564857,12947088.87478601,0.614216770846981,577842.5444660925,0.07096930561116752,113287.68848792405,0.02785311605132874,53208.080072136116,0.017531015835211994,8387.980691395878,0.0027994317348520375,857781.3406997646
8,CTRL,Cable1,Mouse8_Cable1_CTRL_2026-03-30_11-14-35_DIFF_Ch3_minus_Ch4.npy,2026-03-30,diet,35.0,,28.6,measured,D,2707673.5610432993,0.053011027905634465,13078767.31769439,0.586280641739362,625158.4629004315,0.07367191483732193,121157.00699986903,0.02855394806801754,44497.69270191384,0.014007948211608782,7405.79677838173,0.002363112557537322,896798.4843878323
13,CTRL,Cable1,Mouse13_Cable1_CTRL_2026-02-19_11-46-09_DIFF_Ch2_minus_Ch3.npy,2026-02-19,baseline,,,30.5,baseline,D,2972098.0773834516,0.18016809186714802,2906443.9007394495,0.4069016851448993,293164.8288117616,0.1058981053269335,94680.43579726577,0.06870510650306502,44411.9998259139,0.04302710709115641,30549.168991478295,0.030135380064325295,297404.72150655766
13,CTRL,Cable1,Mouse13_Cable1_CTRL_2026-03-04_12-19-35_DIFF_Ch2_minus_Ch3.npy,2026-03-04,diet,9.0,,28.37,interpolated,B,2614376.711080431,0.2968001383590902,846050.7914358297,0.21435588043446,162155.48342364942,0.11060766736973277,77980.83839008922,0.10655810554184209,45050.69321833751,0.0821325620936331,30048.07811821257,0.05569961224094746,161886.45414138053
13,CTRL,Cable1,Mouse13_Cable1_CTRL_2026-03-09_12-34-46_DIFF_Ch2_minus_Ch3.npy,2026-03-09,diet,14.0,,27.4,measured,A,11058463.941772148,0.37217798961125353,3270956.68054411,0.2435850298918185,460087.9262119715,0.09214522059854409,225202.8744011188,0.09162973214383754,51799.06564809773,0.02781351374482396,31049.938488990527,0.016954557728646617,553316.3497682079
13,CTRL,Cable1,Mouse13_Cable1_CTRL_2026-03-14_12-26-46_DIFF_Ch2_minus_Ch3.npy,2026-03-14,diet,19.0,,28.2,interpolated,D,3900290.2566153295,0.31877454977245595,1582573.4376477224,0.2860194966757455,210100.95031293365,0.10267913646469928,62248.175702845525,0.06117266477890782,27114.770330467487,0.035506488564791,14343.200028626581,0.019084078530245352,224903.45753372397
13,CTRL,Cable1,Mouse13_Cable1_CTRL_2026-03-17_11-45-07_DIFF_Ch2_minus_Ch3.npy,2026-03-17,diet,22.0,,28.07,interpolated,A,2446058.9194939593,0.3268162590895041,788085.2553203397,0.2345171630854867,134257.19153339384,0.10755108068254501,59121.152913390906,0.09506644689802536,24322.238992882656,0.052075942322285594,14307.3285606297,0.031166595078913315,138427.25327680426
13,CTRL,Cable1,Mouse13_Cable1_CTRL_2026-03-27_11-54-52_DIFF_Ch2_minus_Ch3.npy,2026-03-27,diet,32.0,,26.9,interpolated,C,5804632.446645053,0.1722341743896797,3843821.9459790075,0.25329320045477477,1053260.0939110785,0.18476091785052234,377668.43588478956,0.13277731985883737,69900.37677365215,0.03268086940491992,23185.422187334127,0.011079694338240197,609147.5980775198
13,CTRL,Cable1,Mouse13_Cable1_CTRL_2026-04-01_12-05-44_DIFF_Ch2_minus_Ch3.npy,2026-04-01,recovery,,2.0,28.17,interpolated,B,14863395.336787537,0.19928506751546451,9907836.964244723,0.2907725447578291,2366996.950069519,0.18472987363614193,430179.1875039985,0.06722044871602371,79150.40194385206,0.016596852511551432,35420.437723205614,0.00755810563419529,1364793.5663784277
13,CTRL,Cable1,Mouse13_Cable1_CTRL_2026-03-30_11-38-49_DIFF_Ch2_minus_Ch3.npy,2026-03-30,diet,35.0,,26.9,measured,D,2958804.2029105453,0.18197022604666066,2193868.492101632,0.301380501317492,584598.0346793132,0.21133699425215094,113845.07575289003,0.08207196858811634,25951.568080247584,0.02521318219377005,15451.174521273342,0.015308886709770366,293927.4264172731
18,CTRL,Cable1,Mouse18_Cable1_CTRL_2026-02-21_11-53-58_DIFF_Ch3_minus_Ch4.npy,2026-02-21,baseline,,,35.3,baseline,B,1172213.7798073404,0.22086956745666275,669935.8420917446,0.2940616573469497,105410.97554922951,0.1225498786482687,44387.91699748369,0.10327895101301121,20255.83141418113,0.06279894469426825,9638.3775003089,0.030392071708912914,94155.77960134254
18,CTRL,Cable1,Mouse18_Cable1_CTRL_2026-03-06_12-29-54_DIFF_Ch3_minus_Ch4.npy,2026-03-06,diet,11.0,,32.83,interpolated,D,19339452.180963203,0.31173755728326136,9509129.736222152,0.3331316365874627,1129220.3678657329,0.10645720856714579,285325.271299705,0.05380228128626241,72568.35491214678,0.018319242471395207,27790.543994808348,0.007132572792756063,1146618.09098493
18,CTRL,Cable1,Mouse18_Cable1_CTRL_2026-03-11_12-32-08_DIFF_Ch3_minus_Ch4.npy,2026-03-11,diet,16.0,,31.3,interpolated,D,8627724.994640224,0.33179168621252775,2758761.363865963,0.23638074882184856,640730.6617659314,0.14978911447891669,183712.5745160191,0.08510193301887467,47192.0446016461,0.02915797335422776,22509.96506742825,0.014153857377273513,480477.97949299886
18,CTRL,Cable1,Mouse18_Cable1_CTRL_2026-03-19_17-37-41_DIFF_Ch3_minus_Ch4.npy,2026-03-19,diet,24.0,,29.8,measured,C,793130.8926945261,0.1956774631883474,416052.77327024785,0.23957026533349574,143650.27473994094,0.22044041408178952,35002.7852190804,0.10730584509267405,11259.801588294029,0.045896676653086985,4535.658174260886,0.018803715356452994,71461.78671478224
18,CTRL,Cable1,Mouse18_Cable1_CTRL_2026-03-24_13-50-15_DIFF_Ch3_minus_Ch4.npy,2026-03-24,diet,29.0,,30.37,interpolated,D,785666.9272701798,0.17762766964105475,451449.5749646745,0.23660136142103325,168241.1022199465,0.2377994320775961,38807.739733113835,0.10810948796997437,12392.985979292047,0.04612842643308862,5427.661990976817,0.020545359490948364,77830.29406241143
18,CTRL,Cable1,Mouse18_Cable1_CTRL_2026-04-01_12-28-44_DIFF_Ch3_minus_Ch4.npy,2026-04-01,recovery,,2.0,30.43,interpolated,C,7555359.806108212,0.15567242212784618,7129162.446688717,0.3283475352711449,1552580.4419291026,0.19227534691143938,407392.0391561406,0.1000048765008829,71562.81082138108,0.0234883939022326,14456.084295253819,0.004827056067015175,864587.215749109
18,CTRL,Cable1,Mouse18_Cable1_CTRL_2026-03-30_12-01-38_DIFF_Ch3_minus_Ch4.npy,2026-03-30,diet,35.0,,30.1,measured,A,995776.9527740836,0.14962952141994612,793465.6857400675,0.27457730933907554,273381.48648756667,0.2511633142043277,43836.75877713381,0.07959498529123055,13014.959048487177,0.031652682708809166,5554.541191744212,0.013731676117967042,118066.29400524143
19,CTRL,Cable1,Mouse19_Cable1_CTRL_2026-02-21_13-53-25_DIFF_Ch3_minus_Ch4.npy,2026-02-21,baseline,,,29.1,baseline,A,4222670.113344272,0.3281905400502992,1798253.957266152,0.3140706891731331,206854.7506014625,0.09626572976579988,58209.02824773987,0.05422645163481349,24224.586167728972,0.030153166198652236,14322.61724673341,0.018137084596089096,236961.82506225948
19,CTRL,Cable1,Mouse19_Cable1_CTRL_2026-03-04_12-59-01_DIFF_Ch3_minus_Ch4.npy,2026-03-04,diet,9.0,,29.37,interpolated,B,7404251.970568769,0.25896007495548334,5483750.806901251,0.4453191283110507,441529.283523371,0.09199494759367007,82144.945389751,0.034566457279147575,25691.184724013303,0.014396352649143919,13050.83931601573,0.0074150330163311635,521474.0010943062
19,CTRL,Cable1,Mouse19_Cable1_CTRL_2026-03-09_13-11-23_DIFF_Ch3_minus_Ch4.npy,2026-03-09,diet,14.0,,29.7,measured,B,2433625.75660361,0.2348796741969814,1558846.5272890776,0.34041770272487026,216907.66485613893,0.12533131494149727,61188.220780227384,0.07107097943459276,20086.97299421203,0.031006724391414536,10153.17580700517,0.01592225292408951,187853.2870356926
19,CTRL,Cable1,Mouse19_Cable1_CTRL_2026-03-14_13-02-22_DIFF_Ch3_minus_Ch4.npy,2026-03-14,diet,19.0,,29.15,interpolated,D,4072611.5783680356,0.4510085888428588,698219.9575292458,0.19266147573363102,140967.38012837782,0.10449079799384364,38944.91338384519,0.05770711168820004,16219.406612558863,0.03193473370317517,9181.238171387326,0.01834977148898611,165414.8314389553
19,CTRL,Cable1,Mouse19_Cable1_CTRL_2026-03-19_19-00-58_DIFF_Ch3_minus_Ch4.npy,2026-03-19,diet,24.0,,28.5,measured,D,1753569.3508261673,0.264067530893987,764941.9095974641,0.26149101849961,173558.00525875698,0.15852359127031374,48404.40441081425,0.08813304901587318,20471.522305424412,0.04972811909260465,10406.52542866517,0.025637221114440552,120898.00330102442
19,CTRL,Cable1,Mouse19_Cable1_CTRL_2026-03-27_12-30-35_DIFF_Ch3_minus_Ch4.npy,2026-03-27,diet,32.0,,29.03,interpolated,D,3901035.471726486,0.2546999565133523,1751260.8589774002,0.2533284807457185,482239.40527861746,0.1885345000330391,122871.39304579933,0.09483733485064397,36187.8983097534,0.03735582402090953,14970.810278756157,0.015699268649480368,281829.1594240021
19,CTRL,Cable1,Mouse19_Cable1_CTRL_2026-04-01_12-52-41_DIFF_Ch3_minus_Ch4.npy,2026-04-01,recovery,,2.0,29.27,interpolated,D,1685918.624291643,0.2915785290409381,697776.0538652973,0.27484653357463856,119476.81442112505,0.1245003535683163,39890.72492151594,0.08328741845226369,17285.985266629326,0.04810308161108481,9901.435398638498,0.028034464664897358,105906.61783402275
19,CTRL,Cable1,Mouse19_Cable1_CTRL_2026-03-30_12-31-14_DIFF_Ch3_minus_Ch4.npy,2026-03-30,diet,35.0,,28.8,measured,B,1153214.8090791344,0.2450294631277536,604433.5473350312,0.2986400360358657,105554.22237736984,0.1376845468212439,34877.26556764332,0.09045713817601317,15907.677552368228,0.05515484539773128,7308.731610370704,0.02573751402001635,84672.85546610942
24,CTRL,Cable1,Mouse24_Cable1_CTRL_2026-03-06_13-06-06_DIFF_Ch2_minus_Ch3.npy,2026-03-06,diet,11.0,,27.02,interpolated,B,1084993.5620740806,0.277354134124415,528805.1509367303,0.31532575406878033,60964.38886223078,0.09643778300121551,24056.022165329803,0.07634666361913084,10951.414713252625,0.04629652999699797,6027.677875029421,0.025888832246568728,70070.63384782895
24,CTRL,Cable1,Mouse24_Cable1_CTRL_2026-03-11_13-10-18_DIFF_Ch2_minus_Ch3.npy,2026-03-11,diet,16.0,,26.93,interpolated,C,3226347.5271480256,0.32551674203209785,1528804.564053016,0.3448644206577588,125003.7831371507,0.0745535935495878,34670.087516938205,0.04175289025575907,12932.962551910541,0.020813994234742245,6851.413602469259,0.011217517899538905,182918.65322098558
24,CTRL,Cable1,Mouse24_Cable1_CTRL_2026-03-17_12-19-55_DIFF_Ch2_minus_Ch3.npy,2026-03-17,diet,22.0,,26.57,interpolated,D,772104.0115745714,0.3662414647875832,187793.78505273742,0.20908132830130072,34098.28825034374,0.1017983562713467,15736.814704196831,0.09423770267185726,7881.655658812709,0.0629500660602121,4546.663669329255,0.03690712695227685,38425.30039592731
24,CTRL,Cable1,Mouse24_Cable1_CTRL_2026-03-24_14-29-11_DIFF_Ch2_minus_Ch3.npy,2026-03-24,diet,29.0,,25.8,interpolated,C,589810.6759181886,0.26582340526638687,219905.83374752174,0.2340013228535524,44554.99158452888,0.12644925508417176,19323.143750487332,0.10983486475019509,9476.678771452203,0.07190777934889325,5285.599926845797,0.04074801228838434,39392.15274543402
24,CTRL,Cable1,Mouse24_Cable1_CTRL_2026-04-01_13-17-43_DIFF_Ch2_minus_Ch3.npy,2026-04-01,recovery,,2.0,26.07,interpolated,C,704842.4244260708,0.28943347987779805,244141.5660477307,0.233937162868471,47091.853006192185,0.12047600935748443,20058.98751907173,0.10275181791143034,9769.528313510558,0.06679852611498455,5369.791101041368,0.03729582688314472,43800.41819408512
24,CTRL,Cable1,Mouse24_Cable1_CTRL_2026-03-30_12-54-24_DIFF_Ch2_minus_Ch3.npy,2026-03-30,diet,35.0,,25.2,measured,D,669232.441136074,0.2653222466278191,238504.2235584695,0.21874201107125654,59936.95470268293,0.1481287039360503,20850.202900586253,0.10271027309173597,9480.455381904554,0.06239112373884419,5135.413187762821,0.03433785649963705,45177.4842736083
26,CTRL,Cable1,Mouse26_Cable1_CTRL_2026-02-21_14-36-19_DIFF_Ch3_minus_Ch4.npy,2026-02-21,baseline,,,33.0,baseline,A,1506133.7390649612,0.28935116327255794,610576.6643609931,0.2707414659248238,85866.01569066524,0.10104657072219941,46460.82200820006,0.10975494873927025,20678.40683767346,0.06492060754487167,9962.709055698015,0.03177786987399522,94419.145839512
26,CTRL,Cable1,Mouse26_Cable1_CTRL_2026-03-19_15-33-40_DIFF_Ch3_minus_Ch4.npy,2026-03-19,diet,24.0,,32.3,measured,D,1369075.3954511667,0.22211887781115527,778038.4344677282,0.29183907000245346,138556.0838617086,0.1380800315237953,57223.12807197425,0.11341101716129325,25635.901179695433,0.06760096363608857,10690.340677204664,0.028626178249930852,110574.85680564969
26,CTRL,Cable1,Mouse26_Cable1_CTRL_2026-03-24_15-03-43_DIFF_Ch3_minus_Ch4.npy,2026-03-24,diet,29.0,,31.93,interpolated,C,1442316.1050299953,0.24701883690164175,750025.5003454299,0.29657293131091983,101362.11896697384,0.10676180793662349,48801.109717110856,0.10286972324208778,24600.777573187992,0.06909582090012609,10512.046391518083,0.02997006042483997,104602.017413593
26,CTRL,Cable1,Mouse26_Cable1_CTRL_2026-04-01_13-41-00_DIFF_Ch3_minus_Ch4.npy,2026-04-01,recovery,,2.0,31.6,interpolated,A,1085219.8911497942,0.21554089258046322,636747.4940754335,0.2933521877577235,98288.22529958612,0.12036056009437895,46390.1065944603,0.11371849599654352,22915.998888979717,0.07482685605616092,9780.318133669114,0.03240072578868259,89541.55936795451
26,CTRL,Cable1,Mouse26_Cable1_CTRL_2026-03-30_13-16-59_DIFF_Ch3_minus_Ch4.npy,2026-03-30,diet,35.0,,30.4,measured,D,1484986.9874874777,0.2348989804775267,823530.0825208395,0.29633578339196354,112816.72354684443,0.10823993791089481,56442.76253983435,0.10843362364099583,27448.33561447883,0.07019206918528285,11783.408289549188,0.030585394126088506,114003.8790597459
1,HF,Cable1,Mouse1_Cable1_HF_2026-02-21_12-36-13_DIFF_Ch2_minus_Ch3.npy,2026-02-21,baseline,,,31.4,baseline,A,3280485.204705725,0.10944612040015937,7654864.7171096485,0.6181344251683232,342277.8371056383,0.06767020827288178,113439.68532646651,0.04605991063978041,38044.409798593995,0.02052469217316805,16698.65026884326,0.009182005231594181,528055.409549048
1,HF,Cable1,Mouse1_Cable1_HF_2026-03-03_12-16-25_DIFF_Ch2_minus_Ch3.npy,2026-03-03,diet,8.0,,39.87,interpolated,A,6378076.613828639,0.12997085063885847,12546900.099490425,0.6071261952380108,532186.2472944264,0.06379308108434223,164193.19700173495,0.04020502454393643,53022.07344222868,0.01725185676597711,22985.280266290574,0.007629250747611929,873557.0297962057
1,HF,Cable1,Mouse1_Cable1_HF_2026-03-08_11-08-40_DIFF_Ch2_minus_Ch3.npy,2026-03-08,diet,13.0,,38.43,interpolated,A,4253982.692032957,0.0765522003032278,15369856.892940527,0.6749811627466793,580050.5856641297,0.061618642397249936,185440.28443848202,0.0406378652785047,60209.41343911746,0.017513761586454298,27294.16303717502,0.008104096652429798,970647.2958476264
1,HF,Cable1,Mouse1_Cable1_HF_2026-03-13_12-37-21_DIFF_Ch2_minus_Ch3.npy,2026-03-13,diet,18.0,,36.83,interpolated,B,6237660.445920825,0.11143900833829185,13118790.666799586,0.5522268117437519,931800.132238206,0.09887473556148335,315547.5092780343,0.06769277714465557,68647.29056739999,0.019485465658141844,30667.261204811406,0.008866051468148863,1001166.6187766249
1,HF,Cable1,Mouse1_Cable1_HF_2026-03-19_12-55-20_DIFF_Ch2_minus_Ch3.npy,2026-03-19,diet,24.0,,35.7,measured,B,2077138.8885335953,0.12935170013114186,4085416.132234458,0.6132341440555434,169639.63374712554,0.06269096518053223,55626.305916660225,0.04211436835015874,17934.27372549398,0.01802594743264292,9147.148095401906,0.009377219805280173,283790.3135852225
1,HF,Cable1,Mouse1_Cable1_HF_2026-03-26_11-06-11_DIFF_Ch2_minus_Ch3.npy,2026-03-26,diet,31.0,,36.5,measured,D,15824293.422061678,0.38793225390002656,6785140.853581285,0.3909652914185205,363808.0251263423,0.05311100952043662,86868.83492392355,0.02574408225402201,30037.95460579263,0.011860528869753324,13213.826679799999,0.005318340012338312,764631.1399365979
1,HF,Cable1,Mouse1_Cable1_HF_2026-03-31_10-10-35_DIFF_Ch2_minus_Ch3.npy,2026-03-31,recovery,,1.0,35.6,interpolated,D,1491428.9851112843,0.09862177301705034,3746125.0138028003,0.6019907288084521,194264.76301182806,0.07736153157820727,58126.277920126355,0.047192079876302875,21133.41562788797,0.022813591558750082,9934.983759852568,0.010919784327937856,263828.8927068336
1,HF,Cable1,Mouse1_Cable1_HF_2026-04-02_11-07-38_DIFF_Ch2_minus_Ch3.npy,2026-04-02,recovery,,3.0,35.6,measured,A,1957598.7502276502,0.11742374593453038,4194716.541124123,0.6057433939218008,202238.70938414545,0.07217878827073151,55984.53452626551,0.04072005126858647,21271.44491556579,0.020594597941369953,11221.223779516211,0.011067075467247058,294904.05608139146
4,HF,Cable1,Mouse4_Cable1_HF_2026-03-05_10-11-36_DIFF_Ch2_minus_Ch3.npy,2026-03-05,diet,10.0,,39.9,measured,C,2993360.2418119563,0.23615260635712146,2279851.2558191866,0.42341764609627425,146506.36792407633,0.06996952499986311,67964.61904219635,0.06559263340159581,27801.21291788424,0.035711506017779185,13375.242866888555,0.017467886928106007,228410.24574895797
4,HF,Cable1,Mouse4_Cable1_HF_2026-03-10_11-57-39_DIFF_Ch2_minus_Ch3.npy,2026-03-10,diet,15.0,,40.0,interpolated,C,2781128.852395424,0.23178119368391828,2150299.468305594,0.41750489143242037,145382.30824859542,0.07277432030863427,64351.1655911196,0.06510747359959769,26161.55863082302,0.035226440612127236,12889.023780079453,0.017643367140878212,217363.62958350682
4,HF,Cable1,Mouse4_Cable1_HF_2026-03-16_10-06-17_DIFF_Ch2_minus_Ch3.npy,2026-03-16,diet,21.0,,39.2,measured,D,3394116.5051646284,0.23861584125822857,2383302.3765126886,0.39744849553372213,223989.59806794702,0.09613235255742612,86567.88017530004,0.07448861391193416,31690.516531814475,0.03628402182035488,15020.696645971273,0.01749812068921347,256813.75293642734
4,HF,Cable1,Mouse4_Cable1_HF_2026-03-23_10-13-09_DIFF_Ch2_minus_Ch3.npy,2026-03-23,diet,28.0,,38.8,measured,A,10029444.874208344,0.4987393000773085,1848937.7205661691,0.20655174023761247,294728.01256171224,0.08840277997814448,78546.26813398158,0.04695757750114954,22206.328999723268,0.017753367077058095,12790.696304217208,0.0104002226038038,389319.78442686447
4,HF,Cable1,Mouse4_Cable1_HF_2026-03-29_11-58-50_DIFF_Ch2_minus_Ch3.npy,2026-03-29,diet,34.0,,38.45,interpolated,B,3502347.363959884,0.2546330981278487,1895450.0960297964,0.30746359030365716,263619.3800134223,0.11317620698915248,81726.00324478657,0.07082208295180081,31934.523110137598,0.036896087435913515,18831.760863307878,0.022123101084838462,251244.4515911327
4,HF,Cable1,Mouse4_Cable1_HF_2026-03-31_10-34-19_DIFF_Ch2_minus_Ch3.npy,2026-03-31,recovery,,1.0,38.17,interpolated,D,956182.4351899344,0.25437944190492406,451817.23344123457,0.2812358471838622,56605.52321548511,0.0928782801886467,31010.636582224983,0.10178523916191633,18966.197004535137,0.08303108469188698,13283.299737128682,0.059116018372192575,67757.78502805512
4,HF,Cable1,Mouse4_Cable1_HF_2026-04-02_11-35-16_DIFF_Ch2_minus_Ch3.npy,2026-04-02,recovery,,3.0,37.9,measured,B,1406843.028503666,0.33199793637401837,505901.79047571437,0.2687186143991491,67455.37097566845,0.09648848106947501,27573.72540700072,0.07853370184539796,14475.374809221814,0.05505906882718462,9038.393880847558,0.03492177991026335,78291.52998744891
9,HF,Cable1,Mouse9_Cable1_HF_2026-02-19_10-00-27_DIFF_Ch3_minus_Ch4.npy,2026-02-19,baseline,,,32.8,baseline,D,1026770.7877056571,0.19760683696360487,923356.5575120408,0.41844239558479834,73349.34637672617,0.08688653201477083,26442.546713818065,0.06294731221506346,12420.245388963365,0.03942681688580558,6638.61246783551,0.021423099098551498,91839.36199607293
9,HF,Cable1,Mouse9_Cable1_HF_2026-03-03_12-57-35_DIFF_Ch3_minus_Ch4.npy,2026-03-03,diet,8.0,,36.33,interpolated,D,2017255.0905072694,0.35970370794071205,703632.1222189979,0.27836595032240175,84261.5210508687,0.0900851980162945,28774.701299399956,0.06148140863500802,13225.61228688962,0.037691293373685986,7338.545374027817,0.02126080255185203,104142.73012643361
9,HF,Cable1,Mouse9_Cable1_HF_2026-03-08_11-46-38_DIFF_Ch3_minus_Ch4.npy,2026-03-08,diet,13.0,,34.8,interpolated,B,10842591.936788624,0.3155572038756047,5504599.571483372,0.355663241793511,506738.9991531055,0.08653498401096925,119677.11504507274,0.040979842850041893,35786.137864637436,0.0163831397180571,15644.423417285996,0.007283123303948024,636398.5605709489
9,HF,Cable1,Mouse9_Cable1_HF_2026-03-13_13-13-55_DIFF_Ch3_minus_Ch4.npy,2026-03-13,diet,18.0,,35.65,interpolated,A,3759786.7961926656,0.2962576006119084,1611133.3828615418,0.28408154392063134,238271.66316778437,0.11238186944861098,89583.97819182526,0.08498263963048729,22170.913724928854,0.02799062968147846,10946.199197280726,0.0140457648911828,233079.97323750315
9,HF,Cable1,Mouse9_Cable1_HF_2026-03-19_13-32-07_DIFF_Ch3_minus_Ch4.npy,2026-03-19,diet,24.0,,35.0,measured,A,1299790.9889324508,0.24681863662092476,655681.670710426,0.2855696496079491,146080.1724742768,0.1702238631244401,38204.055279311106,0.08819180338861073,11706.688999217049,0.03594483900587752,6042.156798544995,0.018857875662256558,95377.82447457277
9,HF,Cable1,Mouse9_Cable1_HF_2026-03-29_13-02-32_DIFF_Ch3_minus_Ch4.npy,2026-03-29,diet,34.0,,33.95,interpolated,A,1670408.8706856011,0.20067083191983046,1001501.6308373759,0.2735956540054019,309596.69462510326,0.2289940283590734,66026.30373014678,0.09576288786977723,17758.530508461838,0.03439395111214485,8219.503454132868,0.016171397111631,149500.60751093173
9,HF,Cable1,Mouse9_Cable1_HF_2026-04-02_11-58-35_DIFF_Ch3_minus_Ch4.npy,2026-04-02,recovery,,3.0,34.0,measured,D,2696829.7437375756,0.3779771945317518,926947.4978107156,0.2914410534436702,114058.15156073874,0.0976314165687794,29127.473146166234,0.04941667982767058,11356.958792045994,0.02571699555057501,6668.992097789947,0.015372752922948528,132084.97092417168
10,HF,Cable1,Mouse10_Cable1_HF_2026-03-05_10-50-49_DIFF_Ch3_minus_Ch4.npy,2026-03-05,diet,10.0,,37.4,measured,B,1416447.5354925506,0.25614688992856455,823083.2052483221,0.34433953858630106,101088.48264269633,0.11296485218597115,32377.152141985764,0.07212392323697966,10873.41869607453,0.032145227272408886,5298.18152578558,0.015927263798101735,99412.81972618593
10,HF,Cable1,Mouse10_Cable1_HF_2026-03-10_12-49-22_DIFF_Ch3_minus_Ch4.npy,2026-03-10,diet,15.0,,39.13,interpolated,D,1404960.9431764851,0.24525341520514404,814891.3232569705,0.33300260901997336,117306.6859580121,0.1275498588120208,36901.39121778694,0.07988904292682103,11741.44274039555,0.03374208797765886,5903.531166937229,0.017243366471438613,102643.99445359294
10,HF,Cable1,Mouse10_Cable1_HF_2026-03-16_10-44-00_DIFF_Ch3_minus_Ch4.npy,2026-03-16,diet,21.0,,37.6,measured,D,1261723.0791069577,0.22439473885217484,733408.3991995509,0.3022669503591969,163985.21622366662,0.1821816224715231,33614.96286061698,0.07344396311674448,11311.027501725728,0.03296615150267702,5422.77189420515,0.016065649075183156,100493.15479050418
10,HF,Cable1,Mouse10_Cable1_HF_2026-03-23_10-51-51_DIFF_Ch3_minus_Ch4.npy,2026-03-23,diet,28.0,,36.5,measured,A,2690126.6099383957,0.20960342282860633,2093810.41886063,0.3737474537065469,256113.80782061073,0.12051202888458287,69546.94570304405,0.06534485957253972,27132.43261540106,0.03400310670426792,14377.96990502599,0.018319159839276428,230940.54994514128
10,HF,Cable1,Mouse10_Cable1_HF_2026-03-29_12-39-17_DIFF_Ch3_minus_Ch4.npy,2026-03-29,diet,34.0,,35.4,interpolated,B,1867262.9847017564,0.16207959945535502,1293768.0834154922,0.2525884332866146,500683.669715767,0.26705710597445914,88362.48437020375,0.09240158763823741,28653.896148143922,0.03992122706679202,15355.240906196032,0.021694269008806583,206620.9732474663
10,HF,Cable1,Mouse10_Cable1_HF_2026-03-31_11-21-55_DIFF_Ch3_minus_Ch4.npy,2026-03-31,recovery,,1.0,34.87,interpolated,D,1627780.7824571026,0.1743694608844016,1301907.848522711,0.31711913167674954,374625.5338268983,0.2472769741576085,47666.66849942534,0.061422852101099934,12707.04998449149,0.021877795303515413,5714.856710480988,0.01000508158779785,167280.2749682314
10,HF,Cable1,Mouse10_Cable1_HF_2026-04-02_12-22-42_DIFF_Ch3_minus_Ch4.npy,2026-04-02,recovery,,3.0,34.6,measured,A,1984197.2604136877,0.17752291804956474,1551355.3990361984,0.3165514916564091,361689.9293442653,0.19797027053941574,70119.83981302295,0.07541181059647858,28770.17173033277,0.041369693705371566,19263.067443815893,0.028164052051522358,200321.59267413104
14,HF,Cable1,Mouse14_Cable1_HF_2026-03-03_13-37-05_DIFF_Ch2_minus_Ch3.npy,2026-03-03,diet,8.0,,31.33,interpolated,D,694386.0416685382,0.3141248063148255,220425.14874085534,0.2425646969526246,38554.15622383009,0.11224154831384292,16407.240265814562,0.09576142124311195,8143.110043924343,0.0633312629194279,4786.504578765159,0.037856432363508975,39310.68183286684
14,HF,Cable1,Mouse14_Cable1_HF_2026-03-08_12-26-39_DIFF_Ch2_minus_Ch3.npy,2026-03-08,diet,13.0,,29.8,interpolated,B,719342.009180647,0.2300854542252671,323899.92538391997,0.25124501920136266,81273.94559296184,0.16689647823373954,22724.045029187713,0.09317683775297939,9644.568104410622,0.05282434148870287,5068.109950348768,0.028231198341097424,54345.63764127302
14,HF,Cable1,Mouse14_Cable1_HF_2026-03-13_13-50-04_DIFF_Ch2_minus_Ch3.npy,2026-03-13,diet,18.0,,29.73,interpolated,B,1530513.9288270478,0.29347018035108463,711829.7182333928,0.3118207493767389,86204.34685456198,0.10059900609314047,32748.416865493393,0.0775125522087652,10419.462711260652,0.03286395258212086,5349.201217451119,0.017151537953711857,93504.65349519295
14,HF,Cable1,Mouse14_Cable1_HF_2026-03-19_14-09-18_DIFF_Ch2_minus_Ch3.npy,2026-03-19,diet,24.0,,27.4,measured,D,320178.2074945661,0.419761338601768,56703.91452077091,0.18620620897256412,10949.792720223784,0.09600322695912182,4993.912909562991,0.08776772619306442,2543.992143868864,0.059591294678482065,1767.4740198299073,0.042082937405278166,13754.723763358214
14,HF,Cable1,Mouse14_Cable1_HF_2026-03-26_11-43-11_DIFF_Ch2_minus_Ch3.npy,2026-03-26,diet,31.0,,26.8,measured,A,321247.08771806344,0.36002884777997035,67153.38210628435,0.18545437204610987,15694.94789960889,0.11640406395225436,6844.371784914215,0.10150736333132519,3341.2244628640424,0.06610045821761228,2425.2591664576044,0.04878078999100852,15867.833201146655
14,HF,Cable1,Mouse14_Cable1_HF_2026-03-29_13-48-59_DIFF_Ch2_minus_Ch3.npy,2026-03-29,diet,34.0,,26.65,interpolated,D,755422.9782292558,0.20856213648390826,287159.19764995377,0.1802138424068436,95236.97479558988,0.16207867028212158,53905.95794579195,0.183952035296319,20044.658767023087,0.09018637511912324,5497.870773353678,0.025340115734595523,64432.21228713761
14,HF,Cable1,Mouse14_Cable1_HF_2026-03-31_11-46-25_DIFF_Ch2_minus_Ch3.npy,2026-03-31,recovery,,1.0,26.87,interpolated,A,1076317.4447942304,0.22383102722552536,387349.2836572474,0.18476995199199125,112856.29056250947,0.1440358236643591,54772.090220396036,0.14031736548195337,27866.998156034155,0.09510303338663041,20526.780410515847,0.07118073173521111,86063.37389767052
14,HF,Cable1,Mouse14_Cable1_HF_2026-04-02_12-46-08_DIFF_Ch2_minus_Ch3.npy,2026-04-02,recovery,,3.0,27.4,measured,D,299349.55028927734,0.4253332371833421,53233.1998666133,0.1906754361242022,10180.35569462397,0.09738087295705079,4526.044201311808,0.08674162494833541,2155.5617511790433,0.05506590379012908,1260.2075244884204,0.03272279792654652,12683.446930071848
17,HF,Cable1,Mouse17_Cable1_HF_2026-02-19_10-59-12_DIFF_Ch2_minus_Ch3.npy,2026-02-19,baseline,,,31.6,baseline,D,7187449.547560433,0.33555396087592915,3533371.3606891828,0.3653131148957827,270716.9181292009,0.07405358254014492,58360.945990240565,0.03203716139607731,21321.553633273088,0.015712697581920784,9959.12230153114,0.007463160313504469,398153.1279111239
17,HF,Cable1,Mouse17_Cable1_HF_2026-03-05_11-29-30_DIFF_Ch2_minus_Ch3.npy,2026-03-05,diet,10.0,,37.2,measured,B,872415.4865794074,0.2395664465123359,367950.45921838225,0.2434166149136825,72786.61286007418,0.12694842276690838,38163.063422761385,0.1330361818542294,18124.014672389887,0.08409069276479254,9282.675227703856,0.04382099990746966,64109.588201459446
17,HF,Cable1,Mouse17_Cable1_HF_2026-03-10_13-26-40_DIFF_Ch2_minus_Ch3.npy,2026-03-10,diet,15.0,,36.73,interpolated,B,809430.9425922137,0.2715339424014391,262473.0478989597,0.2107070929664928,61612.36555790286,0.1326306632380986,28954.139028915775,0.1241939233093776,13854.038399653222,0.07917163824702908,7180.660476958335,0.04172134882886448,52740.82700903975
17,HF,Cable1,Mouse17_Cable1_HF_2026-03-16_11-21-18_DIFF_Ch2_minus_Ch3.npy,2026-03-16,diet,21.0,,37.0,measured,B,859114.5915577598,0.3001096786975579,273113.404761674,0.22813385261408742,59475.30522796083,0.1319669399671453,24976.65045085125,0.11079479573067628,10958.219134045248,0.06475659011349912,5880.101533832305,0.035327553226783666,51177.5779753206
17,HF,Cable1,Mouse17_Cable1_HF_2026-03-23_11-29-16_DIFF_Ch2_minus_Ch3.npy,2026-03-23,diet,28.0,,37.0,measured,B,6450300.191780861,0.21047555650776736,4787538.896766188,0.35155554463656724,648447.440267238,0.1260112184132413,133765.8325767836,0.0523980417377556,42951.1373853736,0.0225098160166767,18528.39838107863,0.009858397930238719,547713.0484613756
17,HF,Cable1,Mouse17_Cable1_HF_2026-03-29_13-25-51_DIFF_Ch2_minus_Ch3.npy,2026-03-29,diet,34.0,,36.38,interpolated,A,1520539.0345156703,0.14497541595020055,782819.3800270299,0.17047322674531903,526191.8024826575,0.31054311389262884,101716.51645704344,0.11789013428821621,37238.85262761767,0.057844576274878226,16779.716112640206,0.026456923134883653,185686.37852501663
17,HF,Cable1,Mouse17_Cable1_HF_2026-03-31_12-09-43_DIFF_Ch2_minus_Ch3.npy,2026-03-31,recovery,,1.0,35.77,interpolated,C,14423007.599182114,0.2255263109529149,8919058.302052982,0.3055033857016195,1633620.8030200268,0.14980929577789442,336919.8517270214,0.061919075485594756,99045.09792580367,0.02436287656958855,42058.881692429066,0.010502911304075484,1165518.5203557583
17,HF,Cable1,Mouse17_Cable1_HF_2026-04-02_13-13-00_DIFF_Ch2_minus_Ch3.npy,2026-04-02,recovery,,3.0,35.1,measured,D,13158157.184381966,0.2960483276738141,5866128.769160032,0.2875317678316059,1077634.5491875971,0.1412647238813152,212330.8931402352,0.055740980171370046,55740.72643656684,0.019579237314965654,22901.43164953612,0.008180163946835397,825058.5904389977
21,HF,Cable1,Mouse21_Cable1_HF_2026-03-03_14-13-44_DIFF_Ch2_minus_Ch3.npy,2026-03-03,diet,8.0,,33.03,interpolated,A,1766962.4271603688,0.08301082783650084,5589683.218774702,0.629680249985346,274045.88739363797,0.07740619050835082,59044.04266933376,0.03376443986720005,23519.392937353055,0.017913594520765047,6151.958537969934,0.004773730712985993,372123.5342684472
21,HF,Cable1,Mouse21_Cable1_HF_2026-03-08_13-00-59_DIFF_Ch2_minus_Ch3.npy,2026-03-08,diet,13.0,,33.03,interpolated,B,4389792.244320521,0.0600754350721177,16624463.658396635,0.5290326542392088,1499147.0060502773,0.12401004036892377,406533.4738879587,0.06725148479556521,128085.55542027515,0.028122516434342135,18202.970023408845,0.00405718793624898,1286944.3954802994
21,HF,Cable1,Mouse21_Cable1_HF_2026-03-19_14-50-19_DIFF_Ch2_minus_Ch3.npy,2026-03-19,diet,24.0,,33.3,measured,A,4474770.343674557,0.44170785952626085,939924.1736592982,0.20122622368273893,214391.40831907236,0.12435964712199933,44653.36583740715,0.051474371374123286,12285.072221158578,0.018906858378540933,5530.928517091192,0.008648854021666113,194365.39434097518
21,HF,Cable1,Mouse21_Cable1_HF_2026-03-26_12-24-10_DIFF_Ch2_minus_Ch3.npy,2026-03-26,diet,31.0,,33.2,measured,C,1665884.147104533,0.1226848390110591,2132179.628550305,0.3655556933636557,349921.78097708814,0.15843750293691758,83724.60360357093,0.07585041956399022,18124.4045597984,0.021891164414257747,9084.6998186511,0.011183734258228713,235154.78088825246
21,HF,Cable1,Mouse21_Cable1_HF_2026-03-31_12-34-40_DIFF_Ch2_minus_Ch3.npy,2026-03-31,recovery,,1.0,32.43,interpolated,D,1719163.5477182597,0.11090015237496281,857986.0915200545,0.12366644850815155,813793.3115293351,0.32055843909956916,305507.1828353072,0.24011628801117613,43617.08439361287,0.04509392496723716,18304.534651580314,0.019230404971503263,275775.4504944732
21,HF,Cable1,Mouse21_Cable1_HF_2026-04-02_13-36-07_DIFF_Ch2_minus_Ch3.npy,2026-04-02,recovery,,3.0,31.5,measured,A,19901546.91885062,0.32876295278888157,5774442.502692678,0.2114965430613883,1904327.9902347308,0.19106711691299819,460257.1793119154,0.09118317289339102,100450.59772619432,0.026502079504671094,42227.30687471981,0.011335416873779406,1124152.2610958153
22,HF,Cable1,Mouse22_Cable1_HF_2026-02-19_12-28-09_DIFF_Ch1_minus_Ch4.npy,2026-02-19,baseline,,,31.0,baseline,B,2069512.246208293,0.09898411339087378,5162456.0622657575,0.5797551223706783,305576.8925618239,0.08717483750834452,67790.93449536359,0.038936938512240046,26763.911504958865,0.020510562297818207,7370.417832059366,0.0057480289029719885,370355.5056184041
22,HF,Cable1,Mouse22_Cable1_HF_2026-03-05_12-08-47_DIFF_Ch1_minus_Ch4.npy,2026-03-05,diet,10.0,,32.0,measured,D,5835475.724792024,0.14305964606101,6458003.579518899,0.3615344219495564,1473764.7112733647,0.2184219272970261,231447.89482250783,0.06768107515505876,64681.624237916134,0.025240054114813646,18505.019462883258,0.007333842414440792,734456.8462873363
22,HF,Cable1,Mouse22_Cable1_HF_2026-03-10_14-11-08_DIFF_Ch1_minus_Ch4.npy,2026-03-10,diet,15.0,,29.77,interpolated,D,4498990.432640616,0.16078145844354683,5670576.729088252,0.4579000679890277,420557.5729449583,0.08961829722034274,125287.16133367512,0.05366870749586467,47301.71310112811,0.026906781316472637,16460.678692231082,0.009543335703535454,502777.8573829442
22,HF,Cable1,Mouse22_Cable1_HF_2026-03-27_10-00-03_DIFF_Ch1_minus_Ch4.npy,2026-03-27,diet,32.0,,29.38,interpolated,B,3864341.1292663156,0.07644329757950641,13668309.732942883,0.6256620132226178,602767.4104305271,0.07038997008273709,105756.13454811796,0.024881385958694994,48080.841569430224,0.015102437396291794,7212.431693377318,0.002303706086455312,899457.8471284432
22,HF,Cable1,Mouse22_Cable1_HF_2026-03-29_14-23-37_DIFF_Ch1_minus_Ch4.npy,2026-03-29,diet,34.0,,29.72,interpolated,D,3165527.870758621,0.061830639549503796,13643832.471615538,0.612017258632584,680924.601386055,0.07930900201226314,96009.75108494463,0.02234810869339731,40431.00004213703,0.012594619288815135,6482.5824760641835,0.00205043810439781,906698.6250958969
22,HF,Cable1,Mouse22_Cable1_HF_2026-03-31_12-58-34_DIFF_Ch1_minus_Ch4.npy,2026-03-31,recovery,,1.0,29.9,interpolated,D,2947017.437743953,0.07434073251694605,10843862.021178136,0.6363231205503954,484393.03939391376,0.07246023204181432,74905.92786925918,0.02260169481409618,29716.73912207072,0.011966346216416287,5666.150258488019,0.0023205533044553606,702386.2499615799
22,HF,Cable1,Mouse22_Cable1_HF_2026-04-02_13-59-00_DIFF_Ch1_minus_Ch4.npy,2026-04-02,recovery,,3.0,29.9,measured,D,3537977.2066261456,0.060695970390644574,15558384.781254094,0.610704333948626,757635.710120478,0.07773534312924477,116011.95876647404,0.02375007632316469,53813.3411233521,0.014735394807582234,7884.685879144637,0.002190435430315697,1031632.1788196259
23,HF,Cable1,Mouse23_Cable1_HF_2026-03-29_15-33-15_DIFF_Ch2_minus_Ch3.npy,2026-03-29,diet,34.0,,27.2,interpolated,C,507871.1136742014,0.2182236294844088,241027.20957012085,0.2524430917620051,78851.44769991047,0.218994330946827,15534.081239755938,0.08500061004734556,6556.192712887506,0.04794910075801892,3615.681392628762,0.026876521873105286,40628.09743273332
23,HF,Cable1,Mouse23_Cable1_HF_2026-04-02_14-21-56_DIFF_Ch2_minus_Ch3.npy,2026-04-02,recovery,,3.0,26.9,measured,B,775343.5075349075,0.17784647839116483,350284.3326820114,0.19183959397868097,205105.2838442932,0.29825665341147045,35411.575678280875,0.10139435959014531,11567.414301443925,0.04425160463601999,6078.312919834052,0.02365379830194767,76449.25541320177
25,HF,Cable1,Mouse25_Cable1_HF_2026-02-21_13-15-00_DIFF_Ch2_minus_Ch3.npy,2026-02-21,baseline,,,32.2,baseline,B,5098013.128943818,0.2804715452715334,2784109.099416678,0.3400799177428391,301453.6186846409,0.09777593258216495,74688.5766753057,0.04873396091224477,29867.736500673713,0.02609457452920028,14539.522505879862,0.012901259116404565,333484.79826786066
25,HF,Cable1,Mouse25_Cable1_HF_2026-03-23_12-06-54_DIFF_Ch2_minus_Ch3.npy,2026-03-23,diet,28.0,,33.1,measured,B,1239409.490963561,0.2830674075610812,571285.6479550323,0.29771985488747926,77435.43760106573,0.10687812521570782,24167.587860092935,0.06726906022996323,10554.18793590137,0.03927212035624701,5046.925154190529,0.019085665296159668,79295.38122416325
25,HF,Cable1,Mouse25_Cable1_HF_2026-03-29_15-09-30_DIFF_Ch2_minus_Ch3.npy,2026-03-29,diet,34.0,,32.1,interpolated,D,754092.4919363216,0.3347656849360279,184520.76044731666,0.189385229909734,47648.140350266534,0.13231445674779463,18082.021351615884,0.10015677599997659,8062.355497962558,0.059589765630673246,4325.08075137918,0.03250229583063253,41064.9754738044
25,HF,Cable1,Mouse25_Cable1_HF_2026-03-31_13-36-44_DIFF_Ch2_minus_Ch3.npy,2026-03-31,recovery,,1.0,31.47,interpolated,A,9913218.946694974,0.1845511053078613,6765166.625360467,0.2763595358028042,1762749.4757117024,0.19205903937100116,400643.97798515926,0.08749600839216651,79809.55162991855,0.023261773412836365,26542.488565010266,0.007885156752295465,977882.3175863636
25,HF,Cable1,Mouse25_Cable1_HF_2026-04-02_14-33-12_DIFF_Ch2_minus_Ch3.npy,2026-04-02,recovery,,3.0,30.4,measured,B,4146176.366150336,0.146989098489552,3873831.941766724,0.30620566456015214,1002202.8819887881,0.21003847358696162,250022.9834031404,0.10483567016900228,50244.693346514585,0.028111587637593312,16151.501453193663,0.009204325933748016,506229.8929580578
