mouse,group,differential_file,beta_episode_rate,beta_mean_duration_sec,beta_mean_amplitude,beta_fraction_of_time,beta_n_episodes,beta_threshold,low_gamma_episode_rate,low_gamma_mean_duration_sec,low_gamma_mean_amplitude,low_gamma_fraction_of_time,low_gamma_n_episodes,low_gamma_threshold,high_gamma_episode_rate,high_gamma_mean_duration_sec,high_gamma_mean_amplitude,high_gamma_fraction_of_time,high_gamma_n_episodes,high_gamma_threshold
2,CTRL,Mouse2_Cable1_CTRL_2026-03-04_11-03-06_DIFF_Ch3_minus_Ch4.npy,10.996596354694553,0.2816722891566265,261.53930311687367,0.051623941135970484,332,121.41265255430659,7.585001702485099,0.21773275109170304,220.31048356216792,0.027525054795288863,229,101.08780531704501,6.293232853590256,0.17650526315789475,141.84280874447518,0.018513145348947616,190,71.21073312796443
2,CTRL,Mouse2_Cable1_CTRL_2026-03-09_11-20-55_DIFF_Ch3_minus_Ch4.npy,5.049061136917423,0.14556883116883118,168.27351547485205,0.01224976547001732,154,135.07310779559668,5.3113500271469,0.19012839506172838,119.19671876296509,0.01683064093787513,162,111.35430934329875,2.426172234622658,0.12651891891891892,80.4669841764427,0.0051159448039259404,74,70.49026081691864
2,CTRL,Mouse2_Cable1_CTRL_2026-03-14_11-15-50_DIFF_Ch3_minus_Ch4.npy,4.5907284216229165,0.15711205673758866,353.19702086694116,0.012020979737414676,141,290.8948629404141,4.851195282424217,0.13673557046979865,262.8378667503285,0.011055515906711189,149,244.84863386474126,4.167469772820803,0.13503125,203.99801894047732,0.009378977546020153,128,182.46195303335327
2,CTRL,Mouse2_Cable1_CTRL_2026-03-19_16-25-11_DIFF_Ch3_minus_Ch4.npy,6.064376504771748,0.17018579234972678,212.45896610993952,0.01720117867619411,183,167.57790944968127,5.037077752597299,0.16899999999999998,164.6630327930901,0.014187769003149057,152,156.40578452372054,3.015618917673383,0.12869450549450548,93.84689740924453,0.006468226422830865,91,95.40397856660078
2,CTRL,Mouse2_Cable1_CTRL_2026-03-27_10-36-46_DIFF_Ch3_minus_Ch4.npy,3.866469192759873,0.17176271186440675,296.9762049264048,0.011068587231476992,118,219.4184543321399,3.1456020551266763,0.14970000000000003,201.29597921666277,0.007848277127541057,96,186.33659319102492,3.3422021835720934,0.13138039215686273,145.9572028900928,0.007318330559087077,102,137.9431152533911
2,CTRL,Mouse2_Cable1_CTRL_2026-04-01_10-31-21_DIFF_Ch3_minus_Ch4.npy,13.220834097418983,0.17058754578754579,304.0196521750287,0.03758849403238346,273,231.48467042955735,12.300702786609603,0.1515968503937008,227.73700656908179,0.03107913000131724,254,207.44196276234794,12.68812649642408,0.1510320610687023,154.04830479203264,0.031938564930922356,262,146.8898626386354
2,CTRL,Mouse2_Cable1_CTRL_2026-03-30_10-02-35_DIFF_Ch3_minus_Ch4.npy,8.122365437877201,0.2508402366863905,156.81973470684807,0.03395693448150792,169,112.42042195014137,4.181336053818441,0.14876321839080459,132.95674175683718,0.01036715014232563,87,105.61985255154784,3.4604160445393997,0.13068888888888888,97.8479751900605,0.007537298799235633,72,71.77993412308173
5,CTRL,Mouse5_Cable1_CTRL_2026-03-06_11-12-15_DIFF_Ch2_minus_Ch3.npy,6.193217738441103,0.21290322580645157,226.42213157769885,0.02197593391059746,186,130.47908116747442,4.561671129927049,0.1755036496350365,178.2703115592602,0.01334316552894963,137,98.41480329386553,3.8291399995738002,0.14075130434782607,143.92294522481404,0.00898260749117411,115,70.8923963600106
5,CTRL,Mouse5_Cable1_CTRL_2026-03-11_11-11-07_DIFF_Ch2_minus_Ch3.npy,3.3843477676134284,0.14607058823529412,73.36921993917942,0.008239227820134967,102,63.666858133810045,2.4221312454488264,0.12711232876712328,56.77185550943366,0.0051313790531435505,73,53.588486984565634,1.9576129244038458,0.12558644067796612,39.192517437125375,0.004097493990017722,59,41.94611489287297
5,CTRL,Mouse5_Cable1_CTRL_2026-03-17_10-31-53_DIFF_Ch2_minus_Ch3.npy,4.124384335854382,0.14615483870967744,78.64501730094715,0.010046645456391954,124,62.56441206121351,2.52784846391075,0.1334,62.502773793143945,0.005620249751428235,76,50.627157188380565,2.1952368239224933,0.12356363636363635,39.391963307457694,0.004520857410720384,66,38.31977560662562
5,CTRL,Mouse5_Cable1_CTRL_2026-03-24_12-38-34_DIFF_Ch2_minus_Ch3.npy,2.2879197835428937,0.1344695652173913,19.90582730038671,0.005127592975754682,69,16.96536068551313,1.691071144357791,0.1260549019607843,16.23212449343733,0.0035527967885122112,51,16.327043307625882,1.7905459175553082,0.1250666666666667,12.013471511056517,0.003732293490370842,54,14.300308219623496
5,CTRL,Mouse5_Cable1_CTRL_2026-04-01_10-55-04_DIFF_Ch2_minus_Ch3.npy,2.473006311771576,0.12952,22.09278973708323,0.005338396291677576,50,18.450769403352325,2.077325301888124,0.1257714285714286,17.87854260625812,0.004354469513767391,42,17.225873113493535,2.225705680594418,0.12275555555555553,13.625811381046052,0.004553628955408728,45,15.044181389068596
5,CTRL,Mouse5_Cable1_CTRL_2026-03-30_10-27-44_DIFF_Ch2_minus_Ch3.npy,2.598684231633238,0.12933333333333333,20.194233854241777,0.005601608232631646,54,17.53942294314505,2.0211988468258517,0.1252380952380952,15.885493359139994,0.004218851561231738,42,16.917555388185125,1.8768275006240052,0.12674871794871795,12.55689257633721,0.0039647579919164875,39,14.692573508128772
7,CTRL,Mouse7_Cable1_CTRL_2026-03-04_11-40-58_DIFF_Ch3_minus_Ch4.npy,2.5995441266116632,0.13794,180.9599744131379,0.005976351947080213,80,149.42437612431968,8.026092490913511,0.4078704453441296,180.62759975016724,0.05456009864403446,247,161.52102112335666,3.3144187614298706,0.13947450980392156,109.62073584327511,0.007704615533922534,102,118.28850370322121
7,CTRL,Mouse7_Cable1_CTRL_2026-03-09_11-59-34_DIFF_Ch3_minus_Ch4.npy,3.882661404518504,0.29040672268907564,340.95100606636197,0.018792516229959703,119,137.34228188257487,7.080147267063155,0.22150414746543778,219.97081281785012,0.026138033072009556,217,137.2020512326618,3.9479162180398237,0.17563636363636365,169.96277941631536,0.011556627474625665,121,108.72122699958251
7,CTRL,Mouse7_Cable1_CTRL_2026-03-14_11-51-43_DIFF_Ch3_minus_Ch4.npy,3.791287116700873,0.14322782608695656,192.14898078630924,0.009050296863275856,115,153.4552362700614,3.42864226205992,0.14176153846153847,162.1640556589786,0.008100826698397725,104,145.6101545704062,2.934126551185893,0.13773483146067417,123.90856024669377,0.0067355237668646345,89,117.51903647162816
7,CTRL,Mouse7_Cable1_CTRL_2026-03-19_17-01-34_DIFF_Ch3_minus_Ch4.npy,7.6157993734779295,0.1923914163090129,224.75126104347854,0.024420240463145195,233,183.29787833749123,3.464698427419144,0.14240754716981135,146.89522682137323,0.008223320078864381,106,143.30501108035614,2.4187517323492136,0.13708108108108108,99.2398076107795,0.0055260850389527985,74,109.40033202551658
7,CTRL,Mouse7_Cable1_CTRL_2026-03-27_11-12-28_DIFF_Ch3_minus_Ch4.npy,4.098722597580202,0.19015680000000001,238.7959674878666,0.012989999554058981,125,194.88317272476633,3.6724554474318607,0.13445714285714286,181.2019486391239,0.00822979777886397,112,183.24984100225834,2.6887620240126124,0.12758048780487805,132.96406980872476,0.005717226176912672,82,146.0740880583703
7,CTRL,Mouse7_Cable1_CTRL_2026-04-01_11-18-33_DIFF_Ch3_minus_Ch4.npy,2.826655819239584,0.13819310344827587,169.59313184134066,0.006510405667347447,58,138.83971995822748,3.8988356127442536,0.12946,130.23711377776823,0.008412387640431186,80,133.13740798018273,3.99630650306286,0.13216585365853661,100.64161558318472,0.008802921007641068,82,111.46667949577133
7,CTRL,Mouse7_Cable1_CTRL_2026-03-30_10-51-09_DIFF_Ch3_minus_Ch4.npy,6.127594014799598,0.2005714285714286,202.17441589635163,0.020483671420901513,126,143.62857657223662,5.203591742726642,0.14157757009345792,156.14294421003157,0.012278531244893672,107,139.92168987402874,3.696009088291821,0.1323894736842105,111.97150404077271,0.008155211632183551,76,111.12734283842914
8,CTRL,Mouse8_Cable1_CTRL_2026-03-06_11-51-01_DIFF_Ch3_minus_Ch4.npy,4.6116547495651865,0.16925142857142858,191.2900297825665,0.013008819240702026,140,148.87884707058913,4.7763567049068,0.2561655172413793,135.27120293848068,0.020392298097363013,145,124.23954648295327,2.668171676534144,0.12426666666666666,84.50323480530234,0.005526080005621827,81,89.08742059132828
8,CTRL,Mouse8_Cable1_CTRL_2026-03-11_11-51-53_DIFF_Ch3_minus_Ch4.npy,4.588921324163175,0.1932521739130435,174.7603490016015,0.014780317030174264,138,132.2476207624557,7.0163941985393485,0.28452701421800947,128.2146975820021,0.033272561531449404,211,114.48208500520911,1.995183184418772,0.1661466666666667,81.61138372816731,0.005524883924676071,60,78.50814241595398
8,CTRL,Mouse8_Cable1_CTRL_2026-03-17_11-09-26_DIFF_Ch3_minus_Ch4.npy,3.5687771651132203,0.14576296296296296,197.90761146861374,0.008669925562357772,108,164.1833263200465,3.43660023307199,0.15215384615384617,132.10407114089713,0.00871486571925179,104,119.46465640429429,2.6435386408246075,0.12569000000000002,101.21675520681396,0.005537772862754082,80,86.32098201254485
8,CTRL,Mouse8_Cable1_CTRL_2026-03-24_13-14-52_DIFF_Ch3_minus_Ch4.npy,4.348334032263549,0.14999699248120305,365.5527708433772,0.010870617119053244,133,311.1900518711275,3.138647121032336,0.12974166666666667,197.72676581062137,0.006786888476021172,96,190.49129172283614,2.190514136553818,0.1294686567164179,146.00648418918036,0.004726715379632447,67,144.7756643085395
8,CTRL,Mouse8_Cable1_CTRL_2026-04-01_11-42-11_DIFF_Ch3_minus_Ch4.npy,7.682727348758867,0.16413670886075948,333.2681657668041,0.021016959701663812,158,276.9076520843397,5.056985090322293,0.136,175.79067763147074,0.011462499538063862,104,168.7618927020544,5.689108226612579,0.13602735042735042,141.50161133779721,0.01289790530600919,117,130.07428514938053
8,CTRL,Mouse8_Cable1_CTRL_2026-03-30_11-14-35_DIFF_Ch3_minus_Ch4.npy,5.332597532719644,0.15439266055045872,345.7099695963519,0.013721898678689962,109,291.92217763519756,5.772903751017597,0.23317966101694912,187.09487621852142,0.02243539566242929,118,177.49816079090894,2.348299830922412,0.13273333333333334,121.46268324539442,0.005194961070407247,48,123.45867338186153
13,CTRL,Mouse13_Cable1_CTRL_2026-02-19_11-46-09_DIFF_Ch2_minus_Ch3.npy,4.868115727829351,0.18688648648648648,276.74429805105063,0.015163084069727205,148,161.51579425089335,3.716872143545383,0.1656283185840708,216.97940712065875,0.010260321392123213,113,126.27518343015095,3.4866234266885896,0.14612075471698113,176.57751383894185,0.00849113410869406,106,102.27337919136585
13,CTRL,Mouse13_Cable1_CTRL_2026-03-04_12-19-35_DIFF_Ch2_minus_Ch3.npy,3.169117303996697,0.150625,202.91069474190212,0.007955804898575041,96,126.43470879223037,2.9380358339136046,0.14062022471910116,203.6016845621986,0.006885787653295046,89,114.85082664843384,4.489582847328654,0.13598235294117647,138.5102721794613,0.01017506732173495,136,93.56530544693926
13,CTRL,Mouse13_Cable1_CTRL_2026-03-09_12-34-46_DIFF_Ch2_minus_Ch3.npy,7.15807697429751,0.27136,285.7481931586337,0.032373596129089535,215,134.56183913018018,7.0249034491943,0.20195260663507106,252.85408452057763,0.023644959382074844,211,123.52985205767837,6.658676255160474,0.17329999999999998,174.94636731600013,0.019232476583655168,200,98.92287217910277
13,CTRL,Mouse13_Cable1_CTRL_2026-03-14_12-26-46_DIFF_Ch2_minus_Ch3.npy,4.4220776716331365,0.19479699248120302,201.4449461441844,0.014356790515873597,133,120.22936656699602,3.823600994269253,0.15888000000000008,156.80822544244273,0.010124895432824983,115,108.33304694321501,4.954056940401032,0.14347382550335572,99.41894295097919,0.011846291683346433,149,89.65495402114192
13,CTRL,Mouse13_Cable1_CTRL_2026-03-17_11-45-07_DIFF_Ch2_minus_Ch3.npy,4.15579879107259,0.15508480000000002,171.6338731090531,0.010741687072562242,125,120.51628797688373,3.091914300558007,0.14284731182795696,139.8947185876841,0.007361194103952154,93,108.04239597493952,5.3194224525729155,0.13483,94.44829178573352,0.011953628821340104,160,90.15201103616985
13,CTRL,Mouse13_Cable1_CTRL_2026-03-27_11-54-52_DIFF_Ch2_minus_Ch3.npy,10.865613997737656,0.22481707317073168,245.22696619378354,0.040712925619571884,328,109.46235121370204,8.215464242191885,0.18761290322580648,217.06874880274694,0.025688784963756994,248,84.3051284405372,4.339620224706198,0.1782473282442748,195.29671166598837,0.012892095177478321,131,62.36277117535745
13,CTRL,Mouse13_Cable1_CTRL_2026-04-01_12-05-44_DIFF_Ch2_minus_Ch3.npy,14.362796987972892,0.33696827586206896,280.7854968401201,0.08066344895990238,290,99.3958247873165,9.60821591609221,0.2993319587628866,263.59431355470076,0.04793410150634373,194,78.8298287360274,7.429032924813565,0.21872000000000005,202.57130659873553,0.027081301355253714,150,61.00482203798535
13,CTRL,Mouse13_Cable1_CTRL_2026-03-30_11-38-49_DIFF_Ch2_minus_Ch3.npy,13.440258052954617,0.2607294117647059,167.74789158744542,0.05840450960187847,272,95.74171908753601,8.054272289086773,0.19199018404907978,129.41969815920868,0.025772353652719543,163,72.45180729208526,5.484811190727803,0.16473513513513516,108.40802319433537,0.015059018544920769,111,55.549816872608844
18,CTRL,Mouse18_Cable1_CTRL_2026-02-21_11-53-58_DIFF_Ch3_minus_Ch4.npy,6.1615094442424905,0.19326010362694301,147.6732415179443,0.01984623256154486,193,113.35876869124915,3.7032906504255383,0.14053103448275864,110.45966403890465,0.008673787768243815,116,109.3586669039467,2.07511976101431,0.13352615384615382,76.30841862899801,0.004618046007639846,65,85.47600873192046
18,CTRL,Mouse18_Cable1_CTRL_2026-03-06_12-29-54_DIFF_Ch3_minus_Ch4.npy,10.252217528696475,0.34693924050632907,267.21667245263325,0.059281609381860494,316,113.68468279540443,6.261639186830442,0.31511295336787565,268.56886436045323,0.032885393618102735,193,97.8649010883767,5.450546027914582,0.2559285714285714,212.76645563836814,0.023249174307164222,168,73.50399281902472
18,CTRL,Mouse18_Cable1_CTRL_2026-03-11_12-32-08_DIFF_Ch3_minus_Ch4.npy,11.678609962296669,0.2102340909090909,344.38669838793044,0.04092069914175488,352,220.50856271348826,9.190269771466413,0.1979032490974729,228.75105438292908,0.030313070797591553,277,149.93542998895524,3.3841426595291484,0.18496470588235292,221.71836899041494,0.010432449194728877,102,87.65812259216551
18,CTRL,Mouse18_Cable1_CTRL_2026-03-19_17-37-41_DIFF_Ch3_minus_Ch4.npy,16.360102724800296,0.21225060240963858,165.6763367805657,0.05787402764704053,498,131.73750300307324,6.2089546485687865,0.16643386243386246,101.7845141100233,0.017223005063966467,189,93.8811986423939,2.726683787466716,0.132,68.40149287971624,0.005998704332426775,83,61.65978899005676
18,CTRL,Mouse18_Cable1_CTRL_2026-03-24_13-50-15_DIFF_Ch3_minus_Ch4.npy,15.653883146276321,0.31783126338329765,176.51178939437148,0.08292155762059189,467,120.85705155544655,9.08394503777491,0.20634686346863465,112.09654787179106,0.031240726107772013,271,95.328224918123,2.9162480379572586,0.1336551724137931,73.18293454443295,0.006496193905242721,87,63.98461038098571
18,CTRL,Mouse18_Cable1_CTRL_2026-04-01_12-28-44_DIFF_Ch3_minus_Ch4.npy,17.450827884412572,0.3133756373937677,221.5415895816659,0.09114440518877874,353,118.18135252477069,8.700696055684455,0.2633318181818182,212.30800701712144,0.03818616852984602,176,88.28326696575206,4.152604935667581,0.20879047619047622,194.68051328167832,0.014450406032482599,84,62.49240898035974
18,CTRL,Mouse18_Cable1_CTRL_2026-03-30_12-01-38_DIFF_Ch3_minus_Ch4.npy,10.246178948548717,0.5432339622641509,195.78845783387618,0.09276787313812751,212,117.07528206949499,9.424551391353772,0.22897641025641027,116.66298110428198,0.035966665764487385,195,93.11202740329144,2.9481929993465648,0.1362754098360656,84.67921841336509,0.006696103487696208,61,64.01005501789521
19,CTRL,Mouse19_Cable1_CTRL_2026-02-21_13-53-25_DIFF_Ch3_minus_Ch4.npy,10.29427001006846,0.2219638709677419,181.70380116337418,0.03808260033703219,310,114.11995487872852,4.64902516583737,0.18754285714285715,179.95742878810384,0.014531524375503091,140,101.30833921716219,3.7192201326698955,0.16637857142857146,124.84114199879876,0.010313308875033319,112,81.79588011450701
19,CTRL,Mouse19_Cable1_CTRL_2026-03-04_12-59-01_DIFF_Ch3_minus_Ch4.npy,8.885974122986285,0.2068104089219331,160.84009321578446,0.030628532367408492,269,98.60174573723779,4.2282702146551845,0.18634375,149.4091619680643,0.013131862130202534,128,84.6035772879103,2.609635523107497,0.1690430379746835,128.02100568287037,0.007352345280545729,79,67.09519864123799
19,CTRL,Mouse19_Cable1_CTRL_2026-03-09_13-11-23_DIFF_Ch3_minus_Ch4.npy,9.476540298017795,0.2064140350877193,160.60350863548229,0.032601515359753856,285,109.05652277755046,7.614483257003773,0.25020786026200875,133.93882955598556,0.03175339271226342,229,100.29043487177672,2.294320282677993,0.13128115942028987,131.34257280818224,0.005020017113190901,69,69.11943554240452
19,CTRL,Mouse19_Cable1_CTRL_2026-03-14_13-02-22_DIFF_Ch3_minus_Ch4.npy,6.523967815092112,0.19655510204081633,145.13224469392884,0.021371985993440527,196,90.7219583277359,3.49498275808506,0.16993523809523808,138.0693952212743,0.00989867878556561,105,80.99157183851165,2.8958428566990495,0.14206896551724138,109.49236586004949,0.006856823315862118,87,62.82280910219181
19,CTRL,Mouse19_Cable1_CTRL_2026-03-19_19-00-58_DIFF_Ch3_minus_Ch4.npy,16.536793888459805,0.29413487475915223,177.82790363205297,0.0810674633216673,519,124.46527372799919,7.42403270907733,0.16887210300429184,126.05338203524569,0.020895200272575645,233,103.04169980332267,3.3774569406102875,0.13527547169811321,106.58926705716443,0.007614784679685382,106,73.47094374387056
19,CTRL,Mouse19_Cable1_CTRL_2026-03-27_12-30-35_DIFF_Ch3_minus_Ch4.npy,20.322512108830132,0.2522233766233766,261.6425431755979,0.08543021042597657,616,179.2581865022438,10.656122420701513,0.19000866873065014,178.97635980841287,0.03374592724980546,323,114.28319885632958,3.29910910857632,0.154824,177.847634458228,0.008513021143770337,100,77.00133238426497
19,CTRL,Mouse19_Cable1_CTRL_2026-04-01_12-52-41_DIFF_Ch3_minus_Ch4.npy,9.815717198497126,0.2297940594059406,157.822172251451,0.037593225017056024,202,105.99251235139967,3.1099302015040395,0.1517625,158.49840537063966,0.007866179703429281,64,90.43471566030419,2.6725962669175343,0.13188363636363637,124.79257433927695,0.005874528570216069,55,70.15793118054704
19,CTRL,Mouse19_Cable1_CTRL_2026-03-30_12-31-14_DIFF_Ch3_minus_Ch4.npy,8.916229055943063,0.2964133333333333,156.2861191708818,0.044048152920593386,180,106.08154580935079,3.6655608341099257,0.1487243243243243,122.58808357764951,0.009085967638711757,74,91.91724313698887,2.377661081584817,0.1312,97.08933769803609,0.005199152231732133,48,71.2811972045009
24,CTRL,Mouse24_Cable1_CTRL_2026-03-06_13-06-06_DIFF_Ch2_minus_Ch3.npy,4.654818601719091,0.17910285714285715,117.51784089338804,0.01389485518416014,140,77.74212072007566,2.2609118922635583,0.15509411764705883,112.27652708024873,0.005844235583472646,68,70.49294535557048,2.2609118922635583,0.14195294117647062,82.66161658765871,0.005349051547461196,68,57.66089436556058
24,CTRL,Mouse24_Cable1_CTRL_2026-03-11_13-10-18_DIFF_Ch2_minus_Ch3.npy,5.322296074008301,0.23287500000000003,121.13740001817507,0.02065716163724472,160,72.93881353118584,3.7921359527309146,0.21070175438596492,121.488036386683,0.013316828301841603,114,68.33523931986129,3.4927567985679477,0.16877714285714285,87.2221385089374,0.009824958552619324,105,56.188570826049315
24,CTRL,Mouse24_Cable1_CTRL_2026-03-17_12-19-55_DIFF_Ch2_minus_Ch3.npy,2.9694032687191183,0.15211555555555556,91.45443449647543,0.007528207131494854,90,66.58968090600344,2.606476202542337,0.12788860759493673,67.90845441245047,0.005555643537874628,79,64.73837264648529,1.9466088094936442,0.12771525423728813,53.69127062280911,0.0041435273167504255,59,53.10494885537896
24,CTRL,Mouse24_Cable1_CTRL_2026-03-24_14-29-11_DIFF_Ch2_minus_Ch3.npy,2.8522545413862135,0.14759069767441862,96.97741537079375,0.007016103961803668,86,76.69793202182855,2.0231107793553376,0.12628196721311477,76.24625297687867,0.004258040151784163,61,72.22300450474512,1.9899450288741023,0.1256533333333333,53.35466451044614,0.004167387100468787,60,58.573730505569706
24,CTRL,Mouse24_Cable1_CTRL_2026-04-01_13-17-43_DIFF_Ch2_minus_Ch3.npy,3.6878523128242846,0.1447573333333333,96.72595791726506,0.008897394442193488,75,79.23668575405733,2.409396844378533,0.12963265306122448,71.11366159439737,0.005205608420235524,49,73.82423340554166,2.6060823010624947,0.12436226415094341,52.5254407694115,0.00540163825873054,53,59.57083975859894
24,CTRL,Mouse24_Cable1_CTRL_2026-03-30_12-54-24_DIFF_Ch2_minus_Ch3.npy,5.76134902980869,0.15231034482758618,108.77402458537249,0.01462521762337068,116,89.18349478879321,2.334339693112142,0.1267914893617021,74.88950585965348,0.004932906772763785,47,75.16271193107862,2.1853392871688135,0.12465454545454545,51.552405784241344,0.004540207925099814,44,58.54489112907243
26,CTRL,Mouse26_Cable1_CTRL_2026-02-21_14-36-19_DIFF_Ch3_minus_Ch4.npy,4.931589169228626,0.17315496688741722,133.7858666194456,0.014232152655002134,151,106.81191788848268,3.1353149685162123,0.14519166666666666,109.91470245809506,0.00758702676339694,96,112.97742190472424,3.919143710645265,0.12846666666666667,78.259048292475,0.008391322144903807,120,85.97431178552239
26,CTRL,Mouse26_Cable1_CTRL_2026-03-19_15-33-40_DIFF_Ch3_minus_Ch4.npy,10.153214539955778,0.21063673469387756,170.2097209824795,0.03564399928904475,294,133.22057290383447,3.1426616433196455,0.13073406593406595,124.60341562386242,0.006847548908103508,91,124.52127725834326,3.2808006166523773,0.12965894736842107,89.49402317277874,0.007089752574680231,95,95.4468309779716
26,CTRL,Mouse26_Cable1_CTRL_2026-03-24_15-03-43_DIFF_Ch3_minus_Ch4.npy,3.270114093613356,0.15451428571428572,142.36213447760173,0.008421322389648109,98,117.02645806603496,3.436956649409956,0.13115339805825244,116.68748070796865,0.007512809059150358,103,114.62849981562928,3.303482604772676,0.1256888888888889,87.32290768888858,0.0069201843009608355,99,93.83013435697133
26,CTRL,Mouse26_Cable1_CTRL_2026-04-01_13-41-00_DIFF_Ch3_minus_Ch4.npy,3.5970655828823035,0.167813698630137,143.43788963584004,0.010060614661310816,73,115.30195720897315,2.611568162914549,0.12979622641509433,113.79694316119209,0.005649528209535147,53,112.11040221154687,3.399966098888753,0.13455072463768117,84.17733896381218,0.007624465039150528,69,90.78801517126098
26,CTRL,Mouse26_Cable1_CTRL_2026-03-30_13-16-59_DIFF_Ch3_minus_Ch4.npy,2.6895359122773,0.15598518518518514,152.53933320526923,0.006992129288979677,54,124.05461364656244,4.03430386841595,0.1341925925925926,130.38094296522786,0.009022894923484364,81,123.06991755186623,3.386823000645489,0.1309647058823529,97.82057443871507,0.007392571302585408,68,98.635269619927
1,HF,Mouse1_Cable1_HF_2026-02-21_12-36-13_DIFF_Ch2_minus_Ch3.npy,6.998824462848515,0.15725876777251185,247.39707459308886,0.018343775181394493,211,208.53309702088885,5.5393539587474026,0.15374371257485028,192.72931657983995,0.014194014048066998,167,171.2269733943097,3.715015828621013,0.13462857142857146,109.90580477077648,0.008335787897362957,112,115.98684750516863
1,HF,Mouse1_Cable1_HF_2026-03-03_12-16-25_DIFF_Ch2_minus_Ch3.npy,7.457755955708664,0.16633244444444442,311.6210882195276,0.020674446303052266,225,254.87463883606011,4.839254975704288,0.13907945205479452,220.01054098175476,0.011217348839573173,146,207.68187911810477,5.137565213932635,0.13783741935483868,130.39220267480164,0.011802478847594404,155,135.82249288192548
1,HF,Mouse1_Cable1_HF_2026-03-08_11-08-40_DIFF_Ch2_minus_Ch3.npy,5.777373325377749,0.1560135593220339,319.321953256499,0.015022476267072628,177,268.6806869025782,3.8842227441805206,0.14067899159663866,231.73509021716018,0.00910714231313407,119,221.60016036815014,3.427255362512224,0.13682285714285716,135.17889873404792,0.007815447847618352,105,144.81827075888248
1,HF,Mouse1_Cable1_HF_2026-03-13_12-37-21_DIFF_Ch2_minus_Ch3.npy,9.463605488097034,0.21761398601398602,435.38178455787664,0.03432354853881049,286,317.4610734221482,7.0811593512334445,0.1918392523364486,288.83584181910027,0.022640738593597925,214,242.13417272201403,2.944968141400825,0.13625168539325844,198.16574858651757,0.006687614544921904,89,150.27420527376427
1,HF,Mouse1_Cable1_HF_2026-03-19_12-55-20_DIFF_Ch2_minus_Ch3.npy,9.151196262876097,0.1727595667870036,180.4404255291105,0.026349278365955346,277,141.34559319079716,4.294785249725244,0.14275692307692306,137.16656075834638,0.010218505458782175,130,120.96816618639482,4.49300610740487,0.14193529411764705,77.15922515851211,0.01062860238878158,136,79.21713471402254
1,HF,Mouse1_Cable1_HF_2026-03-26_11-06-11_DIFF_Ch2_minus_Ch3.npy,6.005639393843924,0.18337923497267758,263.3727997225406,0.0183551592927479,183,176.06112217294069,4.561660523192926,0.1574618705035971,179.40287724842216,0.01197145997640626,139,130.4523575665861,3.0848639509362235,0.14435744680851062,121.37839306450118,0.007422051395146131,94,94.22764778400526
1,HF,Mouse1_Cable1_HF_2026-03-31_10-10-35_DIFF_Ch2_minus_Ch3.npy,6.519735965181712,0.1622222222222222,204.93653358409637,0.017627434276232038,135,151.86539223644874,5.553849155525162,0.15241043478260874,156.5820422214326,0.014107742741843569,115,112.67796757494224,2.5113057051070298,0.13732307692307694,97.27199578167765,0.005747670441996243,52,79.63817735246973
1,HF,Mouse1_Cable1_HF_2026-04-02_11-07-38_DIFF_Ch2_minus_Ch3.npy,5.734716897776302,0.17550085470085472,198.04618748668815,0.016774128617119584,117,144.89241634952094,4.3132913419172185,0.1507909090909091,136.50259760993788,0.01084008537702741,88,112.10950654830049,2.646792414358293,0.1365037037037037,91.72942554013733,0.006021616124912917,54,82.40993018717676
4,HF,Mouse4_Cable1_HF_2026-03-05_10-11-36_DIFF_Ch2_minus_Ch3.npy,3.12064548227916,0.1321531914893617,166.12740464847911,0.006873387666500822,94,139.14219256676625,2.456678358389977,0.128572972972973,135.59681784634955,0.005264374002942702,74,136.52110748100068,2.456678358389977,0.1252972972972973,92.75811627959997,0.005130252643917087,74,100.00597231966502
4,HF,Mouse4_Cable1_HF_2026-03-10_11-57-39_DIFF_Ch2_minus_Ch3.npy,2.8159753556314926,0.13429767441860466,166.47949808982668,0.0063029823580235435,86,139.17500574604864,2.9142070540837537,0.14927640449438204,132.1554587500161,0.007250372516429797,89,133.12604897233933,2.5212802602747084,0.12329350649350648,86.52280539211746,0.005180958069035491,77,97.53504236643712
4,HF,Mouse4_Cable1_HF_2026-03-16_10-06-17_DIFF_Ch2_minus_Ch3.npy,6.270878303811687,0.17308481675392673,224.31097141247287,0.018089897035023676,191,165.73134479983216,3.644332417398415,0.13212972972972975,180.92648232649285,0.008025410955935753,111,140.23805635881962,2.3967231213521107,0.12623561643835615,142.74417930856762,0.005042530344265747,73,97.40161300302009
4,HF,Mouse4_Cable1_HF_2026-03-23_10-13-09_DIFF_Ch2_minus_Ch3.npy,3.4091375477775734,0.26703689320388346,204.04180868659537,0.015172758321053819,103,83.95979128367618,3.7401217757171437,0.1883256637168141,163.29883305080784,0.011739348596560676,113,88.35924215902361,3.7732201985111007,0.16380350877192978,105.72322879770013,0.010301111798087265,114,74.56885667976893
4,HF,Mouse4_Cable1_HF_2026-03-29_11-58-50_DIFF_Ch2_minus_Ch3.npy,7.662195032733157,0.2848169491525424,222.7393269338983,0.036372050217247036,236,89.31235833143208,5.876513986969074,0.19252596685082873,202.13876975419473,0.01885635895089399,181,91.019284623756,5.58431163402586,0.15587441860465115,135.20096534121873,0.014507522154349507,172,79.12596299689272
4,HF,Mouse4_Cable1_HF_2026-03-31_10-34-19_DIFF_Ch2_minus_Ch3.npy,3.259029619877162,0.14571940298507466,105.52472092514313,0.00791506417531958,67,86.94148563960502,2.6266805891547276,0.12537777777777778,88.17413869700778,0.005488789586670731,54,91.6602155711364,2.9671762210821924,0.1276983606557377,74.52284731747314,0.006315058986814712,61,82.25970660743377
4,HF,Mouse4_Cable1_HF_2026-04-02_11-35-16_DIFF_Ch2_minus_Ch3.npy,6.964668876919976,0.3399375886524822,122.926398943328,0.03945921239638615,141,83.55333805174325,3.5564266605548815,0.18834444444444445,90.53765286108496,0.011163886726493667,72,83.86423225003576,2.667319995416161,0.1286074074074074,69.63793541951695,0.005717285155606838,54,71.52505436236567
9,HF,Mouse9_Cable1_HF_2026-02-19_10-00-27_DIFF_Ch3_minus_Ch4.npy,3.9488529522376834,0.14257478991596642,120.57113039097187,0.009383448001238855,119,99.09007558620257,2.2896710395327746,0.12895072463768115,91.12038305448988,0.004920912328827733,69,84.20588989650237,2.4224055925491674,0.12597260273972602,62.567823595854286,0.005085945623078114,73,66.2754661917301
9,HF,Mouse9_Cable1_HF_2026-03-03_12-57-35_DIFF_Ch3_minus_Ch4.npy,8.621106688247911,0.21595366795366797,137.16039666950707,0.031029326852450592,259,92.6651320111889,4.227338028600327,0.15552125984251963,104.17073479508974,0.010957348933135274,127,83.76734251122689,2.596317844337209,0.1472205128205128,81.33271070701569,0.006370520741472871,78,67.29931166056528
9,HF,Mouse9_Cable1_HF_2026-03-08_11-46-38_DIFF_Ch3_minus_Ch4.npy,12.73503284507949,0.31776710182767626,247.92715336520612,0.06744624131435292,383,115.12375993506011,8.944448656204655,0.24099033457249072,210.2097573954569,0.03592542790375374,269,90.06318667914094,6.78315065377602,0.22627450980392155,155.2951635668158,0.02558090148515532,204,68.8364997344568
9,HF,Mouse9_Cable1_HF_2026-03-13_13-13-55_DIFF_Ch3_minus_Ch4.npy,5.637479103963907,0.18464561403508772,196.80876805950712,0.01734892984602319,171,131.3460914496713,4.384705969749705,0.1832,145.79254159737349,0.013387968894302433,133,116.34102731637692,3.626448546409531,0.1525236363636364,101.46524882078573,0.009218651989733415,110,84.55560343304063
9,HF,Mouse9_Cable1_HF_2026-03-19_13-32-07_DIFF_Ch3_minus_Ch4.npy,15.663665560996156,0.2638436974789916,167.9787515587657,0.06887932396145949,476,120.89433158826611,9.08229347654399,0.22267246376811595,112.39722962549094,0.03370627775145229,276,96.94004623990746,2.76417627546991,0.13798095238095237,65.96813188665817,0.006356727917302866,84,63.560519652568104
9,HF,Mouse9_Cable1_HF_2026-03-29_13-02-32_DIFF_Ch3_minus_Ch4.npy,10.689901144809227,0.5385888888888889,223.76586544016394,0.09595769966524773,216,133.14335340999926,11.630216523287817,0.2815217021276596,144.6688717238021,0.05456930586248696,235,116.24315303630203,5.245970006248973,0.14810566037735848,85.46652761579696,0.012949297534921994,106,73.97638314140104
9,HF,Mouse9_Cable1_HF_2026-04-02_11-58-35_DIFF_Ch3_minus_Ch4.npy,11.998908646981155,0.3070539419087137,150.81487325486466,0.06140520331096856,241,102.18986073603799,6.273288338255708,0.18623492063492061,107.57394337919831,0.01947175592991708,126,83.5614541645682,2.5391881369130247,0.12884705882352943,81.5622403426444,0.005452782054014008,51,60.10714177159403
10,HF,Mouse10_Cable1_HF_2026-03-05_10-50-49_DIFF_Ch3_minus_Ch4.npy,9.388273791699307,0.2371731448763251,146.33126991189823,0.03711077366895509,283,109.22996924658372,6.004514333206977,0.18632044198895029,99.64985553146819,0.018646062741535182,181,93.55540338683312,2.5544066500383273,0.12915324675324677,57.22771228174565,0.005498498539675575,77,62.29790109867947
10,HF,Mouse10_Cable1_HF_2026-03-10_12-49-22_DIFF_Ch3_minus_Ch4.npy,11.444311846251955,0.2707976878612717,158.92673372167917,0.05165155311880651,346,112.07262911371255,7.640566579434108,0.23947012987012986,107.40016186795921,0.030494791184307667,231,98.45400709786733,2.1168669310986274,0.132475,61.73753337738094,0.004673865778288178,64,64.550740493788
10,HF,Mouse10_Cable1_HF_2026-03-16_10-44-00_DIFF_Ch3_minus_Ch4.npy,13.294031795443873,0.3204875621890548,181.52830344258464,0.07100953069642649,402,123.90624164426669,7.0438526677351865,0.18497276995305167,107.90562044624386,0.021715348984869497,213,92.92457546860689,2.480229812582812,0.13197866666666666,63.69295507587184,0.005455623728193268,75,63.12497397486787
10,HF,Mouse10_Cable1_HF_2026-03-23_10-51-51_DIFF_Ch3_minus_Ch4.npy,10.734077246558305,0.22221204819277113,205.74949368295736,0.03975402150695236,332,143.32012231198343,3.815123840644217,0.15286101694915252,150.37848097538514,0.009719728501130526,118,111.7283369988861,2.554193079753332,0.14677468354430379,107.61734901478573,0.0062481813498641,79,81.67267590550443
10,HF,Mouse10_Cable1_HF_2026-03-29_12-39-17_DIFF_Ch3_minus_Ch4.npy,16.189467483552086,0.26927951807228917,324.3145072059336,0.07265820003029837,332,239.4701890145726,8.679895217085155,0.24787865168539325,150.51735327686902,0.03585934538635937,178,139.3220077551089,2.974570832821317,0.14354098360655734,80.65761013179068,0.007116213719175806,61,76.14049974727695
10,HF,Mouse10_Cable1_HF_2026-03-31_11-21-55_DIFF_Ch3_minus_Ch4.npy,16.226985624165366,0.2588471299093656,278.77290100193426,0.07000514426492899,331,214.3723351009004,7.647763617431411,0.16203589743589744,118.94322146606562,0.020653537352135067,156,113.14448201411551,2.3531580361327418,0.12928333333333333,63.825913917536376,0.005070401912856021,48,67.21055739397217
10,HF,Mouse10_Cable1_HF_2026-04-02_12-22-42_DIFF_Ch3_minus_Ch4.npy,11.765941521276412,0.22484745762711866,281.1903702302954,0.044092367294139234,236,212.66132382953833,5.284702547691948,0.1577433962264151,142.98451526520913,0.013893782131988604,106,135.56149379315374,9.173445931842627,0.13984347826086957,94.69954825782683,0.02138077644578161,184,97.46151351253621
14,HF,Mouse14_Cable1_HF_2026-03-03_13-37-05_DIFF_Ch2_minus_Ch3.npy,3.1980910949597643,0.14730833333333335,89.47093164620014,0.007851757817444965,96,72.35670945072927,2.0654338321615144,0.12598709677419354,65.23691701415902,0.004336966868220436,62,66.98587989380526,1.7322993431032057,0.12743076923076924,46.98684059744772,0.003679137297159962,52,54.33474937465285
14,HF,Mouse14_Cable1_HF_2026-03-08_12-26-39_DIFF_Ch2_minus_Ch3.npy,5.648145769117977,0.186,111.23492237786456,0.017509251884265727,170,71.6934742459529,2.790848497681824,0.14455238095238096,101.74557810702245,0.006723729920288051,84,66.30301252918191,3.0898679795763053,0.13219784946236554,68.39170048211939,0.006807898367043534,93,51.702881480164464
14,HF,Mouse14_Cable1_HF_2026-03-13_13-50-04_DIFF_Ch2_minus_Ch3.npy,4.005603872922383,0.21547107438016527,124.53439650452714,0.014384862833998948,121,72.19854649024946,2.946270617273488,0.19046292134831458,106.02634142262137,0.009352588480810178,89,67.65456453646675,3.2111039311857117,0.16143505154639176,65.46619999476502,0.008639745477529777,97,50.891026215390454
14,HF,Mouse14_Cable1_HF_2026-03-19_14-09-18_DIFF_Ch2_minus_Ch3.npy,2.871474109412843,0.13749213483146067,46.797088112273606,0.006580085090273984,89,38.36981778704161,2.290726536722605,0.13248450704225354,36.1565967061911,0.005058096266438382,71,36.83508707214338,2.71015533922111,0.1330952380952381,27.401215522842488,0.006011812835811907,84,30.33346499351648
14,HF,Mouse14_Cable1_HF_2026-03-26_11-43-11_DIFF_Ch2_minus_Ch3.npy,2.746883004847311,0.15065060240963857,58.09126639820154,0.006896992990484092,83,42.96422957471175,2.4159332452271527,0.1321095890410959,48.30442618168124,0.005319465802961339,73,40.603271950955715,3.210212668315532,0.13096907216494846,33.4751349376629,0.0070073095770241435,97,33.8643723444987
14,HF,Mouse14_Cable1_HF_2026-03-29_13-48-59_DIFF_Ch2_minus_Ch3.npy,7.1387173387383305,0.22945753424657533,79.84198903671964,0.027300541303836197,146,55.90662470211351,3.6671493178450327,0.1778026666666667,62.799141392038266,0.010867148796294909,75,51.81177721090744,2.102498942231152,0.1607813953488372,52.62649638601453,0.005634045227522982,43,42.223250274351045
14,HF,Mouse14_Cable1_HF_2026-03-31_11-46-25_DIFF_Ch2_minus_Ch3.npy,3.5418894012239197,0.14064444444444446,145.79363432974424,0.008302451118646735,72,123.85225705887325,5.017676651733886,0.15944313725490195,121.26932004625016,0.013333901784718716,102,122.02360411033385,8.067636969454483,0.13874634146341466,92.04011713672458,0.01865591856277999,164,98.98255302637281
14,HF,Mouse14_Cable1_HF_2026-04-02_12-46-08_DIFF_Ch2_minus_Ch3.npy,2.3735740794084856,0.13792653061224489,43.40221794839356,0.005456313965399425,49,37.30254905526806,1.8891712060598151,0.12941538461538463,33.32758533496154,0.004074796970609017,39,35.230776643931776,1.743850344055214,0.1265111111111111,24.13903817054557,0.003676940743965309,36,27.982230672860606
17,HF,Mouse17_Cable1_HF_2026-02-19_10-59-12_DIFF_Ch2_minus_Ch3.npy,5.428695889062461,0.23534545454545455,156.62633411626956,0.02129364836000742,165,99.34742661162625,4.145549588011334,0.19645079365079368,142.097087204173,0.013573275111392454,126,89.83381177608302,3.8823400903598206,0.1778915254237288,101.05978402308901,0.01151059001479676,118,70.62000377066457
17,HF,Mouse17_Cable1_HF_2026-03-05_11-29-30_DIFF_Ch2_minus_Ch3.npy,4.373697554837994,0.17138181818181816,127.79481053594056,0.012492870652091799,132,91.91317560358127,5.665926377858311,0.14428070175438598,113.4420621075442,0.013624730564768055,171,94.29101562819635,6.626814477027264,0.14466800000000002,81.80444923549585,0.015978133279376337,200,76.40648561505341
17,HF,Mouse17_Cable1_HF_2026-03-10_13-26-40_DIFF_Ch2_minus_Ch3.npy,5.490906925819832,0.164544578313253,114.0660137788825,0.015058316077772412,166,83.77912462975094,4.895507379646597,0.1366,100.629378525707,0.011145438467662087,148,83.44621329895675,4.068563565517104,0.1423869918699187,72.00170910525937,0.009655175455425524,123,68.15173956652507
17,HF,Mouse17_Cable1_HF_2026-03-16_11-21-18_DIFF_Ch2_minus_Ch3.npy,7.495588879110965,0.21657699115044246,114.64039747031882,0.027056201438976177,226,84.0067856342259,4.610118823877983,0.14113381294964025,90.57538192741933,0.010844060796080184,139,79.17161990443387,2.752804765337213,0.13533493975903618,66.78432671263216,0.006209177784754989,83,60.37513887550949
17,HF,Mouse17_Cable1_HF_2026-03-23_11-29-16_DIFF_Ch2_minus_Ch3.npy,13.69282644397079,0.2629588516746411,194.44094836606357,0.060010831964778646,418,105.09683652268802,6.092980187987002,0.19956129032258066,201.1365207948916,0.020265383137076768,186,90.02870026438273,4.4878402459904265,0.18163503649635038,157.96822917996508,0.01358581711450435,137,64.56704997833174
17,HF,Mouse17_Cable1_HF_2026-03-29_13-25-51_DIFF_Ch2_minus_Ch3.npy,8.78238050535199,0.5256314606741573,236.34670625549037,0.07693825822040683,178,132.8399991231631,8.634362856385382,0.3882514285714285,162.35462499503583,0.05587172856326176,175,110.62329141069657,8.239649125807764,0.21874011976047902,102.35252591629873,0.03003903060939195,167,75.61433541747266
17,HF,Mouse17_Cable1_HF_2026-03-31_12-09-43_DIFF_Ch2_minus_Ch3.npy,15.68176598237337,0.3227224615384615,267.1907240221098,0.08434763531836076,325,113.98883210146808,10.470594517461604,0.273341935483871,255.5710782126881,0.04770087618449606,217,91.92419127498131,7.768505609729577,0.2501614906832298,191.82248079335236,0.03238968239518308,161,64.92418149083146
17,HF,Mouse17_Cable1_HF_2026-04-02_13-13-00_DIFF_Ch2_minus_Ch3.npy,21.420889160731882,0.3375257540603248,346.8896182931265,0.12050169611031111,431,210.9755281743624,17.246052294139126,0.2179919308357349,213.71152386623177,0.06265833731489072,347,138.79668162774215,8.349673733185513,0.19226190476190474,174.36850656272196,0.026755402934711514,168,83.23809865490702
21,HF,Mouse21_Cable1_HF_2026-03-03_14-13-44_DIFF_Ch2_minus_Ch3.npy,5.911745239668977,0.15905698324022347,224.81180821044563,0.01567173939177499,179,191.99669128623782,2.642120777505688,0.13056,122.5728893059146,0.0057492548118523775,80,125.18615257368972,2.873306345537436,0.13846436781609195,86.73604622000197,0.006630842444613442,87,90.38250991547253
21,HF,Mouse21_Cable1_HF_2026-03-08_13-00-59_DIFF_Ch2_minus_Ch3.npy,9.645660707938644,0.23738082191780824,564.9112470518962,0.038161581113179716,292,431.78625098598565,9.084098269462764,0.22089018181818182,345.6037005455371,0.03344313530659768,275,327.548516769225,3.3693746308552797,0.13613333333333333,216.36882010637808,0.007644736662451645,102,208.27619136598517
21,HF,Mouse21_Cable1_HF_2026-03-19_14-50-19_DIFF_Ch2_minus_Ch3.npy,9.961416334692998,0.36120664451827245,144.97386007919232,0.05996882948173277,301,99.26973358559577,6.122465189097025,0.2984172972972973,113.95631853676964,0.030450825242118677,185,85.94215474920014,4.103706397016385,0.17753548387096774,67.39460531529541,0.012142558347644826,124,54.77648250572928
21,HF,Mouse21_Cable1_HF_2026-03-26_12-24-10_DIFF_Ch2_minus_Ch3.npy,11.52587819788092,0.5375291666666667,181.85141943665357,0.10325826171347387,384,94.29214550680521,12.636444586739238,0.22670783847981,125.82286427235111,0.0477463506388258,421,82.9498545615923,8.044102492271058,0.1704268656716418,83.02091489121958,0.022848852914986645,268,54.36483429381986
21,HF,Mouse21_Cable1_HF_2026-03-31_12-34-40_DIFF_Ch2_minus_Ch3.npy,8.265979141064427,0.6771976878612718,359.95126547301095,0.0932950327039722,173,210.90214686069007,13.139562218455016,0.35664290909090907,310.06998789732705,0.07810219489617994,275,261.2549914011821,7.023693258592317,0.18370612244897958,136.37330733576215,0.021504924230117215,147,96.6117922595547
21,HF,Mouse21_Cable1_HF_2026-04-02_13-36-07_DIFF_Ch2_minus_Ch3.npy,15.379893286693118,0.3099277419354839,553.5456441692985,0.07944425995922509,310,365.1538204664448,13.048103014194483,0.2594403041825095,378.17920956383443,0.0564200635834556,263,292.6047358992834,6.1023447556879145,0.18739512195121952,237.25102876789876,0.019059160661342025,123,157.8293546201802
22,HF,Mouse22_Cable1_HF_2026-02-19_12-28-09_DIFF_Ch1_minus_Ch4.npy,7.21598221981981,0.17263636363636364,249.28036555966543,0.020762348841572454,220,198.23808812166152,3.4439915140049093,0.1468342857142857,142.2678602280617,0.008428267232749538,105,132.25580839060575,4.919987877149871,0.149024,98.59508009530519,0.012219937890073038,150,95.44937114914819
22,HF,Mouse22_Cable1_HF_2026-03-05_12-08-47_DIFF_Ch1_minus_Ch4.npy,9.011943300682002,0.4538139194139194,427.2323738738509,0.06816242184697523,273,291.0378240643649,8.61581392482785,0.3222436781609196,250.37225707157043,0.04627319282477657,261,206.96231655046378,6.272048451024104,0.20752421052631578,160.266826862056,0.02169336505302632,190,126.5114106101739
22,HF,Mouse22_Cable1_HF_2026-03-10_14-11-08_DIFF_Ch1_minus_Ch4.npy,6.1834500817374805,0.16844166666666668,268.7301111096296,0.017359177291966624,192,215.8280106166872,2.5442320648815673,0.16672405063291137,233.39103292869632,0.007069744593453186,79,145.9935071621536,3.1883414483958883,0.1468040404040404,188.40349946387337,0.007801023446869779,99,117.23826479587106
22,HF,Mouse22_Cable1_HF_2026-03-27_10-00-03_DIFF_Ch1_minus_Ch4.npy,6.8752614536045735,0.16102910798122066,335.6436524254076,0.018451953650193583,213,283.63671999829336,3.711995620490732,0.13469913043478263,166.002583690237,0.008333376370963716,115,164.45816918841922,3.0664311647532134,0.13478736842105263,134.63789424840564,0.006888603119023149,95,127.69895395580016
22,HF,Mouse22_Cable1_HF_2026-03-29_14-23-37_DIFF_Ch1_minus_Ch4.npy,5.032927398149185,0.14688932038834954,357.42527035536864,0.012321388084633967,103,308.8913029327591,3.322709350234413,0.13355294117647057,156.09513733995306,0.007395960106639425,68,158.53297456595962,2.980665740651459,0.1281311475409836,118.56298569391669,0.006365268696429455,61,117.1690339599259
22,HF,Mouse22_Cable1_HF_2026-03-31_12-58-34_DIFF_Ch1_minus_Ch4.npy,5.382096500107935,0.15885245901639347,297.9348421931982,0.014249321061761175,122,256.6670806738628,3.3086658812138947,0.13687466666666667,136.26752340826374,0.00754787566004208,75,140.52109191673418,2.8233948853025232,0.1334625,99.2464093805464,0.006280288997994802,64,101.13053346508582
22,HF,Mouse22_Cable1_HF_2026-04-02_13-59-00_DIFF_Ch1_minus_Ch4.npy,4.341245155602867,0.15896091954022987,377.32999026617415,0.011501472031403337,87,327.12508659536877,3.243459024300993,0.12748307692307692,171.7291783617013,0.006891435604863525,65,173.20238419594045,2.8442640674639477,0.13665964912280704,135.60226577516625,0.006478268824537183,57,135.5265280571819
23,HF,Mouse23_Cable1_HF_2026-03-29_15-33-15_DIFF_Ch2_minus_Ch3.npy,8.326892446441,0.1720461538461539,128.75192575397966,0.023876830315012747,52,104.08101332662875,3.2026509409388466,0.14011999999999997,64.94498991955885,0.007479257497405853,20,65.50563826415146,2.08172311161025,0.12541538461538462,40.89958349773509,0.004351335078422246,13,48.7731097316493
23,HF,Mouse23_Cable1_HF_2026-04-02_14-21-56_DIFF_Ch2_minus_Ch3.npy,13.977362884288734,0.1895390476190476,207.5021909216804,0.044154267488565185,105,161.0560717975219,6.256533862491148,0.16214468085106384,106.60465207988953,0.016907728106125012,47,92.62490640793175,2.129883868082093,0.12815,70.11253719713719,0.00454907696157867,16,59.22526100927428
25,HF,Mouse25_Cable1_HF_2026-02-21_13-15-00_DIFF_Ch2_minus_Ch3.npy,8.2260692571754,0.2434153846153846,251.58621633610917,0.03337253020180235,208,132.04509775748065,7.03961696046741,0.20646741573033706,199.450044811131,0.02422419202598594,178,106.51942965463053,6.16955194288155,0.1742051282051282,143.04084241298506,0.017912793119631305,156,82.82513166402006
25,HF,Mouse25_Cable1_HF_2026-03-23_12-06-54_DIFF_Ch2_minus_Ch3.npy,4.2048506097143745,0.18983307086614176,120.79892154057953,0.013303661729590802,127,77.85111791495454,2.6818338534398767,0.17799506172839508,102.79354087989675,0.007955886371472175,81,71.09161796402412,2.6156157336018553,0.16440506329113927,78.74153919873203,0.00716700783713521,79,54.16892010692564
25,HF,Mouse25_Cable1_HF_2026-03-29_15-09-30_DIFF_Ch2_minus_Ch3.npy,5.568338427700097,0.18594285714285716,101.46860721051493,0.01725654594641535,112,79.15894239676652,2.485865369508972,0.13289600000000001,71.99040330004246,0.005506026069104406,50,69.98388711558925,2.0881269103875364,0.12982857142857146,49.39769177121562,0.004518308895619508,42,53.8990000135049
25,HF,Mouse25_Cable1_HF_2026-03-31_13-36-44_DIFF_Ch2_minus_Ch3.npy,10.528996857345128,0.3982514285714286,304.27626174498954,0.06988646733102966,210,92.96454965500146,8.673887887241461,0.2852115606936416,273.7887380258457,0.041231551693363525,173,77.37949747842107,6.5179504354993645,0.22899692307692307,227.32599916219797,0.024876509908287422,130,57.98914833030533
25,HF,Mouse25_Cable1_HF_2026-04-02_14-33-12_DIFF_Ch2_minus_Ch3.npy,7.820378123531618,0.2676,226.4438883507733,0.03487888643095101,158,80.1675778756803,4.207165446203718,0.22196705882352938,263.8933100257892,0.01556420233463035,85,70.17279476788923,3.3657323569629747,0.18428235294117645,193.8450674284745,0.010337417968523143,68,54.71202515495659
