mouse,group,cable,differential_file,recording_date,diet_phase,days_on_diet,days_in_recovery,body_weight,body_weight_source,estrous_phase,theta_delta,log_theta_delta,low_gamma_theta,log_low_gamma_theta,high_gamma_theta,log_high_gamma_theta,fast_gamma_theta,log_fast_gamma_theta,beta_theta,log_beta_theta,beta_episode_rate,beta_mean_duration_sec,beta_mean_amplitude,beta_fraction_of_time,beta_n_episodes,beta_threshold,low_gamma_episode_rate,low_gamma_mean_duration_sec,low_gamma_mean_amplitude,low_gamma_fraction_of_time,low_gamma_n_episodes,low_gamma_threshold,high_gamma_episode_rate,high_gamma_mean_duration_sec,high_gamma_mean_amplitude,high_gamma_fraction_of_time,high_gamma_n_episodes,high_gamma_threshold
2,CTRL,Cable1,Mouse2_Cable1_CTRL_2026-03-04_11-03-06_DIFF_Ch3_minus_Ch4.npy,2026-03-04,diet,9.0,,32.13,interpolated,B,0.2493621900069541,-0.6031693965518816,0.0176555562605814,-1.753118594889593,0.0043936779999224,-2.3571717744480667,0.0018031469951921,-2.743968867510215,0.0697287946355361,-1.1565878421471527,10.996596354694553,0.2816722891566265,261.53930311687367,0.051623941135970484,332,121.41265255430659,7.585001702485099,0.21773275109170304,220.31048356216792,0.027525054795288863,229,101.08780531704501,6.293232853590256,0.17650526315789475,141.84280874447518,0.018513145348947616,190,71.21073312796443
2,CTRL,Cable1,Mouse2_Cable1_CTRL_2026-03-09_11-20-55_DIFF_Ch3_minus_Ch4.npy,2026-03-09,diet,14.0,,31.5,measured,B,0.7589305851370528,-0.1197979446190889,0.0185001058203106,-1.7328257874323614,0.005748883125529,-2.2404165204466926,0.0024053453974936,-2.6188225519491644,0.0555153521345969,-1.255586901104952,5.049061136917423,0.14556883116883118,168.27351547485205,0.01224976547001732,154,135.07310779559668,5.3113500271469,0.19012839506172838,119.19671876296509,0.01683064093787513,162,111.35430934329875,2.426172234622658,0.12651891891891892,80.4669841764427,0.0051159448039259404,74,70.49026081691864
2,CTRL,Cable1,Mouse2_Cable1_CTRL_2026-03-14_11-15-50_DIFF_Ch3_minus_Ch4.npy,2026-03-14,diet,19.0,,30.65,interpolated,B,1.3681403733088238,0.1361306589527046,0.0315426085388498,-1.5011023938484822,0.0143049527676114,-1.844513571818844,0.0038811775939637,-2.411036484465897,0.0861616671276934,-1.0646859065374503,4.5907284216229165,0.15711205673758866,353.19702086694116,0.012020979737414676,141,290.8948629404141,4.851195282424217,0.13673557046979865,262.8378667503285,0.011055515906711189,149,244.84863386474126,4.167469772820803,0.13503125,203.99801894047732,0.009378977546020153,128,182.46195303335327
2,CTRL,Cable1,Mouse2_Cable1_CTRL_2026-03-19_16-25-11_DIFF_Ch3_minus_Ch4.npy,2026-03-19,diet,24.0,,30.6,measured,B,0.6551730021225749,-0.1836440069600366,0.0408228838018559,-1.3890963191938008,0.0117172706801702,-1.9311735373435928,0.0041611865539131,-2.3807828135223845,0.1011896698798246,-0.9948638209268352,6.064376504771748,0.17018579234972678,212.45896610993952,0.01720117867619411,183,167.57790944968127,5.037077752597299,0.16899999999999998,164.6630327930901,0.014187769003149057,152,156.40578452372054,3.015618917673383,0.12869450549450548,93.84689740924453,0.006468226422830865,91,95.40397856660078
2,CTRL,Cable1,Mouse2_Cable1_CTRL_2026-03-27_10-36-46_DIFF_Ch3_minus_Ch4.npy,2026-03-27,diet,32.0,,30.65,interpolated,A,0.1853131984204723,-0.7320936481551815,0.0402753886549167,-1.3949602599746342,0.016658692729203,-1.7783590823271458,0.0054110230554218,-2.26672061561073,0.114180649883243,-0.9424074894436892,3.866469192759873,0.17176271186440675,296.9762049264048,0.011068587231476992,118,219.4184543321399,3.1456020551266763,0.14970000000000003,201.29597921666277,0.007848277127541057,96,186.33659319102492,3.3422021835720934,0.13138039215686273,145.9572028900928,0.007318330559087077,102,137.9431152533911
2,CTRL,Cable1,Mouse2_Cable1_CTRL_2026-04-01_10-31-21_DIFF_Ch3_minus_Ch4.npy,2026-04-01,recovery,,2.0,31.13,interpolated,A,0.3798570689468569,-0.4203797871850693,0.0393137268466074,-1.405455784157605,0.0156731396237046,-1.8048439974898256,0.0063048486036089,-2.2003253375455625,0.1014972790043931,-0.9935456004031548,13.220834097418983,0.17058754578754579,304.0196521750287,0.03758849403238346,273,231.48467042955735,12.300702786609603,0.1515968503937008,227.73700656908179,0.03107913000131724,254,207.44196276234794,12.68812649642408,0.1510320610687023,154.04830479203264,0.031938564930922356,262,146.8898626386354
2,CTRL,Cable1,Mouse2_Cable1_CTRL_2026-03-30_10-02-35_DIFF_Ch3_minus_Ch4.npy,2026-03-30,diet,35.0,,29.6,measured,D,0.5207290493088691,-0.2833881941648251,0.0556880944056538,-1.2542376430057116,0.0208051200076826,-1.6818297747749495,0.0094866015675979,-2.022889339181867,0.1340101903652042,-0.872862175880665,8.122365437877201,0.2508402366863905,156.81973470684807,0.03395693448150792,169,112.42042195014137,4.181336053818441,0.14876321839080459,132.95674175683718,0.01036715014232563,87,105.61985255154784,3.4604160445393997,0.13068888888888888,97.8479751900605,0.007537298799235633,72,71.77993412308173
5,CTRL,Cable1,Mouse5_Cable1_CTRL_2026-03-06_11-12-15_DIFF_Ch2_minus_Ch3.npy,2026-03-06,diet,11.0,,30.95,interpolated,D,1.0241550540059792,0.0103657125006201,0.0343766905006609,-1.4637359358654898,0.0099444894265566,-2.002417509665867,0.0038935276629268,-2.4096567353600733,0.1454368747177128,-0.8373254665439656,6.193217738441103,0.21290322580645157,226.42213157769885,0.02197593391059746,186,130.47908116747442,4.561671129927049,0.1755036496350365,178.2703115592602,0.01334316552894963,137,98.41480329386553,3.8291399995738002,0.14075130434782607,143.92294522481404,0.00898260749117411,115,70.8923963600106
5,CTRL,Cable1,Mouse5_Cable1_CTRL_2026-03-11_11-11-07_DIFF_Ch2_minus_Ch3.npy,2026-03-11,diet,16.0,,29.77,interpolated,C,0.6580776917893236,-0.1817228311222175,0.0241388420003635,-1.6172835679136888,0.0112896537030384,-1.9473193793474937,0.0060256139330319,-2.2199986974427897,0.0686564737482494,-1.1633185060516051,3.3843477676134284,0.14607058823529412,73.36921993917942,0.008239227820134967,102,63.666858133810045,2.4221312454488264,0.12711232876712328,56.77185550943366,0.0051313790531435505,73,53.588486984565634,1.9576129244038458,0.12558644067796612,39.192517437125375,0.004097493990017722,59,41.94611489287297
5,CTRL,Cable1,Mouse5_Cable1_CTRL_2026-03-17_10-31-53_DIFF_Ch2_minus_Ch3.npy,2026-03-17,diet,22.0,,29.33,interpolated,C,0.7434591642397882,-0.128742880850663,0.0196642895536558,-1.7063217394907215,0.008395170010968,-2.0759705045196593,0.0042133825069122,-2.3753691121761347,0.0595796168331963,-1.2249022941347982,4.124384335854382,0.14615483870967744,78.64501730094715,0.010046645456391954,124,62.56441206121351,2.52784846391075,0.1334,62.502773793143945,0.005620249751428235,76,50.627157188380565,2.1952368239224933,0.12356363636363635,39.391963307457694,0.004520857410720384,66,38.31977560662562
5,CTRL,Cable1,Mouse5_Cable1_CTRL_2026-03-24_12-38-34_DIFF_Ch2_minus_Ch3.npy,2026-03-24,diet,29.0,,29.17,interpolated,D,0.0764365262397367,-1.1166990582626846,0.0533571343056479,-1.2728075034667792,0.0306262297779081,-1.5139064634425503,0.0233578813859333,-1.631566551291011,0.1166834967606777,-0.9329905644567872,2.2879197835428937,0.1344695652173913,19.90582730038671,0.005127592975754682,69,16.96536068551313,1.691071144357791,0.1260549019607843,16.23212449343733,0.0035527967885122112,51,16.327043307625882,1.7905459175553082,0.1250666666666667,12.013471511056517,0.003732293490370842,54,14.300308219623496
5,CTRL,Cable1,Mouse5_Cable1_CTRL_2026-04-01_10-55-04_DIFF_Ch2_minus_Ch3.npy,2026-04-01,recovery,,2.0,29.7,interpolated,B,0.0901127969001756,-1.045213530569277,0.052132343157319,-1.2828927546926927,0.0293248678090631,-1.5327639369250954,0.0220707513102551,-1.6561828827719969,0.1210298039625674,-0.9171076701576122,2.473006311771576,0.12952,22.09278973708323,0.005338396291677576,50,18.450769403352325,2.077325301888124,0.1257714285714286,17.87854260625812,0.004354469513767391,42,17.225873113493535,2.225705680594418,0.12275555555555553,13.625811381046052,0.004553628955408728,45,15.044181389068596
5,CTRL,Cable1,Mouse5_Cable1_CTRL_2026-03-30_10-27-44_DIFF_Ch2_minus_Ch3.npy,2026-03-30,diet,35.0,,28.9,measured,D,0.0861318480068675,-1.0648362346533873,0.0549705369147677,-1.259870021120824,0.0312424862160013,-1.5052544131133396,0.0233892656699147,-1.6309834130993646,0.1190270120066263,-0.924354468572292,2.598684231633238,0.12933333333333333,20.194233854241777,0.005601608232631646,54,17.53942294314505,2.0211988468258517,0.1252380952380952,15.885493359139994,0.004218851561231738,42,16.917555388185125,1.8768275006240052,0.12674871794871795,12.55689257633721,0.0039647579919164875,39,14.692573508128772
7,CTRL,Cable1,Mouse7_Cable1_CTRL_2026-03-04_11-40-58_DIFF_Ch3_minus_Ch4.npy,2026-03-04,diet,9.0,,31.0,interpolated,C,0.6307809284788555,-0.2001214459417483,0.0639301274782431,-1.1942944295714166,0.0226000190373882,-1.6458911950194497,0.011302453601083,-1.9468272671589617,0.09475637148505,-1.0233915781117024,2.5995441266116632,0.13794,180.9599744131379,0.005976351947080213,80,149.42437612431968,8.026092490913511,0.4078704453441296,180.62759975016724,0.05456009864403446,247,161.52102112335666,3.3144187614298706,0.13947450980392156,109.62073584327511,0.007704615533922534,102,118.28850370322121
7,CTRL,Cable1,Mouse7_Cable1_CTRL_2026-03-09_11-59-34_DIFF_Ch3_minus_Ch4.npy,2026-03-09,diet,14.0,,30.2,measured,D,0.4690088625365686,-0.3288189506444866,0.0253364475121408,-1.5962542787197822,0.0099107219710159,-2.0038947071083197,0.0044162261864295,-2.3549486913923894,0.0988339266304339,-1.005093949954792,3.882661404518504,0.29040672268907564,340.95100606636197,0.018792516229959703,119,137.34228188257487,7.080147267063155,0.22150414746543778,219.97081281785012,0.026138033072009556,217,137.2020512326618,3.9479162180398237,0.17563636363636365,169.96277941631536,0.011556627474625665,121,108.72122699958251
7,CTRL,Cable1,Mouse7_Cable1_CTRL_2026-03-14_11-51-43_DIFF_Ch3_minus_Ch4.npy,2026-03-14,diet,19.0,,31.05,interpolated,D,0.9214313812506636,-0.0355370010350224,0.0400840109484499,-1.397028827918653,0.0188049388469137,-1.7257280745516652,0.0091992190783883,-2.0362490383437453,0.0834635688604442,-1.0785030490125211,3.791287116700873,0.14322782608695656,192.14898078630924,0.009050296863275856,115,153.4552362700614,3.42864226205992,0.14176153846153847,162.1640556589786,0.008100826698397725,104,145.6101545704062,2.934126551185893,0.13773483146067417,123.90856024669377,0.0067355237668646345,89,117.51903647162816
7,CTRL,Cable1,Mouse7_Cable1_CTRL_2026-03-19_17-01-34_DIFF_Ch3_minus_Ch4.npy,2026-03-19,diet,24.0,,30.3,measured,C,0.6760021182794707,-0.170051943177234,0.0591941026519463,-1.227721558704366,0.0260886864277159,-1.5835477871916976,0.0122414472095936,-1.9121672359496893,0.1947198214821357,-0.7105898372721805,7.6157993734779295,0.1923914163090129,224.75126104347854,0.024420240463145195,233,183.29787833749123,3.464698427419144,0.14240754716981135,146.89522682137323,0.008223320078864381,106,143.30501108035614,2.4187517323492136,0.13708108108108108,99.2398076107795,0.0055260850389527985,74,109.40033202551658
7,CTRL,Cable1,Mouse7_Cable1_CTRL_2026-03-27_11-12-28_DIFF_Ch3_minus_Ch4.npy,2026-03-27,diet,32.0,,28.72,interpolated,D,0.5902035112912107,-0.228998211085024,0.0645595782261324,-1.1900393155638922,0.0306069375379105,-1.5141801227686638,0.0141514648058785,-1.8491986043669035,0.1494110510422425,-0.8256172791660744,4.098722597580202,0.19015680000000001,238.7959674878666,0.012989999554058981,125,194.88317272476633,3.6724554474318607,0.13445714285714286,181.2019486391239,0.00822979777886397,112,183.24984100225834,2.6887620240126124,0.12758048780487805,132.96406980872476,0.005717226176912672,82,146.0740880583703
7,CTRL,Cable1,Mouse7_Cable1_CTRL_2026-04-01_11-18-33_DIFF_Ch3_minus_Ch4.npy,2026-04-01,recovery,,2.0,29.0,interpolated,A,0.5615627869205494,-0.25060167931581,0.070336703078549,-1.152817992407339,0.037254764977357,-1.4288181720156612,0.0174228632842481,-1.758880471236277,0.151904395534545,-0.818429659127479,2.826655819239584,0.13819310344827587,169.59313184134066,0.006510405667347447,58,138.83971995822748,3.8988356127442536,0.12946,130.23711377776823,0.008412387640431186,80,133.13740798018273,3.99630650306286,0.13216585365853661,100.64161558318472,0.008802921007641068,82,111.46667949577133
7,CTRL,Cable1,Mouse7_Cable1_CTRL_2026-03-30_10-51-09_DIFF_Ch3_minus_Ch4.npy,2026-03-30,diet,35.0,,28.2,measured,D,0.6904964207360519,-0.1608385682926066,0.0559196202619642,-1.2524357864521722,0.0260600719734804,-1.5840243891743844,0.0118240346124427,-1.9272343076391285,0.1533058312845538,-0.8144413255987276,6.127594014799598,0.2005714285714286,202.17441589635163,0.020483671420901513,126,143.62857657223662,5.203591742726642,0.14157757009345792,156.14294421003157,0.012278531244893672,107,139.92168987402874,3.696009088291821,0.1323894736842105,111.97150404077271,0.008155211632183551,76,111.12734283842914
8,CTRL,Cable1,Mouse8_Cable1_CTRL_2026-03-06_11-51-01_DIFF_Ch3_minus_Ch4.npy,2026-03-06,diet,11.0,,30.65,interpolated,C,0.9332693011600518,-0.0299930195633238,0.0325135488027033,-1.487935625357235,0.0123884919018294,-1.9069815587229932,0.0062547485957439,-2.2037901417140233,0.0943580176505064,-1.025221191700067,4.6116547495651865,0.16925142857142858,191.2900297825665,0.013008819240702026,140,148.87884707058913,4.7763567049068,0.2561655172413793,135.27120293848068,0.020392298097363013,145,124.23954648295327,2.668171676534144,0.12426666666666666,84.50323480530234,0.005526080005621827,81,89.08742059132828
8,CTRL,Cable1,Mouse8_Cable1_CTRL_2026-03-11_11-51-53_DIFF_Ch3_minus_Ch4.npy,2026-03-11,diet,16.0,,29.77,interpolated,C,0.7587871351975088,-0.1198800409358468,0.0379428272985404,-1.4208703109168836,0.0078098168868213,-2.107359148705972,0.0034353892618721,-2.46402404617212,0.0842653236815665,-1.074351106655985,4.588921324163175,0.1932521739130435,174.7603490016015,0.014780317030174264,138,132.2476207624557,7.0163941985393485,0.28452701421800947,128.2146975820021,0.033272561531449404,211,114.48208500520911,1.995183184418772,0.1661466666666667,81.61138372816731,0.005524883924676071,60,78.50814241595398
8,CTRL,Cable1,Mouse8_Cable1_CTRL_2026-03-17_11-09-26_DIFF_Ch3_minus_Ch4.npy,2026-03-17,diet,22.0,,29.2,interpolated,D,2.209660790430665,0.3443256093633694,0.0170851228707705,-1.7673818935461805,0.0069591190323918,-2.1574457350427294,0.0024739184110961,-2.6066146273402877,0.0611046658940563,-1.2139256261784943,3.5687771651132203,0.14576296296296296,197.90761146861374,0.008669925562357772,108,164.1833263200465,3.43660023307199,0.15215384615384617,132.10407114089713,0.00871486571925179,104,119.46465640429429,2.6435386408246075,0.12569000000000002,101.21675520681396,0.005537772862754082,80,86.32098201254485
8,CTRL,Cable1,Mouse8_Cable1_CTRL_2026-03-24_13-14-52_DIFF_Ch3_minus_Ch4.npy,2026-03-24,diet,29.0,,29.57,interpolated,B,4.236468391424028,0.6270039704546129,0.0099008663897814,-2.0043268001663046,0.0044010116903183,-2.3564474778278757,0.0005878974535649,-3.23069842092181,0.0507228289645624,-1.2947965325427897,4.348334032263549,0.14999699248120305,365.5527708433772,0.010870617119053244,133,311.1900518711275,3.138647121032336,0.12974166666666667,197.72676581062137,0.006786888476021172,96,190.49129172283614,2.190514136553818,0.1294686567164179,146.00648418918036,0.004726715379632447,67,144.7756643085395
8,CTRL,Cable1,Mouse8_Cable1_CTRL_2026-04-01_11-42-11_DIFF_Ch3_minus_Ch4.npy,2026-04-01,recovery,,2.0,29.73,interpolated,A,4.6922387641036,0.671380103037353,0.0087500510410913,-2.057989413629151,0.0041096558915075,-2.3861945408187952,0.0006478661552815,-3.1885147071335367,0.0446310788513563,-1.350362614984972,7.682727348758867,0.16413670886075948,333.2681657668041,0.021016959701663812,158,276.9076520843397,5.056985090322293,0.136,175.79067763147074,0.011462499538063862,104,168.7618927020544,5.689108226612579,0.13602735042735042,141.50161133779721,0.01289790530600919,117,130.07428514938053
8,CTRL,Cable1,Mouse8_Cable1_CTRL_2026-03-30_11-14-35_DIFF_Ch3_minus_Ch4.npy,2026-03-30,diet,35.0,,28.6,measured,D,4.830260008394433,0.6839705090479307,0.0092636411411612,-2.0332182771736456,0.0034022849111867,-2.4682293208894643,0.0005662457782517,-3.2469950229284157,0.0477994942271546,-1.3205766986916037,5.332597532719644,0.15439266055045872,345.7099695963519,0.013721898678689962,109,291.92217763519756,5.772903751017597,0.23317966101694912,187.09487621852142,0.02243539566242929,118,177.49816079090894,2.348299830922412,0.13273333333333334,121.46268324539442,0.005194961070407247,48,123.45867338186153
13,CTRL,Cable1,Mouse13_Cable1_CTRL_2026-02-19_11-46-09_DIFF_Ch2_minus_Ch3.npy,2026-02-19,baseline,,,30.5,baseline,D,0.9779098216362356,-0.0097011920134979,0.0325760410421743,-1.487101696516454,0.0152805288327136,-1.81586161531824,0.0105108407506871,-1.978362543840418,0.1008671898801058,-0.9962500782751896,4.868115727829351,0.18688648648648648,276.74429805105063,0.015163084069727205,148,161.51579425089335,3.716872143545383,0.1656283185840708,216.97940712065875,0.010260321392123213,113,126.27518343015095,3.4866234266885896,0.14612075471698113,176.57751383894185,0.00849113410869406,106,102.27337919136585
13,CTRL,Cable1,Mouse13_Cable1_CTRL_2026-03-04_12-19-35_DIFF_Ch2_minus_Ch3.npy,2026-03-04,diet,9.0,,28.37,interpolated,B,0.3236147215701697,-0.4899717301028306,0.0921703982543982,-1.0354085359850465,0.0532482135521463,-1.2736949579823602,0.0355156905736333,-1.4495797364078762,0.1916616414346187,-0.7174647967734719,3.169117303996697,0.150625,202.91069474190212,0.007955804898575041,96,126.43470879223037,2.9380358339136046,0.14062022471910116,203.6016845621986,0.006885787653295046,89,114.85082664843384,4.489582847328654,0.13598235294117647,138.5102721794613,0.01017506732173495,136,93.56530544693926
13,CTRL,Cable1,Mouse13_Cable1_CTRL_2026-03-09_12-34-46_DIFF_Ch2_minus_Ch3.npy,2026-03-09,diet,14.0,,27.4,measured,A,0.2957876155103627,-0.5290200136660603,0.0688492378210454,-1.162100863133221,0.0158360598158338,-1.8003528665032194,0.0094926168462205,-2.022614048351296,0.140658520165861,-0.8518339560053756,7.15807697429751,0.27136,285.7481931586337,0.032373596129089535,215,134.56183913018018,7.0249034491943,0.20195260663507106,252.85408452057763,0.023644959382074844,211,123.52985205767837,6.658676255160474,0.17329999999999998,174.94636731600013,0.019232476583655168,200,98.92287217910277
13,CTRL,Cable1,Mouse13_Cable1_CTRL_2026-03-14_12-26-46_DIFF_Ch2_minus_Ch3.npy,2026-03-14,diet,19.0,,28.2,interpolated,D,0.4057578624984385,-0.3917330559586564,0.0393335147817019,-1.4052372439768386,0.0171333409783307,-1.766157941939594,0.0090632129210672,-2.0427178170545734,0.1327590526384796,-0.8769358553546407,4.4220776716331365,0.19479699248120302,201.4449461441844,0.014356790515873597,133,120.22936656699602,3.823600994269253,0.15888000000000008,156.80822544244273,0.010124895432824983,115,108.33304694321501,4.954056940401032,0.14347382550335572,99.41894295097919,0.011846291683346433,149,89.65495402114192
13,CTRL,Cable1,Mouse13_Cable1_CTRL_2026-03-17_11-45-07_DIFF_Ch2_minus_Ch3.npy,2026-03-17,diet,22.0,,28.07,interpolated,A,0.3221857204827179,-0.491893711753504,0.0750187273702506,-1.1248303075642037,0.0308624464532028,-1.5105696505666524,0.0181545441486709,-1.7410146515267582,0.1703587151606093,-0.7686356440195243,4.15579879107259,0.15508480000000002,171.6338731090531,0.010741687072562242,125,120.51628797688373,3.091914300558007,0.14284731182795696,139.8947185876841,0.007361194103952154,93,108.04239597493952,5.3194224525729155,0.13483,94.44829178573352,0.011953628821340104,160,90.15201103616985
13,CTRL,Cable1,Mouse13_Cable1_CTRL_2026-03-27_11-54-52_DIFF_Ch2_minus_Ch3.npy,2026-03-27,diet,32.0,,26.9,interpolated,C,0.6621990248841078,-0.1790114631003548,0.0982533637594388,-1.007652572380976,0.0181851234932394,-1.7402837453516211,0.0060318668536632,-2.219548253570235,0.2740137573263209,-0.5622276321397629,10.865613997737656,0.22481707317073168,245.22696619378354,0.040712925619571884,328,109.46235121370204,8.215464242191885,0.18761290322580648,217.06874880274694,0.025688784963756994,248,84.3051284405372,4.339620224706198,0.1782473282442748,195.29671166598837,0.012892095177478321,131,62.36277117535745
13,CTRL,Cable1,Mouse13_Cable1_CTRL_2026-04-01_12-05-44_DIFF_Ch2_minus_Ch3.npy,2026-04-01,recovery,,2.0,28.17,interpolated,B,0.6665931127945177,-0.1761391777603799,0.043418072890826,-1.3623294565944866,0.0079886661669433,-2.0975257269054386,0.0035749919837226,-2.4467249276891754,0.2389014836044949,-0.6217811532252381,14.362796987972892,0.33696827586206896,280.7854968401201,0.08066344895990238,290,99.3958247873165,9.60821591609221,0.2993319587628866,263.59431355470076,0.04793410150634373,194,78.8298287360274,7.429032924813565,0.21872000000000005,202.57130659873553,0.027081301355253714,150,61.00482203798535
13,CTRL,Cable1,Mouse13_Cable1_CTRL_2026-03-30_11-38-49_DIFF_Ch2_minus_Ch3.npy,2026-03-30,diet,35.0,,26.9,measured,D,0.7414713315411496,-0.1299056359965919,0.0518923883372021,-1.284896340524999,0.0118291356905295,-1.9270469864410964,0.0070428900259521,-2.15224909302113,0.2664690416877692,-0.5743532399400751,13.440258052954617,0.2607294117647059,167.74789158744542,0.05840450960187847,272,95.74171908753601,8.054272289086773,0.19199018404907978,129.41969815920868,0.025772353652719543,163,72.45180729208526,5.484811190727803,0.16473513513513516,108.40802319433537,0.015059018544920769,111,55.549816872608844
18,CTRL,Cable1,Mouse18_Cable1_CTRL_2026-02-21_11-53-58_DIFF_Ch3_minus_Ch4.npy,2026-02-21,baseline,,,35.3,baseline,B,0.5715133652513897,-0.2429736088609013,0.0662569670237243,-1.1787684482459089,0.0302354794914931,-1.5194831397136246,0.0143870157330512,-1.842029281468365,0.1573448812950568,-0.8031473808821263,6.1615094442424905,0.19326010362694301,147.6732415179443,0.01984623256154486,193,113.35876869124915,3.7032906504255383,0.14053103448275864,110.45966403890465,0.008673787768243815,116,109.3586669039467,2.07511976101431,0.13352615384615382,76.30841862899801,0.004618046007639846,65,85.47600873192046
18,CTRL,Cable1,Mouse18_Cable1_CTRL_2026-03-06_12-29-54_DIFF_Ch3_minus_Ch4.npy,2026-03-06,diet,11.0,,32.83,interpolated,D,0.4916959201968744,-0.30830339521469,0.0300054031456574,-1.5228005337784634,0.0076314401974893,-2.117393494705704,0.0029225118139832,-2.534243724567371,0.1187511790447352,-0.9253620697024186,10.252217528696475,0.34693924050632907,267.21667245263325,0.059281609381860494,316,113.68468279540443,6.261639186830442,0.31511295336787565,268.56886436045323,0.032885393618102735,193,97.8649010883767,5.450546027914582,0.2559285714285714,212.76645563836814,0.023249174307164222,168,73.50399281902472
18,CTRL,Cable1,Mouse18_Cable1_CTRL_2026-03-11_12-32-08_DIFF_Ch3_minus_Ch4.npy,2026-03-11,diet,16.0,,31.3,interpolated,D,0.3197553660530187,-0.4951821585688987,0.0665924124218469,-1.1765752517763466,0.0171062438454314,-1.766845341498379,0.0081594462508653,-2.088339314083629,0.2322530212863535,-0.6340386277349359,11.678609962296669,0.2102340909090909,344.38669838793044,0.04092069914175488,352,220.50856271348826,9.190269771466413,0.1979032490974729,228.75105438292908,0.030313070797591553,277,149.93542998895524,3.3841426595291484,0.18496470588235292,221.71836899041494,0.010432449194728877,102,87.65812259216551
18,CTRL,Cable1,Mouse18_Cable1_CTRL_2026-03-19_17-37-41_DIFF_Ch3_minus_Ch4.npy,2026-03-19,diet,24.0,,29.8,measured,C,0.5245701272040734,-0.2801964448928778,0.0841306379091103,-1.0750458180931108,0.0270633975103446,-1.5676176834452171,0.0109016414879531,-1.962508104308304,0.3452693599680265,-0.4618419602756036,16.360102724800296,0.21225060240963858,165.6763367805657,0.05787402764704053,498,131.73750300307324,6.2089546485687865,0.16643386243386246,101.7845141100233,0.017223005063966467,189,93.8811986423939,2.726683787466716,0.132,68.40149287971624,0.005998704332426775,83,61.65978899005676
18,CTRL,Cable1,Mouse18_Cable1_CTRL_2026-03-24_13-50-15_DIFF_Ch3_minus_Ch4.npy,2026-03-24,diet,29.0,,30.37,interpolated,D,0.5746068203904774,-0.2406292233834563,0.0859625125046368,-1.0656908994747645,0.0274515398098708,-1.5614332901146344,0.0120227424987641,-1.919996454444379,0.3726686468430305,-0.4286771435376392,15.653883146276321,0.31783126338329765,176.51178939437148,0.08292155762059189,467,120.85705155544655,9.08394503777491,0.20634686346863465,112.09654787179106,0.031240726107772013,271,95.328224918123,2.9162480379572586,0.1336551724137931,73.18293454443295,0.006496193905242721,87,63.98461038098571
18,CTRL,Cable1,Mouse18_Cable1_CTRL_2026-04-01_12-28-44_DIFF_Ch3_minus_Ch4.npy,2026-04-01,recovery,,2.0,30.43,interpolated,C,0.943590064489724,-0.0252166406563072,0.0571444460976425,-1.2430259725540251,0.0100380390202245,-1.9983511204456257,0.0020277395000261,-2.6929878387706077,0.2177787998995912,-0.661984399762749,17.450827884412572,0.3133756373937677,221.5415895816659,0.09114440518877874,353,118.18135252477069,8.700696055684455,0.2633318181818182,212.30800701712144,0.03818616852984602,176,88.28326696575206,4.152604935667581,0.20879047619047622,194.68051328167832,0.014450406032482599,84,62.49240898035974
18,CTRL,Cable1,Mouse18_Cable1_CTRL_2026-03-30_12-01-38_DIFF_Ch3_minus_Ch4.npy,2026-03-30,diet,35.0,,30.1,measured,A,0.7968307395843943,-0.0986339203494543,0.0552472016937281,-1.2576897143804011,0.0164026740946561,-1.7850853440326508,0.0070003546360842,-2.154879958186719,0.3445410323353593,-0.4627590493567595,10.246178948548717,0.5432339622641509,195.78845783387618,0.09276787313812751,212,117.07528206949499,9.424551391353772,0.22897641025641027,116.66298110428198,0.035966665764487385,195,93.11202740329144,2.9481929993465648,0.1362754098360656,84.67921841336509,0.006696103487696208,61,64.01005501789521
19,CTRL,Cable1,Mouse19_Cable1_CTRL_2026-02-21_13-53-25_DIFF_Ch3_minus_Ch4.npy,2026-02-21,baseline,,,29.1,baseline,A,0.4258570783408818,-0.3707361297761272,0.0323697484510107,-1.4898606755360264,0.013471170781994,-1.87059465802137,0.0079647355641067,-2.098828638564128,0.1150308885825778,-0.9391855253880008,10.29427001006846,0.2219638709677419,181.70380116337418,0.03808260033703219,310,114.11995487872852,4.64902516583737,0.18754285714285715,179.95742878810384,0.014531524375503091,140,101.30833921716219,3.7192201326698955,0.16637857142857146,124.84114199879876,0.010313308875033319,112,81.79588011450701
19,CTRL,Cable1,Mouse19_Cable1_CTRL_2026-03-04_12-59-01_DIFF_Ch3_minus_Ch4.npy,2026-03-04,diet,9.0,,29.37,interpolated,B,0.7406218519708222,-0.1304034782839541,0.0149797006250488,-1.824496866088388,0.0046849657522149,-2.329293579520801,0.0023799110819534,-2.623439268715893,0.0805159277054877,-1.0941181987580435,8.885974122986285,0.2068104089219331,160.84009321578446,0.030628532367408492,269,98.60174573723779,4.2282702146551845,0.18634375,149.4091619680643,0.013131862130202534,128,84.6035772879103,2.609635523107497,0.1690430379746835,128.02100568287037,0.007352345280545729,79,67.09519864123799
19,CTRL,Cable1,Mouse19_Cable1_CTRL_2026-03-09_13-11-23_DIFF_Ch3_minus_Ch4.npy,2026-03-09,diet,14.0,,29.7,measured,B,0.6405448837230495,-0.1934504333349204,0.0392522417756141,-1.4061355347664617,0.0128857925668567,-1.889888864126921,0.0065132619724034,-2.1862014535499843,0.1391462604297253,-0.8565284608826395,9.476540298017795,0.2064140350877193,160.60350863548229,0.032601515359753856,285,109.05652277755046,7.614483257003773,0.25020786026200875,133.93882955598556,0.03175339271226342,229,100.29043487177672,2.294320282677993,0.13128115942028987,131.34257280818224,0.005020017113190901,69,69.11943554240452
19,CTRL,Cable1,Mouse19_Cable1_CTRL_2026-03-14_13-02-22_DIFF_Ch3_minus_Ch4.npy,2026-03-14,diet,19.0,,29.15,interpolated,D,0.1714428061929329,-0.7658807333327008,0.055777427963614,-1.2535415160105137,0.0232296519709256,-1.6339572967963545,0.0131494926095731,-1.881091004673376,0.2018953749577879,-0.6948736298097935,6.523967815092112,0.19655510204081633,145.13224469392884,0.021371985993440527,196,90.7219583277359,3.49498275808506,0.16993523809523808,138.0693952212743,0.00989867878556561,105,80.99157183851165,2.8958428566990495,0.14206896551724138,109.49236586004949,0.006856823315862118,87,62.82280910219181
19,CTRL,Cable1,Mouse19_Cable1_CTRL_2026-03-19_19-00-58_DIFF_Ch3_minus_Ch4.npy,2026-03-19,diet,24.0,,28.5,measured,D,0.4362199357767479,-0.3602944905225854,0.0632785363221713,-1.1987435749363584,0.026762192067888,-1.572478316763788,0.0136043342613315,-1.86632270590218,0.2268904384518407,-0.6441838056359986,16.536793888459805,0.29413487475915223,177.82790363205297,0.0810674633216673,519,124.46527372799919,7.42403270907733,0.16887210300429184,126.05338203524569,0.020895200272575645,233,103.04169980332267,3.3774569406102875,0.13527547169811321,106.58926705716443,0.007614784679685382,106,73.47094374387056
19,CTRL,Cable1,Mouse19_Cable1_CTRL_2026-03-27_12-30-35_DIFF_Ch3_minus_Ch4.npy,2026-03-27,diet,32.0,,29.03,interpolated,D,0.4489220545852516,-0.347829058110502,0.070161673754044,-1.1539000591306852,0.020663910875553,-1.6847874799638043,0.0085485895502158,-2.068105534521945,0.2753669750605901,-0.5600881461741282,20.322512108830132,0.2522233766233766,261.6425431755979,0.08543021042597657,616,179.2581865022438,10.656122420701513,0.19000866873065014,178.97635980841287,0.03374592724980546,323,114.28319885632958,3.29910910857632,0.154824,177.847634458228,0.008513021143770337,100,77.00133238426497
19,CTRL,Cable1,Mouse19_Cable1_CTRL_2026-04-01_12-52-41_DIFF_Ch3_minus_Ch4.npy,2026-04-01,recovery,,2.0,29.27,interpolated,D,0.4138847770060524,-0.383120546983757,0.0571683775912675,-1.2428441326616757,0.0247729700250881,-1.6060219228375383,0.0141899902465697,-1.8480179030529131,0.1712251570676421,-0.7664324267324378,9.815717198497126,0.2297940594059406,157.822172251451,0.037593225017056024,202,105.99251235139967,3.1099302015040395,0.1517625,158.49840537063966,0.007866179703429281,64,90.43471566030419,2.6725962669175343,0.13188363636363637,124.79257433927695,0.005874528570216069,55,70.15793118054704
19,CTRL,Cable1,Mouse19_Cable1_CTRL_2026-03-30_12-31-14_DIFF_Ch3_minus_Ch4.npy,2026-03-30,diet,35.0,,28.8,measured,B,0.5241291930838833,-0.2805616501769116,0.0577023987523829,-1.2388061323681954,0.0263183233665731,-1.579741781313356,0.0120918695571997,-1.917506546483794,0.174633295657996,-0.7578729499662736,8.916229055943063,0.2964133333333333,156.2861191708818,0.044048152920593386,180,106.08154580935079,3.6655608341099257,0.1487243243243243,122.58808357764951,0.009085967638711757,74,91.91724313698887,2.377661081584817,0.1312,97.08933769803609,0.005199152231732133,48,71.2811972045009
24,CTRL,Cable1,Mouse24_Cable1_CTRL_2026-03-06_13-06-06_DIFF_Ch2_minus_Ch3.npy,2026-03-06,diet,11.0,,27.02,interpolated,B,0.4873809112063882,-0.3121314844251478,0.0454912780685224,-1.3420718615804732,0.0207097353228371,-1.683825451496014,0.0113986746618332,-1.943145641691009,0.1152870556465607,-0.9382194522617352,4.654818601719091,0.17910285714285715,117.51784089338804,0.01389485518416014,140,77.74212072007566,2.2609118922635583,0.15509411764705883,112.27652708024873,0.005844235583472646,68,70.49294535557048,2.2609118922635583,0.14195294117647062,82.66161658765871,0.005349051547461196,68,57.66089436556058
24,CTRL,Cable1,Mouse24_Cable1_CTRL_2026-03-11_13-10-18_DIFF_Ch2_minus_Ch3.npy,2026-03-11,diet,16.0,,26.93,interpolated,C,0.4738499343883217,-0.3243591751737942,0.0226779068640561,-1.644397032642464,0.0084595263881368,-2.0726539505279247,0.004481549678466,-2.3485717850126533,0.0817657050982062,-1.0874288138063688,5.322296074008301,0.23287500000000003,121.13740001817507,0.02065716163724472,160,72.93881353118584,3.7921359527309146,0.21070175438596492,121.488036386683,0.013316828301841603,114,68.33523931986129,3.4927567985679477,0.16877714285714285,87.2221385089374,0.009824958552619324,105,56.188570826049315
24,CTRL,Cable1,Mouse24_Cable1_CTRL_2026-03-17_12-19-55_DIFF_Ch2_minus_Ch3.npy,2026-03-17,diet,22.0,,26.57,interpolated,D,0.2432234287576939,-0.6139945935024661,0.0837983786299292,-1.076764384220403,0.0419697364137973,-1.3770637583175256,0.0242109379075161,-1.6159883860985835,0.1815730389627539,-0.7409486376374681,2.9694032687191183,0.15211555555555556,91.45443449647543,0.007528207131494854,90,66.58968090600344,2.606476202542337,0.12788860759493673,67.90845441245047,0.005555643537874628,79,64.73837264648529,1.9466088094936442,0.12771525423728813,53.69127062280911,0.0041435273167504255,59,53.10494885537896
24,CTRL,Cable1,Mouse24_Cable1_CTRL_2026-03-24_14-29-11_DIFF_Ch2_minus_Ch3.npy,2026-03-24,diet,29.0,,25.8,interpolated,C,0.372841392545469,-0.4284758786244376,0.0878700824857271,-1.0561589659160338,0.0430942581647586,-1.3655805909408798,0.0240357421936986,-1.6191424628571065,0.2026094116069851,-0.6933403846714743,2.8522545413862135,0.14759069767441862,96.97741537079375,0.007016103961803668,86,76.69793202182855,2.0231107793553376,0.12628196721311477,76.24625297687867,0.004258040151784163,61,72.22300450474512,1.9899450288741023,0.1256533333333333,53.35466451044614,0.004167387100468787,60,58.573730505569706
24,CTRL,Cable1,Mouse24_Cable1_CTRL_2026-04-01_13-17-43_DIFF_Ch2_minus_Ch3.npy,2026-04-01,recovery,,2.0,26.07,interpolated,C,0.3463775130257332,-0.4604503103205031,0.0821612961848131,-1.085332717883618,0.0400158337298474,-1.3977681301507523,0.0219945795710655,-1.657684335197069,0.1928874864224698,-0.7146959463009083,3.6878523128242846,0.1447573333333333,96.72595791726506,0.008897394442193488,75,79.23668575405733,2.409396844378533,0.12963265306122448,71.11366159439737,0.005205608420235524,49,73.82423340554166,2.6060823010624947,0.12436226415094341,52.5254407694115,0.00540163825873054,53,59.57083975859894
24,CTRL,Cable1,Mouse24_Cable1_CTRL_2026-03-30_12-54-24_DIFF_Ch2_minus_Ch3.npy,2026-03-30,diet,35.0,,25.2,measured,D,0.3563847310713002,-0.4480809111265502,0.0874206862650162,-1.058385788558562,0.0397496331111319,-1.4006668755243967,0.0215317494639832,-1.6669206821278806,0.2513035358805264,-0.5998014007723342,5.76134902980869,0.15231034482758618,108.77402458537249,0.01462521762337068,116,89.18349478879321,2.334339693112142,0.1267914893617021,74.88950585965348,0.004932906772763785,47,75.16271193107862,2.1853392871688135,0.12465454545454545,51.552405784241344,0.004540207925099814,44,58.54489112907243
26,CTRL,Cable1,Mouse26_Cable1_CTRL_2026-02-21_14-36-19_DIFF_Ch3_minus_Ch4.npy,2026-02-21,baseline,,,33.0,baseline,A,0.4053933913863795,-0.3921233353367001,0.0760933470276402,-1.1186533126839713,0.0338670113757372,-1.4702231263637302,0.0163168847373566,-1.7873627543150643,0.1406310144206533,-0.8519188905083244,4.931589169228626,0.17315496688741722,133.7858666194456,0.014232152655002134,151,106.81191788848268,3.1353149685162123,0.14519166666666666,109.91470245809506,0.00758702676339694,96,112.97742190472424,3.919143710645265,0.12846666666666667,78.259048292475,0.008391322144903807,120,85.97431178552239
26,CTRL,Cable1,Mouse26_Cable1_CTRL_2026-03-19_15-33-40_DIFF_Ch3_minus_Ch4.npy,2026-03-19,diet,24.0,,32.3,measured,D,0.5682948046928653,-0.2454263142236732,0.0735479451103488,-1.1334294567189562,0.0329494020398021,-1.4821524625015563,0.0137401190013423,-1.8620095058934625,0.1780838551459191,-0.7493754513332817,10.153214539955778,0.21063673469387756,170.2097209824795,0.03564399928904475,294,133.22057290383447,3.1426616433196455,0.13073406593406595,124.60341562386242,0.006847548908103508,91,124.52127725834326,3.2808006166523773,0.12965894736842107,89.49402317277874,0.007089752574680231,95,95.4468309779716
26,CTRL,Cable1,Mouse26_Cable1_CTRL_2026-03-24_15-03-43_DIFF_Ch3_minus_Ch4.npy,2026-03-24,diet,29.0,,31.93,interpolated,C,0.52001464708725,-0.2839844235583132,0.0650659340177569,-1.1866463315606606,0.0327999215518111,-1.484127194997354,0.0140155853190013,-1.8533887605148676,0.1351448969672241,-0.869200348491463,3.270114093613356,0.15451428571428572,142.36213447760173,0.008421322389648109,98,117.02645806603496,3.436956649409956,0.13115339805825244,116.68748070796865,0.007512809059150358,103,114.62849981562928,3.303482604772676,0.1256888888888889,87.32290768888858,0.0069201843009608355,99,93.83013435697133
26,CTRL,Cable1,Mouse26_Cable1_CTRL_2026-04-01_13-41-00_DIFF_Ch3_minus_Ch4.npy,2026-04-01,recovery,,2.0,31.6,interpolated,A,0.5867451373387538,-0.2315505009380574,0.072854792560777,-1.137541874034842,0.0359891465646897,-1.443828451947825,0.0153598062413583,-1.813614262744588,0.1543598148624079,-0.8114657509887132,3.5970655828823035,0.167813698630137,143.43788963584004,0.010060614661310816,73,115.30195720897315,2.611568162914549,0.12979622641509433,113.79694316119209,0.005649528209535147,53,112.11040221154687,3.399966098888753,0.13455072463768117,84.17733896381218,0.007624465039150528,69,90.78801517126098
26,CTRL,Cable1,Mouse26_Cable1_CTRL_2026-03-30_13-16-59_DIFF_Ch3_minus_Ch4.npy,2026-03-30,diet,35.0,,30.4,measured,D,0.5545705716345773,-0.2560431800445077,0.0685375844037926,-1.164071206276016,0.0333300946705662,-1.477163452770729,0.0143084126975422,-1.844408541986832,0.136991624157202,-0.8633059853509609,2.6895359122773,0.15598518518518514,152.53933320526923,0.006992129288979677,54,124.05461364656244,4.03430386841595,0.1341925925925926,130.38094296522786,0.009022894923484364,81,123.06991755186623,3.386823000645489,0.1309647058823529,97.82057443871507,0.007392571302585408,68,98.635269619927
1,HF,Cable1,Mouse1_Cable1_HF_2026-02-21_12-36-13_DIFF_Ch2_minus_Ch3.npy,2026-02-21,baseline,,,31.4,baseline,A,2.333455034678727,0.3679994365136292,0.0148192932884775,-1.8291725067637552,0.0049699650097747,-2.303646668835129,0.0021814428975497,-2.6612561508200026,0.0447137669645031,-1.349558740935298,6.998824462848515,0.15725876777251185,247.39707459308886,0.018343775181394493,211,208.53309702088885,5.5393539587474026,0.15374371257485028,192.72931657983995,0.014194014048066998,167,171.2269733943097,3.715015828621013,0.13462857142857146,109.90580477077648,0.008335787897362957,112,115.98684750516863
1,HF,Cable1,Mouse1_Cable1_HF_2026-03-03_12-16-25_DIFF_Ch2_minus_Ch3.npy,2026-03-03,diet,8.0,,39.87,interpolated,A,1.9671918133261117,0.2938467083726427,0.0130863556495841,-1.8831812809998263,0.0042259102265731,-2.374079733151668,0.0018319489343207,-2.7370866364824717,0.0424157555312041,-1.372472792717239,7.457755955708664,0.16633244444444442,311.6210882195276,0.020674446303052266,225,254.87463883606011,4.839254975704288,0.13907945205479452,220.01054098175476,0.011217348839573173,146,207.68187911810477,5.137565213932635,0.13783741935483868,130.39220267480164,0.011802478847594404,155,135.82249288192548
1,HF,Cable1,Mouse1_Cable1_HF_2026-03-08_11-08-40_DIFF_Ch2_minus_Ch3.npy,2026-03-08,diet,13.0,,38.43,interpolated,A,3.613051111309376,0.5578741052720407,0.0120651926514459,-1.91846573908533,0.0039173698140788,-2.407005427524754,0.0017758241490011,-2.750600042442358,0.0377394916364218,-1.4232039542236516,5.777373325377749,0.1560135593220339,319.321953256499,0.015022476267072628,177,268.6806869025782,3.8842227441805206,0.14067899159663866,231.73509021716018,0.00910714231313407,119,221.60016036815014,3.427255362512224,0.13682285714285716,135.17889873404792,0.007815447847618352,105,144.81827075888248
1,HF,Cable1,Mouse1_Cable1_HF_2026-03-13_12-37-21_DIFF_Ch2_minus_Ch3.npy,2026-03-13,diet,18.0,,36.83,interpolated,B,2.103158833433894,0.3228720724386111,0.0240530943203939,-1.6188290457005945,0.005232745327748,-2.2812704014050205,0.0023376591626256,-2.631218809932752,0.0710278985239364,-1.148571034447463,9.463605488097034,0.21761398601398602,435.38178455787664,0.03432354853881049,286,317.4610734221482,7.0811593512334445,0.1918392523364486,288.83584181910027,0.022640738593597925,214,242.13417272201403,2.944968141400825,0.13625168539325844,198.16574858651757,0.006687614544921904,89,150.27420527376427
1,HF,Cable1,Mouse1_Cable1_HF_2026-03-19_12-55-20_DIFF_Ch2_minus_Ch3.npy,2026-03-19,diet,24.0,,35.7,measured,B,1.9668478380464256,0.2937707627394017,0.0136158237291328,-1.8659560796126335,0.0043898279012486,-2.357552505498912,0.0022389758593328,-2.6499505889645407,0.0415232202195137,-1.3817089733355472,9.151196262876097,0.1727595667870036,180.4404255291105,0.026349278365955346,277,141.34559319079716,4.294785249725244,0.14275692307692306,137.16656075834638,0.010218505458782175,130,120.96816618639482,4.49300610740487,0.14193529411764705,77.15922515851211,0.01062860238878158,136,79.21713471402254
1,HF,Cable1,Mouse1_Cable1_HF_2026-03-26_11-06-11_DIFF_Ch2_minus_Ch3.npy,2026-03-26,diet,31.0,,36.5,measured,D,0.4287800202264752,-0.3677654595735676,0.0128028049525417,-1.89269487082426,0.0044270200507242,-2.35388851102337,0.0019474653459589,-2.710530261610571,0.0536183452896662,-1.2706865928644369,6.005639393843924,0.18337923497267758,263.3727997225406,0.0183551592927479,183,176.06112217294069,4.561660523192926,0.1574618705035971,179.40287724842216,0.01197145997640626,139,130.4523575665861,3.0848639509362235,0.14435744680851062,121.37839306450118,0.007422051395146131,94,94.22764778400526
1,HF,Cable1,Mouse1_Cable1_HF_2026-03-31_10-10-35_DIFF_Ch2_minus_Ch3.npy,2026-03-31,recovery,,1.0,35.6,interpolated,D,2.511768948572016,0.3999796872246797,0.0155163743083738,-1.809209752267359,0.0056414069338371,-2.2486125720090873,0.0026520694646458,-2.5764151048082513,0.0518575227190894,-1.285188233712575,6.519735965181712,0.1622222222222222,204.93653358409637,0.017627434276232038,135,151.86539223644874,5.553849155525162,0.15241043478260874,156.5820422214326,0.014107742741843569,115,112.67796757494224,2.5113057051070298,0.13732307692307694,97.27199578167765,0.005747670441996243,52,79.63817735246973
1,HF,Cable1,Mouse1_Cable1_HF_2026-04-02_11-07-38_DIFF_Ch2_minus_Ch3.npy,2026-04-02,recovery,,3.0,35.6,measured,A,2.142786687331261,0.330978939531822,0.0133464404513165,-1.87463454691969,0.0050710089006074,-2.294905627180126,0.0026750851146926,-2.5726623952303123,0.0482127236492476,-1.3168383335153988,5.734716897776302,0.17550085470085472,198.04618748668815,0.016774128617119584,117,144.89241634952094,4.3132913419172185,0.1507909090909091,136.50259760993788,0.01084008537702741,88,112.10950654830049,2.646792414358293,0.1365037037037037,91.72942554013733,0.006021616124912917,54,82.40993018717676
4,HF,Cable1,Mouse4_Cable1_HF_2026-03-05_10-11-36_DIFF_Ch2_minus_Ch3.npy,2026-03-05,diet,10.0,,39.9,measured,C,0.7616361118096281,-0.1182524727277697,0.0298109882689586,-1.5256236263611616,0.0121943099783037,-1.9138427694456572,0.0058667173276103,-2.2316048366202947,0.0642613712408331,-1.1920500114957773,3.12064548227916,0.1321531914893617,166.12740464847911,0.006873387666500822,94,139.14219256676625,2.456678358389977,0.128572972972973,135.59681784634955,0.005264374002942702,74,136.52110748100068,2.456678358389977,0.1252972972972973,92.75811627959997,0.005130252643917087,74,100.00597231966502
4,HF,Cable1,Mouse4_Cable1_HF_2026-03-10_11-57-39_DIFF_Ch2_minus_Ch3.npy,2026-03-10,diet,15.0,,40.0,interpolated,C,0.7731750603549029,-0.111722163082349,0.0299266062888567,-1.5239425298550568,0.0121664721665201,-1.914835333086385,0.0059940598833128,-2.2222789225744903,0.0676102609852546,-1.1699873876219775,2.8159753556314926,0.13429767441860466,166.47949808982668,0.0063029823580235435,86,139.17500574604864,2.9142070540837537,0.14927640449438204,132.1554587500161,0.007250372516429797,89,133.12604897233933,2.5212802602747084,0.12329350649350648,86.52280539211746,0.005180958069035491,77,97.53504236643712
4,HF,Cable1,Mouse4_Cable1_HF_2026-03-16_10-06-17_DIFF_Ch2_minus_Ch3.npy,2026-03-16,diet,21.0,,39.2,measured,D,0.702186378365668,-0.153547599618609,0.0363226592766497,-1.4398223631548936,0.0132968929348297,-1.8762498281231423,0.0063024720631336,-2.2004890707374005,0.0939828702708275,-1.0269512956000764,6.270878303811687,0.17308481675392673,224.31097141247287,0.018089897035023676,191,165.73134479983216,3.644332417398415,0.13212972972972975,180.92648232649285,0.008025410955935753,111,140.23805635881962,2.3967231213521107,0.12623561643835615,142.74417930856762,0.005042530344265747,73,97.40161300302009
4,HF,Cable1,Mouse4_Cable1_HF_2026-03-23_10-13-09_DIFF_Ch2_minus_Ch3.npy,2026-03-23,diet,28.0,,38.8,measured,A,0.1843509529945057,-0.7343546129849851,0.0424818355211714,-1.3717967268725748,0.0120103174664657,-1.9204455128209024,0.0069178621659038,-2.160028095282587,0.1594039697948628,-0.7975008671398119,3.4091375477775734,0.26703689320388346,204.04180868659537,0.015172758321053819,103,83.95979128367618,3.7401217757171437,0.1883256637168141,163.29883305080784,0.011739348596560676,113,88.35924215902361,3.7732201985111007,0.16380350877192978,105.72322879770013,0.010301111798087265,114,74.56885667976893
4,HF,Cable1,Mouse4_Cable1_HF_2026-03-29_11-58-50_DIFF_Ch2_minus_Ch3.npy,2026-03-29,diet,34.0,,38.45,interpolated,B,0.5411942046452898,-0.2666468626731716,0.0431169374577413,-1.3653520941209034,0.016847989391558,-1.7734519196147422,0.0099352448807556,-2.0028214240699933,0.1390800953111868,-0.8567350203679256,7.662195032733157,0.2848169491525424,222.7393269338983,0.036372050217247036,236,89.31235833143208,5.876513986969074,0.19252596685082873,202.13876975419473,0.01885635895089399,181,91.019284623756,5.58431163402586,0.15587441860465115,135.20096534121873,0.014507522154349507,172,79.12596299689272
4,HF,Cable1,Mouse4_Cable1_HF_2026-03-31_10-34-19_DIFF_Ch2_minus_Ch3.npy,2026-03-31,recovery,,1.0,38.17,interpolated,D,0.4725219966537937,-0.3255779695822204,0.068635355818623,-1.163452110511641,0.0419775865123169,-1.3769825346558155,0.0293997190765773,-1.5316568193863178,0.1252841171735594,-0.9021039829651128,3.259029619877162,0.14571940298507466,105.52472092514313,0.00791506417531958,67,86.94148563960502,2.6266805891547276,0.12537777777777778,88.17413869700778,0.005488789586670731,54,91.6602155711364,2.9671762210821924,0.1276983606557377,74.52284731747314,0.006315058986814712,61,82.25970660743377
4,HF,Cable1,Mouse4_Cable1_HF_2026-04-02_11-35-16_DIFF_Ch2_minus_Ch3.npy,2026-04-02,recovery,,3.0,37.9,measured,B,0.3596007374140363,-0.4441794263533847,0.0545041071728019,-1.2635707701036154,0.0286130135961965,-1.5434363987737667,0.0178659060928574,-1.7479749530887905,0.133336889186018,-0.8750496813921432,6.964668876919976,0.3399375886524822,122.926398943328,0.03945921239638615,141,83.55333805174325,3.5564266605548815,0.18834444444444445,90.53765286108496,0.011163886726493667,72,83.86423225003576,2.667319995416161,0.1286074074074074,69.63793541951695,0.005717285155606838,54,71.52505436236567
9,HF,Cable1,Mouse9_Cable1_HF_2026-02-19_10-00-27_DIFF_Ch3_minus_Ch4.npy,2026-02-19,baseline,,,32.8,baseline,D,0.8992820681773603,-0.0461040663989124,0.0286374169314038,-1.5430661575593427,0.0134511909705058,-1.8712392614593245,0.0071896521596414,-2.143292120577142,0.0794377272571323,-1.0999731896612883,3.9488529522376834,0.14257478991596642,120.57113039097187,0.009383448001238855,119,99.09007558620257,2.2896710395327746,0.12895072463768115,91.12038305448988,0.004920912328827733,69,84.20588989650237,2.4224055925491674,0.12597260273972602,62.567823595854286,0.005085945623078114,73,66.2754661917301
9,HF,Cable1,Mouse9_Cable1_HF_2026-03-03_12-57-35_DIFF_Ch3_minus_Ch4.npy,2026-03-03,diet,8.0,,36.33,interpolated,D,0.3488067153877197,-0.457415162421363,0.0408945248387113,-1.388334833594274,0.0187962031141797,-1.725929870581899,0.0104295201175363,-1.9817356738458127,0.1197522375543895,-0.9217163631038318,8.621106688247911,0.21595366795366797,137.16039666950707,0.031029326852450592,259,92.6651320111889,4.227338028600327,0.15552125984251963,104.17073479508974,0.010957348933135274,127,83.76734251122689,2.596317844337209,0.1472205128205128,81.33271070701569,0.006370520741472871,78,67.29931166056528
9,HF,Cable1,Mouse9_Cable1_HF_2026-03-08_11-46-38_DIFF_Ch3_minus_Ch4.npy,2026-03-08,diet,13.0,,34.8,interpolated,B,0.5076829971629212,-0.2944073813304187,0.0217412935293352,-1.6627146205100558,0.0065011337155254,-2.1870109012859116,0.0028420638439046,-2.5463661703409675,0.0920573772120085,-1.0359414026614462,12.73503284507949,0.31776710182767626,247.92715336520612,0.06744624131435292,383,115.12375993506011,8.944448656204655,0.24099033457249072,210.2097573954569,0.03592542790375374,269,90.06318667914094,6.78315065377602,0.22627450980392155,155.2951635668158,0.02558090148515532,204,68.8364997344568
9,HF,Cable1,Mouse9_Cable1_HF_2026-03-13_13-13-55_DIFF_Ch3_minus_Ch4.npy,2026-03-13,diet,18.0,,35.65,interpolated,A,0.4285172192457961,-0.368031721994739,0.0556030798844939,-1.2549011519468023,0.0137610665639309,-1.8613479044087309,0.0067940986846409,-2.167868149269972,0.1478907120306755,-0.8300591001105285,5.637479103963907,0.18464561403508772,196.80876805950712,0.01734892984602319,171,131.3460914496713,4.384705969749705,0.1832,145.79254159737349,0.013387968894302433,133,116.34102731637692,3.626448546409531,0.1525236363636364,101.46524882078573,0.009218651989733415,110,84.55560343304063
9,HF,Cable1,Mouse9_Cable1_HF_2026-03-19_13-32-07_DIFF_Ch3_minus_Ch4.npy,2026-03-19,diet,24.0,,35.0,measured,A,0.5044516205247376,-0.2971804784788835,0.0582661632708404,-1.234583578531815,0.0178542264061353,-1.748258962319421,0.009215076566039,-2.035501051972837,0.2227913010226442,-0.6521017703727164,15.663665560996156,0.2638436974789916,167.9787515587657,0.06887932396145949,476,120.89433158826611,9.08229347654399,0.22267246376811595,112.39722962549094,0.03370627775145229,276,96.94004623990746,2.76417627546991,0.13798095238095237,65.96813188665817,0.006356727917302866,84,63.560519652568104
9,HF,Cable1,Mouse9_Cable1_HF_2026-03-29_13-02-32_DIFF_Ch3_minus_Ch4.npy,2026-03-29,diet,34.0,,33.95,interpolated,A,0.5995547847074834,-0.2221711268118663,0.0659273052555499,-1.1809346754554848,0.0177319037350079,-1.75124463511398,0.0082071793006072,-2.0858060785282944,0.3091324917426676,-0.5098553454933241,10.689901144809227,0.5385888888888889,223.76586544016394,0.09595769966524773,216,133.14335340999926,11.630216523287817,0.2815217021276596,144.6688717238021,0.05456930586248696,235,116.24315303630203,5.245970006248973,0.14810566037735848,85.46652761579696,0.012949297534921994,106,73.97638314140104
9,HF,Cable1,Mouse9_Cable1_HF_2026-04-02_11-58-35_DIFF_Ch3_minus_Ch4.npy,2026-04-02,recovery,,3.0,34.0,measured,D,0.3437174704718458,-0.4637983929815084,0.0314230020739687,-1.5027523259199544,0.0122519978951009,-1.911793086477456,0.0071945737094505,-2.1429949336409275,0.1230470461704937,-0.9099288073756652,11.998908646981155,0.3070539419087137,150.81487325486466,0.06140520331096856,241,102.18986073603799,6.273288338255708,0.18623492063492061,107.57394337919831,0.01947175592991708,126,83.5614541645682,2.5391881369130247,0.12884705882352943,81.5622403426444,0.005452782054014008,51,60.10714177159403
10,HF,Cable1,Mouse10_Cable1_HF_2026-03-05_10-50-49_DIFF_Ch3_minus_Ch4.npy,2026-03-05,diet,10.0,,37.4,measured,B,0.5810897930378381,-0.2357567529664503,0.0393364266644435,-1.405205094096364,0.0132105947815981,-1.879077628672305,0.0064369938446103,-2.1913169061658966,0.1228168452449448,-0.9107420623870752,9.388273791699307,0.2371731448763251,146.33126991189823,0.03711077366895509,283,109.22996924658372,6.004514333206977,0.18632044198895029,99.64985553146819,0.018646062741535182,181,93.55540338683312,2.5544066500383273,0.12915324675324677,57.22771228174565,0.005498498539675575,77,62.29790109867947
10,HF,Cable1,Mouse10_Cable1_HF_2026-03-10_12-49-22_DIFF_Ch3_minus_Ch4.npy,2026-03-10,diet,15.0,,39.13,interpolated,D,0.5800099477602398,-0.2365645577813198,0.0452838190377323,-1.3440569537925668,0.0144085995338214,-1.841378229060449,0.0072445625550925,-2.1399878331941977,0.1439537796146348,-0.8417769279082994,11.444311846251955,0.2707976878612717,158.92673372167917,0.05165155311880651,346,112.07262911371255,7.640566579434108,0.23947012987012986,107.40016186795921,0.030494791184307667,231,98.45400709786733,2.1168669310986274,0.132475,61.73753337738094,0.004673865778288178,64,64.550740493788
10,HF,Cable1,Mouse10_Cable1_HF_2026-03-16_10-44-00_DIFF_Ch3_minus_Ch4.npy,2026-03-16,diet,21.0,,37.6,measured,D,0.581275250761565,-0.2356181678168812,0.0458338940449886,-1.3388132435536355,0.0154225497200068,-1.8118438209808985,0.0073939320849387,-2.1311245428448413,0.2235933163604912,-0.6505411824991226,13.294031795443873,0.3204875621890548,181.52830344258464,0.07100953069642649,402,123.90624164426669,7.0438526677351865,0.18497276995305167,107.90562044624386,0.021715348984869497,213,92.92457546860689,2.480229812582812,0.13197866666666666,63.69295507587184,0.005455623728193268,75,63.12497397486787
10,HF,Cable1,Mouse10_Cable1_HF_2026-03-23_10-51-51_DIFF_Ch3_minus_Ch4.npy,2026-03-23,diet,28.0,,36.5,measured,A,0.7783315518032731,-0.1088353638769233,0.0332154931872431,-1.4786592947230155,0.0129583998489058,-1.8874486234419163,0.0068668919475765,-2.163239786294516,0.122319482945346,-0.9125043633908446,10.734077246558305,0.22221204819277113,205.74949368295736,0.03975402150695236,332,143.32012231198343,3.815123840644217,0.15286101694915252,150.37848097538514,0.009719728501130526,118,111.7283369988861,2.554193079753332,0.14677468354430379,107.61734901478573,0.0062481813498641,79,81.67267590550443
10,HF,Cable1,Mouse10_Cable1_HF_2026-03-29_12-39-17_DIFF_Ch3_minus_Ch4.npy,2026-03-29,diet,34.0,,35.4,interpolated,B,0.6928687035597912,-0.1593490550300624,0.0682985501829126,-1.165588515267863,0.0221476294827886,-1.6546727505983527,0.0118686193476491,-1.92559979870099,0.386996461061231,-0.4122930064245163,16.189467483552086,0.26927951807228917,324.3145072059336,0.07265820003029837,332,239.4701890145726,8.679895217085155,0.24787865168539325,150.51735327686902,0.03585934538635937,178,139.3220077551089,2.974570832821317,0.14354098360655734,80.65761013179068,0.007116213719175806,61,76.14049974727695
10,HF,Cable1,Mouse10_Cable1_HF_2026-03-31_11-21-55_DIFF_Ch3_minus_Ch4.npy,2026-03-31,recovery,,1.0,34.87,interpolated,D,0.7998053930563717,-0.0970156717619793,0.0366129358183939,-1.436365445698953,0.009760329810524,-2.010535506875251,0.0043896015504981,-2.3575748994101486,0.2877511908788244,-0.5409828703357662,16.226985624165366,0.2588471299093656,278.77290100193426,0.07000514426492899,331,214.3723351009004,7.647763617431411,0.16203589743589744,118.94322146606562,0.020653537352135067,156,113.14448201411551,2.3531580361327418,0.12928333333333333,63.825913917536376,0.005070401912856021,48,67.21055739397217
10,HF,Cable1,Mouse10_Cable1_HF_2026-04-02_12-22-42_DIFF_Ch3_minus_Ch4.npy,2026-04-02,recovery,,3.0,34.6,measured,A,0.7818554283825362,-0.1068735442038807,0.0451990819489756,-1.3448703861740836,0.0185451842615861,-1.7317688472427568,0.0124169274531054,-1.9059858562725096,0.2331444681012296,-0.6323748847413885,11.765941521276412,0.22484745762711866,281.1903702302954,0.044092367294139234,236,212.66132382953833,5.284702547691948,0.1577433962264151,142.98451526520913,0.013893782131988604,106,135.56149379315374,9.173445931842627,0.13984347826086957,94.69954825782683,0.02138077644578161,184,97.46151351253621
14,HF,Cable1,Mouse14_Cable1_HF_2026-03-03_13-37-05_DIFF_Ch2_minus_Ch3.npy,2026-03-03,diet,8.0,,31.33,interpolated,D,0.3174389107983743,-0.4983398396817471,0.0744345205596475,-1.1282256046210182,0.0369427449201717,-1.4324708387443177,0.0217148751224954,-1.6632426638272912,0.1749081556440576,-0.7571899397001,3.1980910949597643,0.14730833333333335,89.47093164620014,0.007851757817444965,96,72.35670945072927,2.0654338321615144,0.12598709677419354,65.23691701415902,0.004336966868220436,62,66.98587989380526,1.7322993431032057,0.12743076923076924,46.98684059744772,0.003679137297159962,52,54.33474937465285
14,HF,Cable1,Mouse14_Cable1_HF_2026-03-08_12-26-39_DIFF_Ch2_minus_Ch3.npy,2026-03-08,diet,13.0,,29.8,interpolated,B,0.4502725007717151,-0.3465245756392879,0.0701576111888658,-1.1539252067736552,0.0297763826063833,-1.5261280637870092,0.0156471476316072,-1.8055648198271772,0.25092301425086,-0.6004595040748723,5.648145769117977,0.186,111.23492237786456,0.017509251884265727,170,71.6934742459529,2.790848497681824,0.14455238095238096,101.74557810702245,0.006723729920288051,84,66.30301252918191,3.0898679795763053,0.13219784946236554,68.39170048211939,0.006807898367043534,93,51.702881480164464
14,HF,Cable1,Mouse14_Cable1_HF_2026-03-13_13-50-04_DIFF_Ch2_minus_Ch3.npy,2026-03-13,diet,18.0,,29.73,interpolated,B,0.4650919569081762,-0.3324611709176388,0.0460059702856574,-1.3371858054082362,0.0146375775615543,-1.8345307906751187,0.0075147202771003,-2.1240871806622663,0.1211024837070619,-0.9168469497618988,4.005603872922383,0.21547107438016527,124.53439650452714,0.014384862833998948,121,72.19854649024946,2.946270617273488,0.19046292134831458,106.02634142262137,0.009352588480810178,89,67.65456453646675,3.2111039311857117,0.16143505154639176,65.46619999476502,0.008639745477529777,97,50.891026215390454
14,HF,Cable1,Mouse14_Cable1_HF_2026-03-19_14-09-18_DIFF_Ch2_minus_Ch3.npy,2026-03-19,diet,24.0,,27.4,measured,D,0.1771011055514553,-0.7517787277235454,0.088069985145976,-1.0551720769055764,0.0448644889046767,-1.3480972753585134,0.0311702293354451,-1.5062600023830277,0.1931047056056919,-0.7142071431357467,2.871474109412843,0.13749213483146067,46.797088112273606,0.006580085090273984,89,38.36981778704161,2.290726536722605,0.13248450704225354,36.1565967061911,0.005058096266438382,71,36.83508707214338,2.71015533922111,0.1330952380952381,27.401215522842488,0.006011812835811907,84,30.33346499351648
14,HF,Cable1,Mouse14_Cable1_HF_2026-03-26_11-43-11_DIFF_Ch2_minus_Ch3.npy,2026-03-26,diet,31.0,,26.8,measured,A,0.2090396603539649,-0.6797713089184971,0.1019214754378499,-0.9917342980201198,0.0497551181796897,-1.303162237875722,0.0361152199693996,-1.442309735609019,0.2337179067879013,-0.6313080119498874,2.746883004847311,0.15065060240963857,58.09126639820154,0.006896992990484092,83,42.96422957471175,2.4159332452271527,0.1321095890410959,48.30442618168124,0.005319465802961339,73,40.603271950955715,3.210212668315532,0.13096907216494846,33.4751349376629,0.0070073095770241435,97,33.8643723444987
14,HF,Cable1,Mouse14_Cable1_HF_2026-03-29_13-48-59_DIFF_Ch2_minus_Ch3.npy,2026-03-29,diet,34.0,,26.65,interpolated,D,0.3801303454166398,-0.4200674597287647,0.1877215091382974,-0.7264859630478633,0.0698032970250093,-1.1561240638245227,0.0191457241082542,-1.717928203603461,0.3316521830921239,-0.4793171396237309,7.1387173387383305,0.22945753424657533,79.84198903671964,0.027300541303836197,146,55.90662470211351,3.6671493178450327,0.1778026666666667,62.799141392038266,0.010867148796294909,75,51.81177721090744,2.102498942231152,0.1607813953488372,52.62649638601453,0.005634045227522982,43,42.223250274351045
14,HF,Cable1,Mouse14_Cable1_HF_2026-03-31_11-46-25_DIFF_Ch2_minus_Ch3.npy,2026-03-31,recovery,,1.0,26.87,interpolated,A,0.3598838665402292,-0.4438376221706602,0.1414023273859002,-0.8495434422892227,0.0719428157783628,-1.1430125682818424,0.0529929479066219,-1.2757819207580028,0.2913553614891213,-0.5355769856613,3.5418894012239197,0.14064444444444446,145.79363432974424,0.008302451118646735,72,123.85225705887325,5.017676651733886,0.15944313725490195,121.26932004625016,0.013333901784718716,102,122.02360411033385,8.067636969454483,0.13874634146341466,92.04011713672458,0.01865591856277999,164,98.98255302637281
14,HF,Cable1,Mouse14_Cable1_HF_2026-04-02_12-46-08_DIFF_Ch2_minus_Ch3.npy,2026-04-02,recovery,,3.0,27.4,measured,D,0.1778295635158671,-0.74999603749119,0.0850229595938763,-1.0704637815975706,0.0404928081832436,-1.3926221037898252,0.0236733378351504,-1.6257405041668735,0.191240724212201,-0.7184196203372235,2.3735740794084856,0.13792653061224489,43.40221794839356,0.005456313965399425,49,37.30254905526806,1.8891712060598151,0.12941538461538463,33.32758533496154,0.004074796970609017,39,35.230776643931776,1.743850344055214,0.1265111111111111,24.13903817054557,0.003676940743965309,36,27.982230672860606
17,HF,Cable1,Mouse17_Cable1_HF_2026-02-19_10-59-12_DIFF_Ch2_minus_Ch3.npy,2026-02-19,baseline,,,31.6,baseline,D,0.4916029444531518,-0.3083855245733652,0.0165170711008585,-1.7820669617074043,0.0060343370273749,-2.2193704374421612,0.0028185891843501,-2.549968218903624,0.0766171711077653,-1.1156738872650795,5.428695889062461,0.23534545454545455,156.62633411626956,0.02129364836000742,165,99.34742661162625,4.145549588011334,0.19645079365079368,142.097087204173,0.013573275111392454,126,89.83381177608302,3.8823400903598206,0.1778915254237288,101.05978402308901,0.01151059001479676,118,70.62000377066457
17,HF,Cable1,Mouse17_Cable1_HF_2026-03-05_11-29-30_DIFF_Ch2_minus_Ch3.npy,2026-03-05,diet,10.0,,37.2,measured,B,0.4217605772463455,-0.3749340170207111,0.1037179393764833,-0.984146120193396,0.0492566708868628,-1.307534944188414,0.0252280571885208,-1.5981161931920014,0.1978163392286313,-0.7037378394134302,4.373697554837994,0.17138181818181816,127.79481053594056,0.012492870652091799,132,91.91317560358127,5.665926377858311,0.14428070175438598,113.4420621075442,0.013624730564768055,171,94.29101562819635,6.626814477027264,0.14466800000000002,81.80444923549585,0.015978133279376337,200,76.40648561505341
17,HF,Cable1,Mouse17_Cable1_HF_2026-03-10_13-26-40_DIFF_Ch2_minus_Ch3.npy,2026-03-10,diet,15.0,,36.73,interpolated,B,0.3242686115487334,-0.4890950879934599,0.1103128083461804,-0.9573740589911656,0.0527827085887553,-1.2775083273602352,0.0273577059985319,-1.562920321935388,0.2347378751879348,-0.6294168309040926,5.490906925819832,0.164544578313253,114.0660137788825,0.015058316077772412,166,83.77912462975094,4.895507379646597,0.1366,100.629378525707,0.011145438467662087,148,83.44621329895675,4.068563565517104,0.1423869918699187,72.00170910525937,0.009655175455425524,123,68.15173956652507
17,HF,Cable1,Mouse17_Cable1_HF_2026-03-16_11-21-18_DIFF_Ch2_minus_Ch3.npy,2026-03-16,diet,21.0,,37.0,measured,B,0.3179010197771877,-0.4977080789336226,0.0914515729194857,-1.038808820484136,0.040123329514374,-1.396603035528917,0.0215298898967022,-1.6669581911415357,0.2177677997162408,-0.6620063368823788,7.495588879110965,0.21657699115044246,114.64039747031882,0.027056201438976177,226,84.0067856342259,4.610118823877983,0.14113381294964025,90.57538192741933,0.010844060796080184,139,79.17161990443387,2.752804765337213,0.13533493975903618,66.78432671263216,0.006209177784754989,83,60.37513887550949
17,HF,Cable1,Mouse17_Cable1_HF_2026-03-23_11-29-16_DIFF_Ch2_minus_Ch3.npy,2026-03-23,diet,28.0,,37.0,measured,B,0.7422195486136589,-0.129467611367946,0.0279404168741349,-1.5537671184514057,0.0089714440574854,-2.0471376466190545,0.0038701300982836,-2.4122744354934853,0.1354448400837518,-0.8682375352291024,13.69282644397079,0.2629588516746411,194.44094836606357,0.060010831964778646,418,105.09683652268802,6.092980187987002,0.19956129032258066,201.1365207948916,0.020265383137076768,186,90.02870026438273,4.4878402459904265,0.18163503649635038,157.96822917996508,0.01358581711450435,137,64.56704997833174
17,HF,Cable1,Mouse17_Cable1_HF_2026-03-29_13-25-51_DIFF_Ch2_minus_Ch3.npy,2026-03-29,diet,34.0,,36.38,interpolated,A,0.5148301768368461,-0.2883360047948035,0.1299361245419489,-0.8862700905885504,0.0475701720955501,-1.3226652774215406,0.0214349779026431,-1.6688769598680715,0.6721752372360642,-0.1725174908695538,8.78238050535199,0.5256314606741573,236.34670625549037,0.07693825822040683,178,132.8399991231631,8.634362856385382,0.3882514285714285,162.35462499503583,0.05587172856326176,175,110.62329141069657,8.239649125807764,0.21874011976047902,102.35252591629873,0.03003903060939195,167,75.61433541747266
17,HF,Cable1,Mouse17_Cable1_HF_2026-03-31_12-09-43_DIFF_Ch2_minus_Ch3.npy,2026-03-31,recovery,,1.0,35.77,interpolated,C,0.6183910145453126,-0.2087368295065154,0.0377752718187153,-1.4227924019341802,0.0111048828891504,-1.954486017112257,0.0047156191010376,-2.326461281820853,0.1831606821814362,-0.7371677476127739,15.68176598237337,0.3227224615384615,267.1907240221098,0.08434763531836076,325,113.98883210146808,10.470594517461604,0.273341935483871,255.5710782126881,0.04770087618449606,217,91.92419127498131,7.768505609729577,0.2501614906832298,191.82248079335236,0.03238968239518308,161,64.92418149083146
17,HF,Cable1,Mouse17_Cable1_HF_2026-04-02_13-13-00_DIFF_Ch2_minus_Ch3.npy,2026-04-02,recovery,,3.0,35.1,measured,D,0.4458168941865822,-0.3508434779980225,0.0361960845892987,-1.441338405522881,0.0095021314106864,-2.0221789677558637,0.0039040110694357,-2.4084889596047216,0.1837045505807918,-0.7358800855687176,21.420889160731882,0.3375257540603248,346.8896182931265,0.12050169611031111,431,210.9755281743624,17.246052294139126,0.2179919308357349,213.71152386623177,0.06265833731489072,347,138.79668162774215,8.349673733185513,0.19226190476190474,174.36850656272196,0.026755402934711514,168,83.23809865490702
21,HF,Cable1,Mouse21_Cable1_HF_2026-03-03_14-13-44_DIFF_Ch2_minus_Ch3.npy,2026-03-03,diet,8.0,,33.03,interpolated,A,3.1634420363752223,0.5001598813072539,0.0105630391488046,-1.9762111106221252,0.0042076432629233,-2.3759610881298343,0.0011005916251759,-2.958373796225674,0.0490270873442647,-1.3095639070370682,5.911745239668977,0.15905698324022347,224.81180821044563,0.01567173939177499,179,191.99669128623782,2.642120777505688,0.13056,122.5728893059146,0.0057492548118523775,80,125.18615257368972,2.873306345537436,0.13846436781609195,86.73604622000197,0.006630842444613442,87,90.38250991547253
21,HF,Cable1,Mouse21_Cable1_HF_2026-03-08_13-00-59_DIFF_Ch2_minus_Ch3.npy,2026-03-08,diet,13.0,,33.03,interpolated,B,3.7870729941502894,0.5783036760347869,0.0244539301983813,-1.6116513317837062,0.0077046428716262,-2.1132474870528424,0.0010949508145013,-2.96060538901604,0.0901771652219945,-1.0449034211451684,9.645660707938644,0.23738082191780824,564.9112470518962,0.038161581113179716,292,431.78625098598565,9.084098269462764,0.22089018181818182,345.6037005455371,0.03344313530659768,275,327.548516769225,3.3693746308552797,0.13613333333333333,216.36882010637808,0.007644736662451645,102,208.27619136598517
21,HF,Cable1,Mouse21_Cable1_HF_2026-03-19_14-50-19_DIFF_Ch2_minus_Ch3.npy,2026-03-19,diet,24.0,,33.3,measured,A,0.2100497012071145,-0.677677931903631,0.0475074129262612,-1.3232386189691476,0.0130702800985855,-1.883715105306477,0.0058844411837587,-2.2302947736588097,0.2280943658299659,-0.6418854421200022,9.961416334692998,0.36120664451827245,144.97386007919232,0.05996882948173277,301,99.26973358559577,6.122465189097025,0.2984172972972973,113.95631853676964,0.030450825242118677,185,85.94215474920014,4.103706397016385,0.17753548387096774,67.39460531529541,0.012142558347644826,124,54.77648250572928
21,HF,Cable1,Mouse21_Cable1_HF_2026-03-26_12-24-10_DIFF_Ch2_minus_Ch3.npy,2026-03-26,diet,31.0,,33.2,measured,C,1.2799087092918426,0.1071789942848214,0.0392671435757484,-1.4059706896236344,0.0085004116525217,-2.070560042039862,0.0042607572537534,-2.37051320796299,0.1641145878572174,-0.7848528135580493,11.52587819788092,0.5375291666666667,181.85141943665357,0.10325826171347387,384,94.29214550680521,12.636444586739238,0.22670783847981,125.82286427235111,0.0477463506388258,421,82.9498545615923,8.044102492271058,0.1704268656716418,83.02091489121958,0.022848852914986645,268,54.36483429381986
21,HF,Cable1,Mouse21_Cable1_HF_2026-03-31_12-34-40_DIFF_Ch2_minus_Ch3.npy,2026-03-31,recovery,,1.0,32.43,interpolated,D,0.4990718263301981,-0.3018369462923393,0.3560747497597009,-0.4484588222505862,0.0508365867753619,-1.2938236161508347,0.0213343023068719,-1.6709215552527634,0.9484924284583388,-0.0229661316091484,8.265979141064427,0.6771976878612718,359.95126547301095,0.0932950327039722,173,210.90214686069007,13.139562218455016,0.35664290909090907,310.06998789732705,0.07810219489617994,275,261.2549914011821,7.023693258592317,0.18370612244897958,136.37330733576215,0.021504924230117215,147,96.6117922595547
21,HF,Cable1,Mouse21_Cable1_HF_2026-04-02_13-36-07_DIFF_Ch2_minus_Ch3.npy,2026-04-02,recovery,,3.0,31.5,measured,A,0.2901504353524983,-0.5373767734673782,0.0797059073836639,-1.0985094897826446,0.0173957222154958,-1.759557536005583,0.007312793720784,-2.1359166769775992,0.3297856008344917,-0.4817683105309257,15.379893286693118,0.3099277419354839,553.5456441692985,0.07944425995922509,310,365.1538204664448,13.048103014194483,0.2594403041825095,378.17920956383443,0.0564200635834556,263,292.6047358992834,6.1023447556879145,0.18739512195121952,237.25102876789876,0.019059160661342025,123,157.8293546201802
22,HF,Cable1,Mouse22_Cable1_HF_2026-02-19_12-28-09_DIFF_Ch1_minus_Ch4.npy,2026-02-19,baseline,,,31.0,baseline,B,2.494527911938804,0.3969883677392948,0.0131315276445395,-1.88168474771086,0.005184336909051,-2.285306783181563,0.0014276959925978,-2.8453642595017365,0.059192153671853,-1.2277358581902396,7.21598221981981,0.17263636363636364,249.28036555966543,0.020762348841572454,220,198.23808812166152,3.4439915140049093,0.1468342857142857,142.2678602280617,0.008428267232749538,105,132.25580839060575,4.919987877149871,0.149024,98.59508009530519,0.012219937890073038,150,95.44937114914819
22,HF,Cable1,Mouse22_Cable1_HF_2026-03-05_12-08-47_DIFF_Ch1_minus_Ch4.npy,2026-03-05,diet,10.0,,32.0,measured,D,1.1066798807991034,0.0440220146384749,0.0358389232790964,-1.4456450464700477,0.0100157306265746,-1.9993173643418505,0.0028654396416828,-2.542808735194419,0.2282074782286131,-0.6416701281026991,9.011943300682002,0.4538139194139194,427.2323738738509,0.06816242184697523,273,291.0378240643649,8.61581392482785,0.3222436781609196,250.37225707157043,0.04627319282477657,261,206.96231655046378,6.272048451024104,0.20752421052631578,160.266826862056,0.02169336505302632,190,126.5114106101739
22,HF,Cable1,Mouse22_Cable1_HF_2026-03-10_14-11-08_DIFF_Ch1_minus_Ch4.npy,2026-03-10,diet,15.0,,29.77,interpolated,D,1.2604109330723765,0.1005121616809606,0.0220942537803944,-1.6557206618785465,0.0083416053359238,-2.0787503616593472,0.0029028226719502,-2.5371794936019145,0.0741648677087168,-1.1298017736092667,6.1834500817374805,0.16844166666666668,268.7301111096296,0.017359177291966624,192,215.8280106166872,2.5442320648815673,0.16672405063291137,233.39103292869632,0.007069744593453186,79,145.9935071621536,3.1883414483958883,0.1468040404040404,188.40349946387337,0.007801023446869779,99,117.23826479587106
22,HF,Cable1,Mouse22_Cable1_HF_2026-03-27_10-00-03_DIFF_Ch1_minus_Ch4.npy,2026-03-27,diet,32.0,,29.38,interpolated,B,3.537034975879046,0.5486393543457572,0.0077373235326404,-2.111409242937826,0.0035176874470109,-2.453742751026557,0.0005276754649475,-3.277633098518769,0.0440996306205849,-1.3555650481764592,6.8752614536045735,0.16102910798122066,335.6436524254076,0.018451953650193583,213,283.63671999829336,3.711995620490732,0.13469913043478263,166.002583690237,0.008333376370963716,115,164.45816918841922,3.0664311647532134,0.13478736842105263,134.63789424840564,0.006888603119023149,95,127.69895395580016
22,HF,Cable1,Mouse22_Cable1_HF_2026-03-29_14-23-37_DIFF_Ch1_minus_Ch4.npy,2026-03-29,diet,34.0,,29.72,interpolated,D,4.310128682691327,0.6344902365988954,0.0070368608882205,-2.15262103446008,0.0029633169511754,-2.528221894660725,0.0004751291464147,-3.3231883273184866,0.0499071359020745,-1.3018373529472549,5.032927398149185,0.14688932038834954,357.42527035536864,0.012321388084633967,103,308.8913029327591,3.322709350234413,0.13355294117647057,156.09513733995306,0.007395960106639425,68,158.53297456595962,2.980665740651459,0.1281311475409836,118.56298569391669,0.006365268696429455,61,117.1690339599259
22,HF,Cable1,Mouse22_Cable1_HF_2026-03-31_12-58-34_DIFF_Ch1_minus_Ch4.npy,2026-03-31,recovery,,1.0,29.9,interpolated,D,3.679605652241915,0.5658012773060739,0.0069076799135739,-2.1606677948725697,0.0027404202547057,-2.5621828312291317,0.0005225214270913,-3.281895895692032,0.0446697900109657,-1.3499860891062496,5.382096500107935,0.15885245901639347,297.9348421931982,0.014249321061761175,122,256.6670806738628,3.3086658812138947,0.13687466666666667,136.26752340826374,0.00754787566004208,75,140.52109191673418,2.8233948853025232,0.1334625,99.2464093805464,0.006280288997994802,64,101.13053346508582
22,HF,Cable1,Mouse22_Cable1_HF_2026-04-02_13-59-00_DIFF_Ch1_minus_Ch4.npy,2026-04-02,recovery,,3.0,29.9,measured,D,4.397536748432232,0.6432094773676235,0.007456555445669,-2.127461748453939,0.0034587999898415,-2.461074550971936,0.0005067804910343,-3.295180112019115,0.0486962959698319,-1.3125040716609502,4.341245155602867,0.15896091954022987,377.32999026617415,0.011501472031403337,87,327.12508659536877,3.243459024300993,0.12748307692307692,171.7291783617013,0.006891435604863525,65,173.20238419594045,2.8442640674639477,0.13665964912280704,135.60226577516625,0.006478268824537183,57,135.5265280571819
23,HF,Cable1,Mouse23_Cable1_HF_2026-03-29_15-33-15_DIFF_Ch2_minus_Ch3.npy,2026-03-29,diet,34.0,,27.2,interpolated,C,0.4745834190615918,-0.3236874391819921,0.064449492102827,-1.190780500774639,0.0272010480666505,-1.5654143621130825,0.015001133685601,-1.8238759186245932,0.3271474944283027,-0.4852564015466642,8.326892446441,0.1720461538461539,128.75192575397966,0.023876830315012747,52,104.08101332662875,3.2026509409388466,0.14011999999999997,64.94498991955885,0.007479257497405853,20,65.50563826415146,2.08172311161025,0.12541538461538462,40.89958349773509,0.004351335078422246,13,48.7731097316493
23,HF,Cable1,Mouse23_Cable1_HF_2026-04-02_14-21-56_DIFF_Ch2_minus_Ch3.npy,2026-04-02,recovery,,3.0,26.9,measured,B,0.4517795393627397,-0.345073441727017,0.1010938040167144,-0.995275461261724,0.0330229280107279,-1.481184422214178,0.0173525115248358,-1.7606376584846886,0.585539416718612,-0.2324438642343272,13.977362884288734,0.1895390476190476,207.5021909216804,0.044154267488565185,105,161.0560717975219,6.256533862491148,0.16214468085106384,106.60465207988953,0.016907728106125012,47,92.62490640793175,2.129883868082093,0.12815,70.11253719713719,0.00454907696157867,16,59.22526100927428
25,HF,Cable1,Mouse25_Cable1_HF_2026-02-21_13-15-00_DIFF_Ch2_minus_Ch3.npy,2026-02-21,baseline,,,32.2,baseline,B,0.5461165024487641,-0.2627146998348088,0.0268267420594093,-1.5714320664832284,0.0107279332217733,-1.969483938503363,0.0052223249832149,-2.282136105698561,0.1082765106970129,-0.9654657481864408,8.2260692571754,0.2434153846153846,251.58621633610917,0.03337253020180235,208,132.04509775748065,7.03961696046741,0.20646741573033706,199.450044811131,0.02422419202598594,178,106.51942965463053,6.16955194288155,0.1742051282051282,143.04084241298506,0.017912793119631305,156,82.82513166402006
25,HF,Cable1,Mouse25_Cable1_HF_2026-03-23_12-06-54_DIFF_Ch2_minus_Ch3.npy,2026-03-23,diet,28.0,,33.1,measured,B,0.4609337366868915,-0.3363615038070284,0.042303859630647,-1.3736200075700091,0.0184744496447285,-1.7334284904063488,0.0088343286274676,-2.053826449492251,0.1355459180153619,-0.8679135567267791,4.2048506097143745,0.18983307086614176,120.79892154057953,0.013303661729590802,127,77.85111791495454,2.6818338534398767,0.17799506172839508,102.79354087989675,0.007955886371472175,81,71.09161796402412,2.6156157336018553,0.16440506329113927,78.74153919873203,0.00716700783713521,79,54.16892010692564
25,HF,Cable1,Mouse25_Cable1_HF_2026-03-29_15-09-30_DIFF_Ch2_minus_Ch3.npy,2026-03-29,diet,34.0,,32.1,interpolated,D,0.2446924779392953,-0.6113793810350847,0.0979945091694902,-1.0087982580238135,0.0436934872716638,-1.359583291925794,0.0234395346133101,-1.6300510153876429,0.2582264469036305,-0.5879992804424895,5.568338427700097,0.18594285714285716,101.46860721051493,0.01725654594641535,112,79.15894239676652,2.485865369508972,0.13289600000000001,71.99040330004246,0.005506026069104406,50,69.98388711558925,2.0881269103875364,0.12982857142857146,49.39769177121562,0.004518308895619508,42,53.8990000135049
25,HF,Cable1,Mouse25_Cable1_HF_2026-03-31_13-36-44_DIFF_Ch2_minus_Ch3.npy,2026-03-31,recovery,,1.0,31.47,interpolated,A,0.6824389395349676,-0.1659362005646201,0.0592215979549227,-1.2275198783779513,0.0117971302186021,-1.928223626745131,0.0039234050001829,-2.406336858766695,0.2605626104024863,-0.5840879035155024,10.528996857345128,0.3982514285714286,304.27626174498954,0.06988646733102966,210,92.96454965500146,8.673887887241461,0.2852115606936416,273.7887380258457,0.041231551693363525,173,77.37949747842107,6.5179504354993645,0.22899692307692307,227.32599916219797,0.024876509908287422,130,57.98914833030533
25,HF,Cable1,Mouse25_Cable1_HF_2026-04-02_14-33-12_DIFF_Ch2_minus_Ch3.npy,2026-04-02,recovery,,3.0,30.4,measured,B,0.9343143174981532,-0.0295069959422462,0.0645415152648861,-1.1901608427211794,0.0129702821655189,-1.8870505758361276,0.0041693862036326,-2.3799278750012607,0.258710986189999,-0.5871851285297394,7.820378123531618,0.2676,226.4438883507733,0.03487888643095101,158,80.1675778756803,4.207165446203718,0.22196705882352938,263.8933100257892,0.01556420233463035,85,70.17279476788923,3.3657323569629747,0.18428235294117645,193.8450674284745,0.010337417968523143,68,54.71202515495659
