subset,phase,cell,cell_type,boot_mean,boot_median,boot_ci_lo,boot_ci_hi,n_valid_iters,n_skipped_iters,n_recordings,n_mice,note
HFD,A,delta,band,-3.624140102249626,-1.616780943182951,-18.898068694389234,-0.1896484678453251,882,118,25,8,
HFD,A,theta,band,-2.506293624040249,-1.1278571350768694,-15.206935542100616,0.2551680342922824,881,119,25,8,
HFD,A,beta,band,-2.8138331918825568,-1.225907914464648,-15.256232690843396,0.0338280198159948,886,114,25,8,
HFD,A,low_gamma,band,-3.2004265824427987,-1.521720542413067,-16.18170690764636,0.00989695113926416,877,123,25,8,
HFD,A,high_gamma,band,-2.814081622939703,-1.3467534794712888,-17.33995485012029,0.12370886544533112,886,114,25,8,
HFD,A,fast_gamma,band,-2.8517875574964293,-1.5788959240817566,-14.89199167865138,-0.09073021324789277,901,99,25,8,
HFD,A,theta_delta,ratio,-3.0724680548176693,-1.7250212144602868,-19.22342258344759,0.10749982630982012,878,122,25,8,
HFD,A,beta_delta,ratio,-4.721695250117096,-2.6913717215002126,-26.136511306756237,-0.050535252483365656,873,127,25,8,
HFD,A,low_gamma_delta,ratio,-3.223154006008385,-1.6751898580260787,-16.567891490327547,0.3425787599758414,881,119,25,8,
HFD,A,high_gamma_delta,ratio,-3.419237636686846,-2.3063052983280015,-18.281408843139495,-0.0742322334462538,878,122,25,8,
HFD,A,fast_gamma_delta,ratio,-3.315769645330044,-2.2300634884937054,-12.57932960678354,-0.30314824009114116,891,109,25,8,
HFD,A,beta_theta,ratio,-2.7373344550515606,-1.6235402674734358,-12.13994918578536,0.12717455748150952,902,98,25,8,
HFD,A,low_gamma_theta,ratio,-3.3098262870121493,-1.6806807894334912,-15.354547349453709,0.18051251317820552,872,128,25,8,
HFD,A,high_gamma_theta,ratio,-3.6740282043492325,-1.5153366214157864,-16.203954400676214,-0.10930377215970677,881,119,25,8,
HFD,A,fast_gamma_theta,ratio,-3.607721720049537,-1.4849674155657677,-20.482736058053394,-0.10821306417982088,903,97,25,8,
HFD,A,low_gamma_beta,ratio,-2.5706355751184145,-1.64931103577019,-12.90882042281147,0.4768776700427164,907,93,25,8,
HFD,A,high_gamma_beta,ratio,-2.100517515826412,-0.7945752452921939,-11.496360462148878,0.3354480362453873,893,107,25,8,
HFD,A,fast_gamma_beta,ratio,-2.159032101019416,-1.1683590721341197,-10.880159985501347,0.4271477950381012,901,99,25,8,
HFD,A,high_gamma_low_gamma,ratio,-3.0483703547533865,-1.464817578075524,-15.016991066417825,0.06305516968896062,900,100,25,8,
HFD,A,fast_gamma_low_gamma,ratio,-3.0689899225105592,-0.9712944023986168,-14.465818912843448,0.11201603688746484,873,127,25,8,
HFD,A,fast_gamma_high_gamma,ratio,-3.968051171574859,-2.1875744674115927,-16.18683907305712,-0.059925054398750253,893,107,25,8,
HFD,B,delta,band,-3.7058771209127057,-1.1373292749850874,-22.094883762826242,-0.02869386395458238,938,62,28,10,
HFD,B,theta,band,-4.324004535267723,-1.555379843683437,-24.104723797278638,-0.02837661069799413,946,54,28,10,
HFD,B,beta,band,-2.990152289438887,-0.8825625997327758,-16.88133626205476,0.09616829365232171,942,58,28,10,
HFD,B,low_gamma,band,-3.099353309008966,-0.8516315031675088,-17.903443390682103,0.2546039098796763,956,44,28,10,
HFD,B,high_gamma,band,-3.3623947902302556,-0.9302398308600116,-18.1702343047333,0.10298728308510698,928,72,28,10,
HFD,B,fast_gamma,band,-2.7310040530430246,-0.6568005459692751,-19.21502171470882,0.3134756935831066,944,56,28,10,
HFD,B,theta_delta,ratio,-3.047014782763563,-0.8864773608645726,-17.468381184094923,0.3604816169758545,945,55,28,10,
HFD,B,beta_delta,ratio,-2.840211684548109,-0.8252283580255089,-23.266873343604203,0.3527143840486082,962,38,28,10,
HFD,B,low_gamma_delta,ratio,-3.974625416526695,-1.3500739288697021,-26.397831001535195,-0.07946237532567987,947,53,28,10,
HFD,B,high_gamma_delta,ratio,-3.1977874933515595,-0.6986385013871035,-19.561770306020456,0.39480000719900016,946,54,28,10,
HFD,B,fast_gamma_delta,ratio,-2.8357651811883873,-0.930065895945878,-17.527774876253247,0.17858753062265925,950,50,28,10,
HFD,B,beta_theta,ratio,-3.882638705639807,-1.5039390434665232,-24.416980783577685,0.04945491598504854,943,57,28,10,
HFD,B,low_gamma_theta,ratio,-5.265020371420597,-1.9173359107514076,-33.992612931815984,-0.3189605899660621,950,50,28,10,
HFD,B,high_gamma_theta,ratio,-5.04302655313959,-1.6964391921305932,-31.959306331409206,-0.1836890617104492,948,52,28,10,
HFD,B,fast_gamma_theta,ratio,-4.374677231941784,-1.4771057575685902,-22.764334139333425,-0.21957854574897837,936,64,28,10,
HFD,B,low_gamma_beta,ratio,-1.3206193855639508,-0.1698899700951665,-10.449406188717655,0.5693633067222363,942,58,28,10,
HFD,B,high_gamma_beta,ratio,-2.4057049914239115,-0.6561554196529951,-14.586840146040334,0.23018837455764543,926,74,28,10,
HFD,B,fast_gamma_beta,ratio,-2.749590941218769,-0.7772661733459246,-16.586365313526855,0.09688124331737623,948,52,28,10,
HFD,B,high_gamma_low_gamma,ratio,-3.2740491558763813,-1.1054699061490212,-22.056291102224876,0.19234591099752296,936,64,28,10,
HFD,B,fast_gamma_low_gamma,ratio,-3.0581370527345295,-0.9178579697451941,-17.595270155526364,0.29613077325652365,943,57,28,10,
HFD,B,fast_gamma_high_gamma,ratio,-3.6562395751116754,-0.731201231494593,-29.275056470217343,0.5728809906382237,943,57,28,10,
HFD,C,delta,band,-2.9160949078353338,-2.755832456853079,-8.183761746987807,0.18723469112406746,167,833,9,6,
HFD,C,theta,band,-3.905243345723286,-1.8313611235589136,-17.322551607636445,0.10347879938686129,185,815,9,6,
HFD,C,beta,band,-3.3739159076315834,-1.3780374941777236,-15.563972775423261,0.19586583443793035,170,830,9,6,
HFD,C,low_gamma,band,-4.052845542159101,-2.930786760296603,-20.92488148040167,-0.0026295272315598663,180,820,9,6,
HFD,C,high_gamma,band,-4.208737121131907,-1.669234279666882,-21.31743743502536,0.0887167222232153,159,841,9,6,
HFD,C,fast_gamma,band,-4.030238991533121,-1.7862243508224482,-20.99340747277807,0.09562405621683277,188,812,9,6,
HFD,C,theta_delta,ratio,-5.324763994717534,-2.872708969428555,-25.58830488075542,0.035070627883320896,183,817,9,6,
HFD,C,beta_delta,ratio,-4.0498179619225985,-1.6550472808635064,-19.65924721576926,-0.04363482108515865,199,801,9,6,
HFD,C,low_gamma_delta,ratio,-4.990198060973837,-0.6760679745572009,-22.208027378312952,-0.007639947822307254,175,825,9,6,
HFD,C,high_gamma_delta,ratio,-5.791324414429362,-0.5242978589169889,-27.108703825214395,0.11156539145053092,175,825,9,6,
HFD,C,fast_gamma_delta,ratio,-5.147046374091192,-1.9839498168179992,-23.600521384958835,-0.015606969176444547,194,806,9,6,
HFD,C,beta_theta,ratio,-4.374518251244735,-0.7262795462369847,-35.616975193152605,-0.010643414010347362,165,835,9,6,
HFD,C,low_gamma_theta,ratio,-6.29885302688808,-2.726296221575395,-30.826934286829257,0.1425984972262345,165,835,9,6,
HFD,C,high_gamma_theta,ratio,-4.904919977262001,-2.1565114860725565,-23.977768428450887,0.19110742107166365,189,811,9,6,
HFD,C,fast_gamma_theta,ratio,-5.39362653761228,-3.374285967448252,-23.37036529892121,0.1011030556367613,168,832,9,6,
HFD,C,low_gamma_beta,ratio,-4.1490673731583225,-1.1177565591932517,-25.465773023107538,0.11934233077430978,163,837,9,6,
HFD,C,high_gamma_beta,ratio,-3.8713129459331554,-2.227870745260829,-27.439380394078306,0.10558133200227976,162,838,9,6,
HFD,C,fast_gamma_beta,ratio,-4.6907513122478015,-2.3164148184425097,-20.677377383618452,-0.057904477994003466,159,841,9,6,
HFD,C,high_gamma_low_gamma,ratio,-7.58075970257224,-5.693676984872759,-24.131425081264283,-0.06243892701353826,154,846,9,6,
HFD,C,fast_gamma_low_gamma,ratio,-7.491558219832699,-4.278596224029985,-23.781019235609108,-0.06367342642043597,178,822,9,6,
HFD,C,fast_gamma_high_gamma,ratio,-5.6506366609842456,-2.792787521296285,-22.592047427703335,0.0757193202705931,168,832,9,6,
HFD,D,delta,band,-2.350905238527587,-0.976098734144295,-12.422954009376552,0.2564064480542401,981,19,43,9,
HFD,D,theta,band,-2.9247526747848993,-1.3357782739814021,-13.727584714047067,0.008706399319791237,982,18,43,9,
HFD,D,beta,band,-2.2110409366686756,-1.1011627912211637,-13.179988247812313,0.0631343379662965,982,18,43,9,
HFD,D,low_gamma,band,-3.370908591341655,-1.7299377615069491,-16.648668974023245,-0.14245106992112178,979,21,43,9,
HFD,D,high_gamma,band,-2.9326962285244145,-1.3214818518735867,-14.618191049254174,-0.04248615375545165,977,23,43,9,
HFD,D,fast_gamma,band,-3.2678901035531287,-1.4868500477264677,-14.33761798201715,-0.11326889580148279,985,15,43,9,
HFD,D,theta_delta,ratio,-2.608877316652998,-0.9883875636774196,-13.03731755411922,0.31187514573871666,976,24,43,9,
HFD,D,beta_delta,ratio,-3.16927414425683,-1.3697063103955374,-15.059609888355961,0.07854416276932116,992,8,43,9,
HFD,D,low_gamma_delta,ratio,-3.5454438111712743,-1.8323333772583197,-17.799513374371987,-0.34161384511101905,986,14,43,9,
HFD,D,high_gamma_delta,ratio,-2.7895285903704656,-1.204441592288594,-15.632701235113721,0.12403788385144471,984,16,43,9,
HFD,D,fast_gamma_delta,ratio,-3.1916715883319586,-1.4767392150371177,-15.342319410841089,0.04168903167819815,991,9,43,9,
HFD,D,beta_theta,ratio,-3.292255914967184,-1.7450848334302491,-14.684018135272337,0.03727638674289496,981,19,43,9,
HFD,D,low_gamma_theta,ratio,-2.4639438074769315,-1.3636593031812012,-13.429437195491978,0.07621885870376036,989,11,43,9,
HFD,D,high_gamma_theta,ratio,-3.466351999781428,-1.671812753681254,-15.818475643422722,-0.16784472247333002,983,17,43,9,
HFD,D,fast_gamma_theta,ratio,-3.3429257591049453,-1.6456817954860452,-15.07616237162602,-0.04037330027491884,990,10,43,9,
HFD,D,low_gamma_beta,ratio,-3.0433073704922453,-1.6729794167371326,-13.390322593664806,0.020651933512271018,987,13,43,9,
HFD,D,high_gamma_beta,ratio,-3.381277319697704,-1.6516622838033943,-17.290381889264484,-0.19113009383286025,982,18,43,9,
HFD,D,fast_gamma_beta,ratio,-2.613767756427058,-1.508756592581444,-11.78262351681201,0.2936876406284062,987,13,43,9,
HFD,D,high_gamma_low_gamma,ratio,-3.6278342767833083,-1.6815435965215844,-18.956208999163195,-0.1320105830862092,984,16,43,9,
HFD,D,fast_gamma_low_gamma,ratio,-2.340066296753324,-0.9986516696710166,-11.876277751166093,0.2804556620326275,989,11,43,9,
HFD,D,fast_gamma_high_gamma,ratio,-1.8401501355431822,-0.8054210542742313,-10.600614782549737,0.302017257377924,987,13,43,9,
CTRL,A,delta,band,-2.2986523011769253,-1.0373591814739203,-9.254317592724885,0.264413516796237,893,107,24,9,
CTRL,A,theta,band,-2.940240740867829,-1.7551182209333365,-9.652157341402084,-0.19441472138270338,887,113,24,9,
CTRL,A,beta,band,-2.455720245427267,-1.3722744272655691,-9.77667785735454,0.08722679415867107,883,117,24,9,
CTRL,A,low_gamma,band,-2.7652133829140366,-1.3254939167973578,-10.119748194428352,0.019827157321611583,871,129,24,9,
CTRL,A,high_gamma,band,-3.101010118804714,-1.7010379171014627,-9.410481466360162,-0.03259739300796494,876,124,24,9,
CTRL,A,fast_gamma,band,-2.6309189275391605,-1.6863722519763886,-9.431380549280354,-0.11159038760950815,902,98,24,9,
CTRL,A,theta_delta,ratio,-3.0061865502053857,-1.4055677282971852,-11.706423276118322,0.30644901232905064,887,113,24,9,
CTRL,A,beta_delta,ratio,-3.018676464183597,-1.17757989529728,-32.06955941726407,0.4040560042543618,883,117,24,9,
CTRL,A,low_gamma_delta,ratio,-1.8021298908803667,-0.7003988900649772,-9.582073883802924,0.4811053048907701,890,110,24,9,
CTRL,A,high_gamma_delta,ratio,-1.7509499296192585,-0.7732242657512278,-6.814234609974705,0.2637748410710215,879,121,24,9,
CTRL,A,fast_gamma_delta,ratio,-2.197450370304291,-1.156939402277702,-9.067390892208254,0.09531613474084467,880,120,24,9,
CTRL,A,beta_theta,ratio,-2.653031410994469,-1.3916472427879927,-8.367250759337121,0.10278169651019842,889,111,24,9,
CTRL,A,low_gamma_theta,ratio,-3.3154971323775095,-1.9001244893063622,-11.385920586099173,0.2556471577886735,896,104,24,9,
CTRL,A,high_gamma_theta,ratio,-3.155725541043106,-1.7441645524142868,-10.563155527627185,-0.033324270924523725,861,139,24,9,
CTRL,A,fast_gamma_theta,ratio,-2.16124150959149,-1.142090061273652,-6.689454578305667,0.12808936419682354,902,98,24,9,
CTRL,A,low_gamma_beta,ratio,-2.351255957237369,-1.046071364364722,-9.039046932416703,0.2821752222974009,885,115,24,9,
CTRL,A,high_gamma_beta,ratio,-1.5649729460095787,-0.5431420836021555,-7.4457018021380295,0.6152462643551855,902,98,24,9,
CTRL,A,fast_gamma_beta,ratio,-3.4661284952248255,-1.7302989458082776,-11.62426678173574,-0.32505145878752545,894,106,24,9,
CTRL,A,high_gamma_low_gamma,ratio,-2.8418805735242523,-1.4010714240511786,-13.005863735583148,0.16348295787088116,869,131,24,9,
CTRL,A,fast_gamma_low_gamma,ratio,-2.7401650304347167,-1.6028484643735281,-7.934112276124707,-0.04426036054054732,880,120,24,9,
CTRL,A,fast_gamma_high_gamma,ratio,-2.122437494416243,-0.8631484221669578,-7.028972888553459,0.18695100539118747,900,100,24,9,
CTRL,B,delta,band,-2.885223219435906,-1.7138087500698,-14.714531940612627,-0.052496486996971826,924,76,29,9,
CTRL,B,theta,band,-3.3385659693250664,-2.258641183008214,-12.599474757943996,-0.04078075923882746,934,66,29,9,
CTRL,B,beta,band,-2.9920294517893837,-1.3913029146637927,-16.733507179836284,0.092443275300615,933,67,29,9,
CTRL,B,low_gamma,band,-3.017252782407493,-1.6716914957773743,-20.689379242952445,-0.03569199880705387,937,63,29,9,
CTRL,B,high_gamma,band,-2.7438227210372053,-1.622035390813826,-12.680454896687012,0.1266073226794406,935,65,29,9,
CTRL,B,fast_gamma,band,-2.829369960318501,-1.6595672505426358,-14.351121420017373,0.19811869649673808,918,82,29,9,
CTRL,B,theta_delta,ratio,-2.4699885725807906,-1.2893925996098008,-13.985625361151769,-0.041693346258050074,946,54,29,9,
CTRL,B,beta_delta,ratio,-3.678822807808023,-1.5192458408636886,-20.95444834702209,0.04107472549220106,935,65,29,9,
CTRL,B,low_gamma_delta,ratio,-2.180090869428701,-1.1548434249758746,-12.597655020772768,0.15659244503820655,930,70,29,9,
CTRL,B,high_gamma_delta,ratio,-3.324485463925931,-1.7017394060703848,-19.840273849900427,0.051977621379308225,941,59,29,9,
CTRL,B,fast_gamma_delta,ratio,-3.817082009201696,-1.6688871430100773,-21.174978611581302,-0.13199314013991445,930,70,29,9,
CTRL,B,beta_theta,ratio,-4.710325728200989,-2.340507462843243,-25.90852116057305,-0.2638360366986186,933,67,29,9,
CTRL,B,low_gamma_theta,ratio,-2.8424519222555658,-1.5927166066411895,-17.606448598943498,0.07457819824253757,939,61,29,9,
CTRL,B,high_gamma_theta,ratio,-3.490234635544507,-1.5624357825490338,-20.735590604537194,-0.005123576900741747,940,60,29,9,
CTRL,B,fast_gamma_theta,ratio,-3.747076853709202,-2.395779163628242,-17.24626673636295,-0.13815874020719635,929,71,29,9,
CTRL,B,low_gamma_beta,ratio,-2.842868217709287,-1.4158166200989988,-15.633417365694392,-0.08146746866392104,936,64,29,9,
CTRL,B,high_gamma_beta,ratio,-2.9918481308963285,-1.7731663181094812,-13.180772472963497,-0.20178064261223008,925,75,29,9,
CTRL,B,fast_gamma_beta,ratio,-2.191059349381724,-1.3745911032899176,-7.321489776987512,-0.09410408944348525,940,60,29,9,
CTRL,B,high_gamma_low_gamma,ratio,-3.6711555171784442,-2.064657520254568,-20.095289299719983,-0.029078201914144813,916,84,29,9,
CTRL,B,fast_gamma_low_gamma,ratio,-2.487400544450843,-1.501379996230809,-9.244761611608707,-0.04949630846183739,921,79,29,9,
CTRL,B,fast_gamma_high_gamma,ratio,-2.8933759099789955,-1.797479014395203,-13.991275909749085,0.13250552205546473,920,80,29,9,
CTRL,C,delta,band,-4.7545775465926905,-1.4240680436372892,-24.55060214927404,0.07307102921353269,718,282,17,8,
CTRL,C,theta,band,-4.849034212325599,-1.2819738784436145,-26.17668635426044,-0.14387487151986245,757,243,17,8,
CTRL,C,beta,band,-7.501206308087698,-2.5254612764276314,-39.08862995682162,0.11156315511286503,738,262,17,8,
CTRL,C,low_gamma,band,-8.065199599895843,-2.7521377488920082,-32.56520181455968,-0.15423057623660852,723,277,17,8,
CTRL,C,high_gamma,band,-7.834215295490381,-2.4317175516830956,-39.89709347123782,-0.10275933494554969,765,235,17,8,
CTRL,C,fast_gamma,band,-4.42583453275003,-1.8753922488398194,-26.12248463104277,-0.0017569941384629009,748,252,17,8,
CTRL,C,theta_delta,ratio,-6.811987874407382,-1.302038910741738,-28.27031235935787,0.2714974223877801,732,268,17,8,
CTRL,C,beta_delta,ratio,-7.631514398967449,-2.5365796236465252,-40.36975210362468,-0.11496411746583975,734,266,17,8,
CTRL,C,low_gamma_delta,ratio,-8.028972113997316,-2.7040150940940126,-37.21000798028347,-0.24474792705226175,747,253,17,8,
CTRL,C,high_gamma_delta,ratio,-6.375758474366711,-2.1189242683365976,-34.0050394067669,-0.050056249335185744,730,270,17,8,
CTRL,C,fast_gamma_delta,ratio,-5.777290508534705,-1.985369709349194,-27.016262181500462,-0.14632668024295892,741,259,17,8,
CTRL,C,beta_theta,ratio,-6.892169127082614,-1.979581902554636,-38.37172475188784,-0.2290624295708478,756,244,17,8,
CTRL,C,low_gamma_theta,ratio,-5.054985418396893,-1.2207737000159422,-30.636318005977408,0.2810907425835485,742,258,17,8,
CTRL,C,high_gamma_theta,ratio,-4.425663709409414,-2.3343512528296384,-34.256869690312946,-0.03729251832885827,731,269,17,8,
CTRL,C,fast_gamma_theta,ratio,-6.504635473931359,-2.077297311876304,-34.58928562967446,-0.12152445508217594,720,280,17,8,
CTRL,C,low_gamma_beta,ratio,-6.7754221223761695,-1.8290807204572301,-33.19732174841952,-0.2515766405159392,749,251,17,8,
CTRL,C,high_gamma_beta,ratio,-4.636638208764063,-1.6280447096322455,-23.93116753952844,-0.013040078670705734,758,242,17,8,
CTRL,C,fast_gamma_beta,ratio,-5.919337114190813,-2.0854455914346826,-31.6963447034396,-0.06829271061866475,753,247,17,8,
CTRL,C,high_gamma_low_gamma,ratio,-7.626680030798313,-2.46823137420935,-31.009658842278135,-0.3891581979961838,737,263,17,8,
CTRL,C,fast_gamma_low_gamma,ratio,-7.593546796289965,-1.8314923769233529,-34.12759617351159,-0.20673739386475046,749,251,17,8,
CTRL,C,fast_gamma_high_gamma,ratio,-9.132690850097156,-2.231776431213465,-138.6098193536155,0.11364928079140725,750,250,17,8,
CTRL,D,delta,band,-1.5176782952581205,-0.9755216195387567,-5.343433612776946,-0.004967699995055572,962,38,33,9,
CTRL,D,theta,band,-1.0534718067599957,-0.7657849110274338,-3.793109939071283,0.11278961119960973,966,34,33,9,
CTRL,D,beta,band,-1.4706204815925024,-1.0408895100925957,-5.004947457157058,-0.08964513144931954,968,32,33,9,
CTRL,D,low_gamma,band,-1.2145866679534287,-0.8409729818220761,-4.285897196257687,-0.023667144814361423,959,41,33,9,
CTRL,D,high_gamma,band,-1.5957175589166255,-1.111506661216918,-5.831723688828647,0.08469019592907334,971,29,33,9,
CTRL,D,fast_gamma,band,-0.9758376208777675,-0.7420363873429432,-3.700534122447959,0.1460074581952676,967,33,33,9,
CTRL,D,theta_delta,ratio,-0.8025943996744705,-0.5462945102861821,-2.824133420851468,0.4314263913269664,970,30,33,9,
CTRL,D,beta_delta,ratio,-0.9506865620344809,-0.7344506889171116,-3.684322277975365,0.09863381009082542,966,34,33,9,
CTRL,D,low_gamma_delta,ratio,-1.528963569262978,-1.1685601482955756,-5.231896006155582,-0.1662301768237191,965,35,33,9,
CTRL,D,high_gamma_delta,ratio,-1.7366318210391736,-1.2539613597480905,-5.542926138227373,-0.1369245327256637,978,22,33,9,
CTRL,D,fast_gamma_delta,ratio,-1.9673784480278054,-1.3520480955369052,-7.715003228890016,-0.0047619734139123515,966,34,33,9,
CTRL,D,beta_theta,ratio,-1.8297981055332997,-1.3291561917751822,-6.725826713971574,0.07335798699906768,978,22,33,9,
CTRL,D,low_gamma_theta,ratio,-0.8846488409611712,-0.6635170082717581,-2.970039174331614,0.08254323891036071,972,28,33,9,
CTRL,D,high_gamma_theta,ratio,-1.095591199433298,-0.8894415013946508,-4.104083546009348,0.07656570474569609,973,27,33,9,
CTRL,D,fast_gamma_theta,ratio,-1.1468234501365049,-0.9216227754645119,-4.473815612010935,0.13985210720738256,972,28,33,9,
CTRL,D,low_gamma_beta,ratio,-0.6731862442551587,-0.34047741658372543,-3.854426431574497,0.38709714780380594,969,31,33,9,
CTRL,D,high_gamma_beta,ratio,-1.8103883444875792,-1.465690975300614,-5.477611332747274,-0.03910755371785171,968,32,33,9,
CTRL,D,fast_gamma_beta,ratio,-1.3581308731894954,-1.176444481098497,-3.3514596642968764,-0.1678528879128632,966,34,33,9,
CTRL,D,high_gamma_low_gamma,ratio,-1.9430970128169,-1.4755627940357978,-6.254098208271595,0.03125612019270602,968,32,33,9,
CTRL,D,fast_gamma_low_gamma,ratio,-1.4090829396395153,-1.1845627430234842,-3.9294218565915013,-0.08331818724820211,971,29,33,9,
CTRL,D,fast_gamma_high_gamma,ratio,-0.9291920419477029,-0.6259525505616335,-4.488938029559879,0.34727580870679225,971,29,33,9,
