mouse,group,cable,differential_file,recording_date,diet_phase,days_on_diet,days_in_recovery,body_weight,body_weight_source,estrous_phase,delta_abs,delta_rel,theta_abs,theta_rel,beta_abs,beta_rel,low_gamma_abs,low_gamma_rel,high_gamma_abs,high_gamma_rel,fast_gamma_abs,fast_gamma_rel,total_power,log_delta_abs,log_theta_abs,log_beta_abs,log_low_gamma_abs,log_high_gamma_abs,log_fast_gamma_abs,log_theta_delta,log_beta_delta,log_low_gamma_delta,log_high_gamma_delta,log_fast_gamma_delta,log_beta_theta,log_low_gamma_theta,log_high_gamma_theta,log_fast_gamma_theta,log_low_gamma_beta,log_high_gamma_beta,log_fast_gamma_beta,log_high_gamma_low_gamma,log_fast_gamma_low_gamma,log_fast_gamma_high_gamma
2,CTRL,Cable1,Mouse2_Cable1_CTRL_2026-03-04_11-03-06_DIFF_Ch3_minus_Ch4.npy,2026-03-04,diet,9.0,,32.13,interpolated,B,23902293.602231614,0.4996972021646095,5960328.278841683,0.2688690930679273,415606.5065157302,0.0506981038436967,105232.91125862408,0.0257864491367894,26187.76323106245,0.0085766088353821,10747.348026351883,0.0035796877721223,919786.4706051208,7.378439576722188,6.775270180170307,5.618682338023154,5.022151585280714,4.41809840572224,4.031301312660092,-0.6031693965518816,-1.7597572386990343,-2.356287991441475,-2.960341170999948,-3.3471382640620964,-1.1565878421471527,-1.7531185948895933,-2.3571717744480667,-2.743968867510215,-0.5965307527424406,-1.200583932300914,-1.5873810253630622,-0.6040531795584735,-0.9908502726206215,-0.3867970930621481
2,CTRL,Cable1,Mouse2_Cable1_CTRL_2026-03-09_11-20-55_DIFF_Ch3_minus_Ch4.npy,2026-03-09,diet,14.0,,31.5,measured,B,3341770.581231602,0.2590311188606963,2536171.902607889,0.4458624707860082,140796.47624714766,0.0645114945202155,46919.44857674459,0.0434799614630261,14580.155854343471,0.0179492790759319,6100.369413190704,0.0076341849258558,236439.6862512708,6.523976631456488,6.404178686837399,5.148591785732447,4.671352899405037,4.163762166390706,3.785356134888235,-0.11979794461908894,-1.3753848457240407,-1.8526237320514503,-2.3602144650657815,-2.7386204965682532,-1.2555869011049519,-1.7328257874323614,-2.2404165204466926,-2.6188225519491644,-0.47723888632740946,-0.9848296193417408,-1.3632356508442123,-0.5075907330143313,-0.8859967645168028,-0.3784060315024715
2,CTRL,Cable1,Mouse2_Cable1_CTRL_2026-03-14_11-15-50_DIFF_Ch3_minus_Ch4.npy,2026-03-14,diet,19.0,,30.65,interpolated,B,5299671.456595112,0.1423165648896022,7250694.485040153,0.4478243068283036,624731.9246646324,0.1005168078036577,228705.817776419,0.0740009304417708,103720.84214087996,0.0447831971550684,28141.232976014548,0.0123161743914571,664841.5360751676,6.724248947145987,6.860379606098691,5.795693699561241,5.359277212250209,5.015866034279847,4.449343121632794,0.13613065895270468,-0.9285552475847456,-1.3649717348957775,-1.7083829128661394,-2.2749058255131924,-1.0646859065374503,-1.5011023938484822,-1.844513571818844,-2.411036484465897,-0.43641648731103194,-0.7798276652813938,-1.3463505779284468,-0.34341117797036186,-0.9099340906174149,-0.5665229126470531
2,CTRL,Cable1,Mouse2_Cable1_CTRL_2026-03-19_16-25-11_DIFF_Ch3_minus_Ch4.npy,2026-03-19,diet,24.0,,30.6,measured,B,3351756.383600703,0.2483343394450696,2195980.2922271774,0.3669871470310127,222210.5208330689,0.0984556008853326,89646.24830075579,0.0796569215319304,25730.8954923452,0.0303521448734683,9137.88366467399,0.0109486353532383,246653.80441269433,6.525272445190097,6.341628438230061,5.346764617303226,4.95253211903626,4.410454900886468,3.960845624707676,-0.1836440069600366,-1.1785078278868717,-1.5727403261538375,-2.1148175443036292,-2.564426820482421,-0.9948638209268352,-1.3890963191938008,-1.9311735373435928,-2.3807828135223845,-0.39423249826696566,-0.9363097164167575,-1.3859189925955495,-0.5420772181497919,-0.9916864943285838,-0.44960927617879193
2,CTRL,Cable1,Mouse2_Cable1_CTRL_2026-03-27_10-36-46_DIFF_Ch3_minus_Ch4.npy,2026-03-27,diet,32.0,,30.65,interpolated,A,17447362.42574928,0.5093059371828048,3233226.53511677,0.2276178257650532,369171.90699937905,0.0691433615492394,130219.45531121768,0.0488341134455911,53861.32737241613,0.0269365805702248,17495.063324918436,0.0088760660863247,647516.5531236306,7.241729782554707,6.509636134399525,5.5672286449558355,5.114675874424891,4.731277052072379,4.242915518788795,-0.7320936481551815,-1.6745011375988708,-2.1270539081298154,-2.5104527304823274,-2.998814263765911,-0.9424074894436892,-1.3949602599746342,-1.7783590823271458,-2.26672061561073,-0.4525527705309449,-0.8359515928834566,-1.3243131261670407,-0.38339882235251166,-0.8717603556360957,-0.488361533283584
2,CTRL,Cable1,Mouse2_Cable1_CTRL_2026-04-01_10-31-21_DIFF_Ch3_minus_Ch4.npy,2026-04-01,recovery,,2.0,31.13,interpolated,A,12038894.038297208,0.3567730547610032,4573059.002749368,0.3086723524393983,464153.0455056043,0.0820701168670716,179783.9924875079,0.0640106783047478,71674.19225753042,0.0340418022599753,28832.444667705488,0.0139090781161363,629768.7512896681,7.080586591977769,6.6602068047927006,5.666661204389546,5.254751020635095,4.855362807302875,4.459881467247137,-0.4203797871850693,-1.413925387588224,-1.8258355713426744,-2.2252237846748946,-2.620705124730632,-0.9935456004031548,-1.405455784157605,-1.8048439974898254,-2.2003253375455625,-0.41191018375445027,-0.8112983970866705,-1.2067797371424078,-0.39938821333222024,-0.7948695533879575,-0.3954813400557373
2,CTRL,Cable1,Mouse2_Cable1_CTRL_2026-03-30_10-02-35_DIFF_Ch3_minus_Ch4.npy,2026-03-30,diet,35.0,,29.6,measured,D,1515711.7340823023,0.2650882323561624,789275.1303149747,0.316159415525805,105770.91046403116,0.1125256367840484,43953.22796901509,0.0933237929584549,16420.963805282394,0.0463869060422593,7487.538688512107,0.0214847855467751,103747.38599943116,6.18061661277263,5.897228418607805,5.024366242727139,4.642990775602093,4.215398643832855,3.874339079425937,-0.2833881941648251,-1.15625037004549,-1.5376258371705367,-1.9652179689397746,-2.3062775333466923,-0.872862175880665,-1.2542376430057116,-1.6818297747749495,-2.022889339181867,-0.3813754671250466,-0.8089675988942845,-1.1500271633012022,-0.4275921317692379,-0.7686516961761558,-0.34105956440691787
5,CTRL,Cable1,Mouse5_Cable1_CTRL_2026-03-06_11-12-15_DIFF_Ch2_minus_Ch3.npy,2026-03-06,diet,11.0,,30.95,interpolated,D,2148982.567244909,0.161444564969762,2200891.3572146175,0.3836229551498916,320090.7605865192,0.1465218471601464,75659.36101254643,0.0692478115372999,21886.740830820647,0.0267385644064881,8569.23138241177,0.0106503375063791,235587.2736867683,6.332232892466758,6.342598604967378,5.505273138423413,4.878862669101888,4.340181095301511,3.9329418696073053,0.01036571250062013,-0.8269597540433454,-1.4533702233648695,-1.9920517971652472,-2.399291022859453,-0.8373254665439656,-1.4637359358654898,-2.002417509665867,-2.4096567353600733,-0.6264104693215241,-1.1650920431219016,-1.5723312688161075,-0.5386815738003775,-0.9459207994945834,-0.4072392256942059
5,CTRL,Cable1,Mouse5_Cable1_CTRL_2026-03-11_11-11-07_DIFF_Ch2_minus_Ch3.npy,2026-03-11,diet,16.0,,29.77,interpolated,C,667322.9470084962,0.2555488746176252,439150.34464540024,0.4119412320629853,30150.514108681633,0.0734003450130824,10600.580783800498,0.0520203224176334,4957.855314616533,0.0324291335192545,2646.1504353910955,0.0175872195834288,45894.240739588466,5.824336059045016,5.642613227922799,4.479294721871193,4.02532966000911,3.6952938485753046,3.4226145304800086,-0.18172283112221754,-1.3450413371738228,-1.7990063990359064,-2.1290422104697115,-2.4017215285650075,-1.1633185060516051,-1.6172835679136888,-1.9473193793474937,-2.2199986974427897,-0.45396506186208363,-0.7840008732958886,-1.0566801913911845,-0.330035811433805,-0.602715129529101,-0.27267931809529594
5,CTRL,Cable1,Mouse5_Cable1_CTRL_2026-03-17_10-31-53_DIFF_Ch2_minus_Ch3.npy,2026-03-17,diet,22.0,,29.33,interpolated,C,670519.9272209455,0.245648650320539,498504.1846978077,0.4443380551493314,29700.68831404032,0.0685485072788923,9802.730631606832,0.0456119304004611,4185.02738171711,0.0259423377878365,2100.3888114283145,0.0132316472031931,48043.512470986665,5.826411689202526,5.697668808351864,4.472766514217065,3.991347068861142,3.621698303832204,3.322299696175729,-0.12874288085066307,-1.3536451749854614,-1.8350646203413845,-2.2047133853703222,-2.5041119930267977,-1.2249022941347982,-1.7063217394907215,-2.0759705045196593,-2.3753691121761347,-0.4814194453559233,-0.851068210384861,-1.1504668180413364,-0.36964876502893773,-0.669047372685413,-0.29939860765647536
5,CTRL,Cable1,Mouse5_Cable1_CTRL_2026-03-24_12-38-34_DIFF_Ch2_minus_Ch3.npy,2026-03-24,diet,29.0,,29.17,interpolated,D,240409.7916717794,0.6676891274756288,18376.089349409613,0.1330002637456368,2144.186362075761,0.04145497784686,980.4954674290348,0.0381295062844096,562.7903348343885,0.0291716121098167,429.2265153608233,0.022617743781915,6992.3088257384525,5.3809521521094945,4.2642530938468095,3.331262529390022,2.9914455903800303,2.7503466304042594,2.6326865425557986,-1.1166990582626846,-2.049689622719472,-2.3895065617294637,-2.6306055217052347,-2.7482656095536955,-0.9329905644567872,-1.2728075034667792,-1.5139064634425503,-1.631566551291011,-0.339816939009992,-0.5809158989857631,-0.6985759868342237,-0.24109895997577108,-0.3587590478242317,-0.11766008784846062
5,CTRL,Cable1,Mouse5_Cable1_CTRL_2026-04-01_10-55-04_DIFF_Ch2_minus_Ch3.npy,2026-04-01,recovery,,2.0,29.7,interpolated,B,236202.28977745227,0.6336239753863071,21284.848966071993,0.1462339293966111,2576.10109773655,0.047323126139761,1109.6290503509736,0.0410678454534836,624.175382265936,0.0307988707216328,469.7726082065153,0.0235599211892852,7169.910869124645,5.3732841034082846,4.328070572839008,3.4109629026813955,3.045177818146315,2.7953066359139123,2.671887690067011,-1.0452135305692767,-1.9623212007268889,-2.3281062852619696,-2.577977467494372,-2.701396413341273,-0.9171076701576122,-1.2828927546926927,-1.5327639369250954,-1.6561828827719967,-0.36578508453508063,-0.6156562667674832,-0.7390752126143845,-0.24987118223240262,-0.37329012807930384,-0.12341894584690125
5,CTRL,Cable1,Mouse5_Cable1_CTRL_2026-03-30_10-27-44_DIFF_Ch2_minus_Ch3.npy,2026-03-30,diet,35.0,,28.9,measured,D,222330.34873450347,0.6398336591278769,19149.723804514117,0.1423933362942266,2279.33440520348,0.0453556436146285,1052.670599303649,0.042130533617471,598.2849820027649,0.0319206358765382,447.89797756927055,0.0242956263512935,6684.398581732552,5.346998749196125,4.282162514542738,3.3578080459704456,3.0222924934219138,2.776908101429398,2.651179101443373,-1.0648362346533873,-1.9891907032256795,-2.3247062557742115,-2.570090647766727,-2.695819647752752,-0.924354468572292,-1.259870021120824,-1.5052544131133396,-1.6309834130993646,-0.33551555254853205,-0.5808999445410475,-0.7066289445270725,-0.24538439199251547,-0.3711133919785404,-0.12572899998602496
7,CTRL,Cable1,Mouse7_Cable1_CTRL_2026-03-04_11-40-58_DIFF_Ch3_minus_Ch4.npy,2026-03-04,diet,9.0,,31.0,interpolated,C,2744149.958435773,0.2271771268833892,1730957.4586673295,0.32127773482744,164019.2479782996,0.0816609103958682,110660.33099201824,0.1111955918410506,39119.671518790805,0.0520125175954478,19564.066362036036,0.0264284692724502,219064.06934145815,6.438407840395384,6.2382863944536355,5.214894816341933,5.043991964882219,4.592395199434186,4.291459127294674,-0.20012144594174833,-1.2235130240534509,-1.394415875513165,-1.8460126409611979,-2.14694871310071,-1.0233915781117024,-1.1942944295714166,-1.6458911950194497,-1.9468272671589617,-0.1709028514597141,-0.6224996169077471,-0.9234356890472593,-0.45159676544803296,-0.7525328375875452,-0.3009360721395122
7,CTRL,Cable1,Mouse7_Cable1_CTRL_2026-03-09_11-59-34_DIFF_Ch3_minus_Ch4.npy,2026-03-09,diet,14.0,,30.2,measured,D,10294732.426675376,0.3210267462414831,4828320.745553347,0.3308764009839657,477201.8983142217,0.0875762095143562,122332.49514149327,0.0451051314506044,47852.144496067864,0.0235700031844591,21322.956512993947,0.0106797206921214,593201.5129643317,7.012615063229083,6.683796112584596,5.678702162629804,5.0875418338648135,4.679901405476276,4.328847421192206,-0.32881895064448663,-1.3339129005992787,-1.9250732293642687,-2.3327136577528065,-2.683767642036876,-1.005093949954792,-1.5962542787197822,-2.0038947071083197,-2.3549486913923894,-0.59116032876499,-0.9988007571535279,-1.3498547414375976,-0.4076404283885378,-0.7586944126726075,-0.35105398428406964
7,CTRL,Cable1,Mouse7_Cable1_CTRL_2026-03-14_11-51-43_DIFF_Ch3_minus_Ch4.npy,2026-03-14,diet,19.0,,31.05,interpolated,D,2399840.3133458807,0.1844122816324598,2211288.1747073205,0.3915863560994717,184562.0028399705,0.0861103443314038,88637.29940514604,0.0830114940183373,41583.13889827459,0.0517896628197739,20342.12436458205,0.0257636785016338,232477.4581873877,6.380182344486609,6.344645343451586,5.266142294439065,4.947616515532934,4.618917268899921,4.30839630510784,-0.03553700103502246,-1.1140400500475436,-1.4325658289536751,-1.7612650755866877,-2.0717860393787677,-1.0785030490125211,-1.3970288279186527,-1.7257280745516652,-2.0362490383437453,-0.31852577890613143,-0.647225025539144,-0.9577459893312241,-0.3286992466330126,-0.6392202104250927,-0.31052096379208016
7,CTRL,Cable1,Mouse7_Cable1_CTRL_2026-03-19_17-01-34_DIFF_Ch3_minus_Ch4.npy,2026-03-19,diet,24.0,,30.3,measured,C,1906878.209432288,0.1957833696651904,1289053.7088771907,0.3024562969299113,251004.3080734515,0.1586169273229087,76304.37756714861,0.0953754658945948,33629.71799938124,0.0560946701849392,15779.882927550972,0.0267429108079446,174145.39510605787,6.280322955940299,6.110271012763065,5.399681175490884,4.882549454058699,4.526723225571367,4.198103776813376,-0.17005194317723407,-0.8806417804494147,-1.3977735018816002,-1.753599730368932,-2.0822191791269233,-0.7105898372721805,-1.227721558704366,-1.5835477871916976,-1.9121672359496893,-0.5171317214321854,-0.8729579499195171,-1.2015773986775087,-0.35582622848733175,-0.6844456772453231,-0.32861944875799143
7,CTRL,Cable1,Mouse7_Cable1_CTRL_2026-03-27_11-12-28_DIFF_Ch3_minus_Ch4.npy,2026-03-27,diet,32.0,,28.72,interpolated,D,3261525.555307084,0.2197680810071521,1924963.834908257,0.2902014936004916,287610.86979194847,0.116557308180621,124274.85328223556,0.1006958651936758,58917.24785777377,0.0637330506522739,27241.05796229321,0.0299231428549938,268741.05459647696,6.51342078573613,6.284422574651106,5.458805295485032,5.094383259087214,4.770242451882442,4.435223970284203,-0.22899821108502402,-1.0546154902510985,-1.4190375266489164,-1.7431783338536877,-2.0781968154519275,-0.8256172791660744,-1.1900393155638922,-1.5141801227686638,-1.8491986043669035,-0.36442203639781784,-0.6885628436025892,-1.0235813252008292,-0.32414080720477145,-0.6591592888030113,-0.3350184815982398
7,CTRL,Cable1,Mouse7_Cable1_CTRL_2026-04-01_11-18-33_DIFF_Ch3_minus_Ch4.npy,2026-04-01,recovery,,2.0,29.0,interpolated,A,1666680.6821807935,0.2242215328927888,935945.8487920888,0.2861396448161416,142174.2884138289,0.1164292262028538,65831.34526408969,0.1076826943011349,34868.44262828226,0.0761162777259223,16306.856564964142,0.0361439430332728,133811.0700203223,6.2218524017172685,5.971250722401458,5.152821063273979,4.818432729994119,4.542432550385797,4.212370251165181,-0.25060167931581007,-1.069031338443289,-1.403419671723149,-1.6794198513314713,-2.0094821505520875,-0.818429659127479,-1.152817992407339,-1.4288181720156612,-1.7588804712362773,-0.33438833327985984,-0.6103885128881822,-0.9404508121087983,-0.27600017960832235,-0.6060624788289385,-0.3300622992206161
7,CTRL,Cable1,Mouse7_Cable1_CTRL_2026-03-30_10-51-09_DIFF_Ch3_minus_Ch4.npy,2026-03-30,diet,35.0,,28.2,measured,D,1955698.353587556,0.1972602626873721,1350402.713191597,0.3102755226969004,207024.61051475472,0.1264182117367262,75514.00692240031,0.0924744730859028,35191.59189895629,0.0574435876966622,15967.208421513991,0.0264847532622247,177670.95816975075,6.291301870147465,6.130463301854858,5.316021976256131,4.878027515402686,4.546438912680474,4.20322899421573,-0.16083856829260665,-0.9752798938913342,-1.4132743547447788,-1.744862957466991,-2.088072875931735,-0.8144413255987276,-1.2524357864521722,-1.5840243891743844,-1.9272343076391283,-0.4379944608534447,-0.7695830635756568,-1.1127929820404008,-0.3315886027222121,-0.674798521186956,-0.3432099184647439
8,CTRL,Cable1,Mouse8_Cable1_CTRL_2026-03-06_11-51-01_DIFF_Ch3_minus_Ch4.npy,2026-03-06,diet,11.0,,30.65,interpolated,C,1908907.7069607056,0.1859641048141563,1781524.9616542547,0.4000515545092601,168101.16377659,0.0999032631227844,57923.6987839799,0.0689698540384198,22070.407560360814,0.0349688124292005,11142.9907521898,0.0179536719729777,183184.4648757839,6.280784931365573,6.250791911802249,5.225570720102182,4.762856286445015,4.343810353079256,4.047001770088226,-0.02999301956332388,-1.0552142112633913,-1.5179286449205587,-1.936974578286317,-2.233783161277347,-1.0252211917000673,-1.4879356253572347,-1.9069815587229932,-2.2037901417140233,-0.46271443365716736,-0.8817603670229258,-1.1785689500139558,-0.41904593336575846,-0.7158545163567884,-0.29680858299102997
8,CTRL,Cable1,Mouse8_Cable1_CTRL_2026-03-11_11-51-53_DIFF_Ch3_minus_Ch4.npy,2026-03-11,diet,16.0,,29.77,interpolated,C,3251259.4657177418,0.2298073937553162,2467013.8557757484,0.3969848583048402,207883.7210838529,0.0879009039690301,93605.48067280572,0.0800474687262789,19266.926470859577,0.0217939639376677,8475.152909021692,0.0097419468491106,256748.30281775637,6.512051629610849,6.392171588675002,5.317820482019017,4.971301277758118,4.28481243996903,3.9281475425028822,-0.11988004093584681,-1.1942311475918317,-1.5407503518527303,-2.227239189641819,-2.583904087107967,-1.074351106655985,-1.4208703109168836,-2.107359148705972,-2.46402404617212,-0.34651920426089866,-1.0330080420499872,-1.3896729395161351,-0.6864888377890885,-1.0431537352552365,-0.3566648974661479
8,CTRL,Cable1,Mouse8_Cable1_CTRL_2026-03-17_11-09-26_DIFF_Ch3_minus_Ch4.npy,2026-03-17,diet,22.0,,29.2,interpolated,D,1484198.3743965984,0.1027996551322056,3279574.9531250955,0.5303731742854795,200397.33178522455,0.0844727332462916,56031.941038043886,0.047403651342933,22822.95247444848,0.0257537675731881,8113.400857106031,0.0092996217427377,252666.2265508176,6.17149195158185,6.515817560945219,5.301891934766726,4.748435667399039,4.35837182590249,3.909202933604932,0.3443256093633694,-0.8696000168151248,-1.423056284182811,-1.8131201256793599,-2.262289017976918,-1.2139256261784943,-1.7673818935461805,-2.1574457350427294,-2.6066146273402877,-0.5534562673676863,-0.943520108864235,-1.3926890011617932,-0.39006384149654877,-0.839232733794107,-0.44916889229755824
8,CTRL,Cable1,Mouse8_Cable1_CTRL_2026-03-24_13-14-52_DIFF_Ch3_minus_Ch4.npy,2026-03-24,diet,29.0,,29.57,interpolated,B,3314675.8298941893,0.0596983495558361,14042519.38116394,0.5773544235588434,712276.3088023312,0.0765148041778197,139033.10816882105,0.0299238557513377,61801.291958024194,0.0178122265923069,8255.561385822492,0.0024100804121923,980769.6140821724,6.520441061497287,7.1474450319519,5.852648499409111,5.1431182317855955,4.790997554124025,3.91674661103009,0.6270039704546129,-0.6677925620881767,-1.3773228297116917,-1.7294435073732626,-2.6036944504671973,-1.2947965325427895,-2.0043268001663046,-2.3564474778278757,-3.23069842092181,-0.7095302676235152,-1.061650945285086,-1.9359018883790209,-0.3521206776615708,-1.2263716207555055,-0.8742509430939348
8,CTRL,Cable1,Mouse8_Cable1_CTRL_2026-04-01_11-42-11_DIFF_Ch3_minus_Ch4.npy,2026-04-01,recovery,,2.0,29.73,interpolated,A,2759256.194257073,0.0566617952756485,12947088.87478601,0.614216770846981,577842.5444660925,0.0709693056111675,113287.68848792404,0.0278531160513287,53208.080072136116,0.0175310158352119,8387.980691395878,0.002799431734852,857781.3406997646,6.440792026172051,7.112172129209404,5.761809514224432,5.054182715580253,4.7259775883906086,3.9236574220758675,0.671380103037353,-0.6789825119476188,-1.386609310591798,-1.7148144377814423,-2.5171346040961837,-1.350362614984972,-2.057989413629151,-2.3861945408187952,-3.1885147071335367,-0.7076267986441792,-1.0358319258338233,-1.8381520921485648,-0.3282051271896441,-1.1305252935043855,-0.8023201663147413
8,CTRL,Cable1,Mouse8_Cable1_CTRL_2026-03-30_11-14-35_DIFF_Ch3_minus_Ch4.npy,2026-03-30,diet,35.0,,28.6,measured,D,2707673.5610432993,0.0530110279056344,13078767.31769439,0.586280641739362,625158.4629004315,0.0736719148373219,121157.00699986905,0.0285539480680175,44497.69270191384,0.0140079482116087,7405.79677838173,0.0023631125575373,896798.4843878323,6.432596304332453,7.116566813380383,5.795990114688779,5.083348536206738,4.648337492490919,3.8695717904519675,0.6839705090479307,-0.6366061896436731,-1.349247768125715,-1.784258811841534,-2.563024513880485,-1.3205766986916037,-2.0332182771736456,-2.4682293208894643,-3.2469950229284157,-0.7126415784820418,-1.147652622197861,-1.9264183242368118,-0.43501104371581906,-1.2137767457547701,-0.7787657020389511
13,CTRL,Cable1,Mouse13_Cable1_CTRL_2026-02-19_11-46-09_DIFF_Ch2_minus_Ch3.npy,2026-02-19,baseline,,,30.5,baseline,D,2972098.0773834516,0.180168091867148,2906443.9007394495,0.4069016851448993,293164.8288117616,0.1058981053269335,94680.43579726576,0.068705106503065,44411.9998259139,0.0430271070911564,30549.168991478295,0.0301353800643252,297404.72150655766,6.473063136772128,6.4633619447586295,5.46711186648344,4.976260248242176,4.64750032944039,4.484999400918212,-0.009701192013497973,-1.0059512702886877,-1.4968028885299518,-1.825562807331738,-1.988063735853916,-0.9962500782751896,-1.4871016965164539,-1.81586161531824,-1.978362543840418,-0.4908516182412642,-0.8196115370430505,-0.9821124655652285,-0.3287599188017861,-0.49126084732396413,-0.16250092852217804
13,CTRL,Cable1,Mouse13_Cable1_CTRL_2026-03-04_12-19-35_DIFF_Ch2_minus_Ch3.npy,2026-03-04,diet,9.0,,28.37,interpolated,B,2614376.711080431,0.2968001383590902,846050.7914358297,0.21435588043446,162155.48342364942,0.1106076673697327,77980.83839008922,0.106558105541842,45050.69321833751,0.0821325620936331,30048.07811821257,0.0556996122409474,161886.45414138053,6.417368166165699,5.9273964360628675,5.209931639289396,4.8919879000778215,4.6537014780805075,4.4778166996549915,-0.4899717301028306,-1.2074365268763025,-1.5253802660878772,-1.763666688085191,-1.9395514665107068,-0.7174647967734719,-1.0354085359850465,-1.2736949579823602,-1.4495797364078762,-0.3179437392115747,-0.5562301612088884,-0.7321149396344042,-0.23828642199731367,-0.41417120042282957,-0.17588477842551592
13,CTRL,Cable1,Mouse13_Cable1_CTRL_2026-03-09_12-34-46_DIFF_Ch2_minus_Ch3.npy,2026-03-09,diet,14.0,,27.4,measured,A,11058463.941772148,0.3721779896112535,3270956.68054411,0.2435850298918185,460087.9262119715,0.092145220598544,225202.8744011188,0.0916297321438375,51799.06564809773,0.0278135137448239,31049.938488990527,0.0169545577286466,553316.3497682079,7.043694806178315,6.514674792512254,5.662840836506879,5.352573929379034,4.714321926009035,4.492060744160958,-0.5290200136660603,-1.380853969671436,-1.6911208767992814,-2.32937288016928,-2.5516340620173565,-0.8518339560053756,-1.162100863133221,-1.8003528665032194,-2.022614048351296,-0.3102669071278455,-0.9485189104978438,-1.1707800923459208,-0.6382520033699983,-0.8605131852180752,-0.22226118184807694
13,CTRL,Cable1,Mouse13_Cable1_CTRL_2026-03-14_12-26-46_DIFF_Ch2_minus_Ch3.npy,2026-03-14,diet,19.0,,28.2,interpolated,D,3900290.2566153295,0.3187745497724559,1582573.4376477224,0.2860194966757455,210100.95031293365,0.1026791364646992,62248.175702845525,0.0611726647789078,27114.770330467487,0.035506488564791,14343.20002862658,0.0190840785302453,224903.45753372397,6.591096928092071,6.199363872133414,5.322428016778774,4.794126628156576,4.433205930193821,4.156646055078841,-0.3917330559586564,-1.268668911313297,-1.796970299935495,-2.1578909978982503,-2.4344508730132297,-0.8769358553546407,-1.4052372439768386,-1.7661579419395939,-2.0427178170545734,-0.528301388622198,-0.8892220865849532,-1.1657819616999328,-0.36092069796275517,-0.6374805730777348,-0.27655987511497965
13,CTRL,Cable1,Mouse13_Cable1_CTRL_2026-03-17_11-45-07_DIFF_Ch2_minus_Ch3.npy,2026-03-17,diet,22.0,,28.07,interpolated,A,2446058.9194939593,0.3268162590895041,788085.2553203397,0.2345171630854867,134257.19153339384,0.107551080682545,59121.152913390906,0.0950664468980253,24322.238992882656,0.0520759423222855,14307.3285606297,0.0311665950789133,138427.25327680426,6.3884669139034225,5.896573202149919,5.1279375581303945,4.771742894585715,4.386003551583267,4.1555585506231605,-0.49189371175350405,-1.2605293557730284,-1.6167240193177077,-2.0024633623201566,-2.2329083632802624,-0.7686356440195243,-1.1248303075642037,-1.5105696505666524,-1.7410146515267582,-0.3561946635446794,-0.7419340065471282,-0.9723790075072339,-0.3857393430024488,-0.6161843439625545,-0.23044500096010576
13,CTRL,Cable1,Mouse13_Cable1_CTRL_2026-03-27_11-54-52_DIFF_Ch2_minus_Ch3.npy,2026-03-27,diet,32.0,,26.9,interpolated,C,5804632.446645053,0.1722341743896797,3843821.945979007,0.2532932004547747,1053260.0939110783,0.1847609178505223,377668.4358847896,0.1327773198588373,69900.37677365215,0.0326808694049199,23185.422187334127,0.0110796943382401,609147.5980775198,6.763774725117215,6.5847632620168595,6.022535629877097,5.577110689635884,4.844479516665238,4.365215008446625,-0.17901146310035485,-0.7412390952401178,-1.1866640354813307,-1.9192952084519759,-2.39855971667059,-0.5622276321397629,-1.007652572380976,-1.7402837453516211,-2.219548253570235,-0.44542494024121293,-1.1780561132118583,-1.6573206214304723,-0.7326311729706453,-1.2118956811892594,-0.4792645082186141
13,CTRL,Cable1,Mouse13_Cable1_CTRL_2026-04-01_12-05-44_DIFF_Ch2_minus_Ch3.npy,2026-04-01,recovery,,2.0,28.17,interpolated,B,14863395.336787537,0.1992850675154645,9907836.964244723,0.2907725447578291,2366996.950069519,0.1847298736361419,430179.1875039985,0.0672204487160237,79150.40194385206,0.0165968525115514,35420.437723205614,0.0075581056341952,1364793.5663784277,7.172118029316547,6.995978851556166,6.374197698330929,5.6336493949616795,4.898453124650728,4.549253923866991,-0.17613917776037993,-0.797920330985618,-1.5384686343548666,-2.2736649046658184,-2.622864105449555,-0.6217811532252381,-1.3623294565944866,-2.0975257269054386,-2.4467249276891754,-0.7405483033692486,-1.4757445736802004,-1.8249437744639372,-0.7351962703109519,-1.0843954710946886,-0.3491992007837366
13,CTRL,Cable1,Mouse13_Cable1_CTRL_2026-03-30_11-38-49_DIFF_Ch2_minus_Ch3.npy,2026-03-30,diet,35.0,,26.9,measured,D,2958804.2029105453,0.1819702260466606,2193868.492101632,0.301380501317492,584598.0346793132,0.2113369942521509,113845.07575289004,0.0820719685881163,25951.568080247584,0.02521318219377,15451.174521273342,0.0153088867097703,293927.4264172731,6.471116226935225,6.3412105909386325,5.766857350998557,5.056314250413633,4.414163604497536,4.188961497917502,-0.12990563599659197,-0.704258875936667,-1.4148019765215907,-2.0569526224376884,-2.282154729017722,-0.5743532399400751,-1.284896340524999,-1.9270469864410964,-2.15224909302113,-0.7105431005849238,-1.3526937465010214,-1.5778958530810552,-0.6421506459160976,-0.8673527524961314,-0.22520210658003384
18,CTRL,Cable1,Mouse18_Cable1_CTRL_2026-02-21_11-53-58_DIFF_Ch3_minus_Ch4.npy,2026-02-21,baseline,,,35.3,baseline,B,1172213.7798073404,0.2208695674566627,669935.8420917446,0.2940616573469497,105410.97554922952,0.1225498786482687,44387.91699748369,0.1032789510130112,20255.83141418113,0.0627989446942682,9638.3775003089,0.0303920717089129,94155.77960134254,6.069006822368168,5.826033213507267,5.022885832625141,4.647264765261358,4.306550073793642,3.984003932038902,-0.24297360886090136,-1.0461209897430277,-1.4217420571068102,-1.762456748574526,-2.0850028903292666,-0.8031473808821263,-1.1787684482459089,-1.5194831397136246,-1.842029281468365,-0.3756210673637824,-0.7163357588314982,-1.0388819005862386,-0.3407146914677158,-0.6632608332224562,-0.32254614175474033
18,CTRL,Cable1,Mouse18_Cable1_CTRL_2026-03-06_12-29-54_DIFF_Ch3_minus_Ch4.npy,2026-03-06,diet,11.0,,32.83,interpolated,D,19339452.180963203,0.3117375572832613,9509129.736222152,0.3331316365874627,1129220.3678657329,0.1064572085671457,285325.271299705,0.0538022812862624,72568.35491214678,0.0183192424713952,27790.543994808348,0.007132572792756,1146618.09098493,7.2864441678775735,6.978140772662884,6.052778702960465,5.45534023888442,4.86074727795718,4.443897048095512,-0.30830339521469,-1.2336654649171086,-1.8311039289931534,-2.4256968899203937,-2.8425471197820613,-0.9253620697024186,-1.5228005337784634,-2.117393494705704,-2.534243724567371,-0.5974384640760447,-1.192031425003285,-1.6088816548649527,-0.5945929609272405,-1.0114431907889079,-0.4168502298616675
18,CTRL,Cable1,Mouse18_Cable1_CTRL_2026-03-11_12-32-08_DIFF_Ch3_minus_Ch4.npy,2026-03-11,diet,16.0,,31.3,interpolated,D,8627724.994640224,0.3317916862125277,2758761.363865963,0.2363807488218485,640730.6617659314,0.1497891144789166,183712.5745160191,0.0851019330188746,47192.0446016461,0.0291579733542277,22509.96506742825,0.0141538573772735,480477.97949299886,6.935896293684371,6.4407141351154715,5.806675507380536,5.264138883339125,4.673868793617093,4.352374821031843,-0.4951821585688987,-1.1292207863038346,-1.6717574103452453,-2.2620275000672776,-2.5835214726525275,-0.6340386277349359,-1.1765752517763466,-1.766845341498379,-2.088339314083629,-0.5425366240414107,-1.132806713763443,-1.454300686348693,-0.5902700897220323,-0.9117640623072822,-0.32149397258525003
18,CTRL,Cable1,Mouse18_Cable1_CTRL_2026-03-19_17-37-41_DIFF_Ch3_minus_Ch4.npy,2026-03-19,diet,24.0,,29.8,measured,C,793130.8926945261,0.1956774631883474,416052.77327024785,0.2395702653334957,143650.27473994094,0.2204404140817895,35002.7852190804,0.107305845092674,11259.801588294027,0.0458966766530869,4535.658174260886,0.0188037153564529,71461.78671478224,5.899344866112015,5.619148421219137,5.157306460943533,4.544102603126026,4.05153073777392,3.6566403169108326,-0.2801964448928778,-0.7420384051684814,-1.3552422629859886,-1.8478141283380949,-2.242704549201182,-0.46184196027560365,-1.0750458180931108,-1.5676176834452171,-1.9625081043083041,-0.6132038578175073,-1.1057757231696135,-1.5006661440327005,-0.49257186535210606,-0.8874622862151933,-0.3948904208630872
18,CTRL,Cable1,Mouse18_Cable1_CTRL_2026-03-24_13-50-15_DIFF_Ch3_minus_Ch4.npy,2026-03-24,diet,29.0,,30.37,interpolated,D,785666.9272701798,0.1776276696410547,451449.5749646745,0.2366013614210332,168241.1022199465,0.2377994320775961,38807.739733113835,0.1081094879699743,12392.985979292049,0.0461284264330886,5427.661990976817,0.0205453594909483,77830.29406241143,5.895238471858945,5.654609248475489,5.22593210493785,4.588918349000724,4.093175958360854,3.7346127940311096,-0.24062922338345635,-0.6693063669210956,-1.3063201228582209,-1.8020625134980908,-2.160625677827835,-0.4286771435376392,-1.0656908994747645,-1.5614332901146344,-1.919996454444379,-0.6370137559371253,-1.1327561465769953,-1.49131931090674,-0.4957423906398699,-0.8543055549696146,-0.3585631643297446
18,CTRL,Cable1,Mouse18_Cable1_CTRL_2026-04-01_12-28-44_DIFF_Ch3_minus_Ch4.npy,2026-04-01,recovery,,2.0,30.43,interpolated,C,7555359.806108212,0.1556724221278461,7129162.446688717,0.3283475352711449,1552580.4419291026,0.1922753469114393,407392.0391561406,0.1000048765008829,71562.81082138108,0.0234883939022326,14456.08429525382,0.0048270560670151,864587.215749109,6.878255151413164,6.853038510756857,6.1910541109941075,5.610012538202832,4.854687390311231,4.160050671986249,-0.02521664065630722,-0.6872010404190563,-1.2682426132103322,-2.0235677611019325,-2.7182044794269147,-0.661984399762749,-1.2430259725540251,-1.9983511204456255,-2.6929878387706077,-0.581041572791276,-1.3363667206828764,-2.0310034390078586,-0.7553251478916004,-1.4499618662165825,-0.694636718324982
18,CTRL,Cable1,Mouse18_Cable1_CTRL_2026-03-30_12-01-38_DIFF_Ch3_minus_Ch4.npy,2026-03-30,diet,35.0,,30.1,measured,A,995776.9527740836,0.1496295214199461,793465.6857400675,0.2745773093390755,273381.48648756667,0.2511633142043277,43836.75877713381,0.0795949852912305,13014.959048487175,0.0316526827088091,5554.541191744212,0.013731676117967,118066.29400524143,5.998162070323785,5.899528149974331,5.436769100617571,4.64183843559393,4.11444280594168,3.7446481917876118,-0.09863392034945433,-0.5613929697062139,-1.3563236347298555,-1.883719264382105,-2.2535138785361735,-0.46275904935675954,-1.2576897143804013,-1.7850853440326508,-2.154879958186719,-0.7949306650236417,-1.3223262946758914,-1.6921209088299596,-0.5273956296522495,-0.8971902438063176,-0.36979461415406817
19,CTRL,Cable1,Mouse19_Cable1_CTRL_2026-02-21_13-53-25_DIFF_Ch3_minus_Ch4.npy,2026-02-21,baseline,,,29.1,baseline,A,4222670.113344272,0.3281905400502992,1798253.957266152,0.3140706891731331,206854.7506014625,0.0962657297657998,58209.02824773987,0.0542264516348134,24224.586167728972,0.0301531661986522,14322.61724673341,0.018137084596089,236961.82506225948,6.625587154465321,6.254851024689194,5.3156654993011925,4.764990349153168,4.384256366667824,4.156022386125066,-0.37073612977612724,-1.309921655164128,-1.8605968053121535,-2.241330787797497,-2.469564768340255,-0.9391855253880008,-1.4898606755360264,-1.87059465802137,-2.098828638564128,-0.5506751501480255,-0.931409132633369,-1.159643113176127,-0.38073398248534346,-0.6089679630281013,-0.22823398054275787
19,CTRL,Cable1,Mouse19_Cable1_CTRL_2026-03-04_12-59-01_DIFF_Ch3_minus_Ch4.npy,2026-03-04,diet,9.0,,29.37,interpolated,B,7404251.970568769,0.2589600749554833,5483750.806901251,0.4453191283110507,441529.283523371,0.09199494759367,82144.945389751,0.0345664572791475,25691.184724013303,0.0143963526491439,13050.83931601573,0.0074150330163311,521474.0010943062,6.869481189600806,6.739077711316851,5.644959512558807,4.914580845228463,4.409784131796051,4.115638442600958,-0.13040347828395418,-1.224521677041998,-1.9549003443723423,-2.459697057804755,-2.753842746999847,-1.0941181987580437,-1.824496866088388,-2.329293579520801,-2.623439268715893,-0.7303786673303443,-1.235175380762757,-1.529321069957849,-0.5047967134324127,-0.7989424026275047,-0.294145689195092
19,CTRL,Cable1,Mouse19_Cable1_CTRL_2026-03-09_13-11-23_DIFF_Ch3_minus_Ch4.npy,2026-03-09,diet,14.0,,29.7,measured,B,2433625.75660361,0.2348796741969814,1558846.5272890776,0.3404177027248702,216907.66485613893,0.1253313149414972,61188.220780227384,0.0710709794345927,20086.97299421203,0.0310067243914145,10153.17580700517,0.0159222529240895,187853.2870356926,6.3862537931469685,6.192803359812047,5.336274898929408,4.786667825045586,4.302914495685127,4.0066019062620635,-0.19345043333492049,-1.0499788942175599,-1.599585968101382,-2.0833392974618414,-2.3796518868849046,-0.8565284608826395,-1.4061355347664615,-1.889888864126921,-2.1862014535499843,-0.5496070738838221,-1.0333604032442816,-1.3296729926673447,-0.4837533293604595,-0.7800659187835227,-0.29631258942306327
19,CTRL,Cable1,Mouse19_Cable1_CTRL_2026-03-14_13-02-22_DIFF_Ch3_minus_Ch4.npy,2026-03-14,diet,19.0,,29.15,interpolated,D,4072611.578368035,0.4510085888428588,698219.9575292458,0.192661475733631,140967.38012837782,0.1044907979938436,38944.91338384519,0.0577071116882,16219.406612558863,0.0319347337031751,9181.238171387326,0.0183497714889861,165414.8314389553,6.609872991619153,5.843992258286453,5.14911862847666,4.590450742275939,4.2100349614900985,3.9629012536130768,-0.7658807333327008,-1.4607543631424944,-2.0194222493432146,-2.399838030129055,-2.646971738006077,-0.6948736298097935,-1.2535415160105137,-1.6339572967963543,-1.881091004673376,-0.5586678862007202,-0.9390836669865608,-1.1862173748635825,-0.3804157807858407,-0.6275494886628624,-0.24713370787702166
19,CTRL,Cable1,Mouse19_Cable1_CTRL_2026-03-19_19-00-58_DIFF_Ch3_minus_Ch4.npy,2026-03-19,diet,24.0,,28.5,measured,D,1753569.3508261673,0.264067530893987,764941.9095974641,0.26149101849961,173558.00525875698,0.1585235912703137,48404.40441081425,0.0881330490158731,20471.522305424412,0.0497281190926046,10406.52542866517,0.0256372211144405,120898.00330102442,6.24392294620015,5.883628455677565,5.239444650041566,4.6848848807412065,4.311150138913777,4.017305749775385,-0.36029449052258544,-1.004478296158584,-1.559038065458944,-1.9327728072863735,-2.2266171964247654,-0.6441838056359986,-1.1987435749363584,-1.572478316763788,-1.8663227059021799,-0.5545597693003599,-0.9282945111277893,-1.222138900266181,-0.3737347418274294,-0.6675791309658213,-0.2938443891383919
19,CTRL,Cable1,Mouse19_Cable1_CTRL_2026-03-27_12-30-35_DIFF_Ch3_minus_Ch4.npy,2026-03-27,diet,32.0,,29.03,interpolated,D,3901035.471726486,0.2546999565133523,1751260.8589774002,0.2533284807457185,482239.40527861746,0.1885345000330391,122871.39304579933,0.0948373348506439,36187.8983097534,0.0373558240209095,14970.810278756157,0.0156992686494803,281829.1594240021,6.591179899326156,6.243350841215654,5.683262695041526,5.089450782084969,4.55856336125185,4.17524530669371,-0.347829058110502,-0.9079172042846302,-1.5017291172411873,-2.0326165380743064,-2.4159345926324467,-0.5600881461741282,-1.1539000591306852,-1.6847874799638045,-2.0681055345219446,-0.5938119129565571,-1.1246993337896762,-1.5080173883478165,-0.5308874208331191,-0.9142054753912594,-0.38331805455814016
19,CTRL,Cable1,Mouse19_Cable1_CTRL_2026-04-01_12-52-41_DIFF_Ch3_minus_Ch4.npy,2026-04-01,recovery,,2.0,29.27,interpolated,D,1685918.624291643,0.2915785290409381,697776.0538652973,0.2748465335746385,119476.81442112503,0.1245003535683163,39890.72492151594,0.0832874184522636,17285.985266629326,0.0481030816110848,9901.435398638498,0.0280344646648973,105906.61783402276,6.226836608323122,5.843716061339364,5.0772836346069266,4.600871928677689,4.237694138501826,3.9956981582864515,-0.383120546983757,-1.149552973716195,-1.6259646796454326,-1.9891424698212952,-2.23113845003667,-0.7664324267324378,-1.2428441326616755,-1.6060219228375383,-1.8480179030529131,-0.47641170592923765,-0.8395894961051004,-1.0815854763204753,-0.3631777901758627,-0.6051737703912375,-0.2419959802153749
19,CTRL,Cable1,Mouse19_Cable1_CTRL_2026-03-30_12-31-14_DIFF_Ch3_minus_Ch4.npy,2026-03-30,diet,35.0,,28.8,measured,B,1153214.8090791344,0.2450294631277536,604433.5473350312,0.2986400360358657,105554.22237736984,0.1376845468212439,34877.26556764332,0.0904571381760131,15907.677552368228,0.0551548453977312,7308.731610370704,0.0257375140200163,84672.85546610942,6.0619102107713685,5.781348560594457,5.023475610628183,4.542542428226262,4.201606779281101,3.863842014110663,-0.28056165017691165,-1.0384346001431852,-1.519367782545107,-1.8603034314902673,-2.1980681966607056,-0.7578729499662736,-1.2388061323681954,-1.5797417813133559,-1.9175065464837941,-0.4809331824019219,-0.8218688313470822,-1.1596335965175206,-0.34093564894516026,-0.6787004141155987,-0.3377647651704384
24,CTRL,Cable1,Mouse24_Cable1_CTRL_2026-03-06_13-06-06_DIFF_Ch2_minus_Ch3.npy,2026-03-06,diet,11.0,,27.02,interpolated,B,1084993.5620740806,0.277354134124415,528805.1509367303,0.3153257540687803,60964.38886223078,0.0964377830012155,24056.022165329803,0.0763466636191308,10951.414713252623,0.0462965299969979,6027.677875029421,0.0258888322465687,70070.63384782895,6.035427161259205,5.7232956768340575,4.785076224572323,4.381223815253585,4.039470225338044,3.7801500351430493,-0.3121314844251478,-1.2503509366868828,-1.654203346005621,-1.9959569359211617,-2.2552771261161566,-0.9382194522617351,-1.3420718615804732,-1.683825451496014,-1.9431456416910087,-0.4038524093187381,-0.745605999234279,-1.0049261894292738,-0.34175358991554083,-0.6010737801105356,-0.2593201901949948
24,CTRL,Cable1,Mouse24_Cable1_CTRL_2026-03-11_13-10-18_DIFF_Ch2_minus_Ch3.npy,2026-03-11,diet,16.0,,26.93,interpolated,C,3226347.5271480256,0.3255167420320978,1528804.564053016,0.3448644206577588,125003.7831371507,0.0745535935495878,34670.087516938205,0.041752890255759,12932.96255191054,0.0208139942347422,6851.413602469259,0.0112175178995389,182918.6532209856,6.508711145754033,6.184351970580238,5.09692315677387,4.539954937937774,4.111698020052313,3.835780185567585,-0.32435917517379426,-1.411787988980163,-1.9687562078162582,-2.3970131257017186,-2.6729309601864473,-1.0874288138063688,-1.644397032642464,-2.0726539505279247,-2.3485717850126533,-0.556968218836095,-0.9852251367215558,-1.2611429712062843,-0.4282569178854607,-0.7041747523701892,-0.27591783448472845
24,CTRL,Cable1,Mouse24_Cable1_CTRL_2026-03-17_12-19-55_DIFF_Ch2_minus_Ch3.npy,2026-03-17,diet,22.0,,26.57,interpolated,D,772104.0115745714,0.3662414647875832,187793.78505273745,0.2090813283013007,34098.28825034374,0.1017983562713467,15736.814704196831,0.0942377026718572,7881.655658812709,0.0629500660602121,4546.663669329255,0.0369071269522768,38425.30039592731,5.8876758088981385,5.273681215395673,4.532732577758204,4.19691683117527,3.8966174570781473,3.657692829297089,-0.6139945935024661,-1.3549432311399343,-1.6907589777228693,-1.9910583518199916,-2.2299829796010497,-0.7409486376374681,-1.076764384220403,-1.3770637583175256,-1.6159883860985835,-0.33581574658293506,-0.6361151206800574,-0.8750397484611153,-0.3002993740971223,-0.5392240018781802,-0.23892462778105786
24,CTRL,Cable1,Mouse24_Cable1_CTRL_2026-03-24_14-29-11_DIFF_Ch2_minus_Ch3.npy,2026-03-24,diet,29.0,,25.8,interpolated,C,589810.6759181886,0.2658234052663868,219905.83374752177,0.2340013228535524,44554.99158452888,0.1264492550841717,19323.143750487332,0.109834864750195,9476.678771452203,0.0719077793488932,5285.599926845797,0.0407480122883843,39392.15274543402,5.7707126292710464,5.3422367506466095,4.648896365975135,4.286077784730575,3.9766561597057293,3.7230942877895026,-0.4284758786244376,-1.1218162632959119,-1.4846348445404713,-1.7940564695653174,-2.047618341481544,-0.6933403846714743,-1.0561589659160338,-1.3655805909408798,-1.6191424628571065,-0.36281858124455935,-0.6722402062694055,-0.9258020781856321,-0.3094216250248461,-0.5629834969410727,-0.2535618719162266
24,CTRL,Cable1,Mouse24_Cable1_CTRL_2026-04-01_13-17-43_DIFF_Ch2_minus_Ch3.npy,2026-04-01,recovery,,2.0,26.07,interpolated,C,704842.4244260708,0.289433479877798,244141.5660477307,0.233937162868471,47091.853006192185,0.1204760093574844,20058.98751907173,0.1027518179114303,9769.528313510558,0.0667985261149845,5369.791101041368,0.0372958268831447,43800.41819408512,5.848092036351265,5.387641726030762,4.672945779729854,4.3023090081471445,3.98987359588001,3.729957390833693,-0.4604503103205031,-1.1751462566214115,-1.5457830282041212,-1.8582184404712554,-2.1181346455175722,-0.7146959463009083,-1.085332717883618,-1.3977681301507523,-1.657684335197069,-0.3706367715827098,-0.683072183849844,-0.9429883888961608,-0.3124354122671343,-0.572351617313451,-0.25991620504631663
24,CTRL,Cable1,Mouse24_Cable1_CTRL_2026-03-30_12-54-24_DIFF_Ch2_minus_Ch3.npy,2026-03-30,diet,35.0,,25.2,measured,D,669232.441136074,0.2653222466278191,238504.2235584695,0.2187420110712565,59936.95470268293,0.1481287039360503,20850.202900586253,0.1027102730917359,9480.455381904554,0.0623911237388441,5135.413187762821,0.034337856499637,45177.4842736083,5.825576985286315,5.377496074159764,4.77769467338743,4.3191102856012025,3.9768291986353677,3.710575392031884,-0.44808091112655024,-1.0478823118988845,-1.5064666996851124,-1.848747786650947,-2.115001593254431,-0.5998014007723342,-1.0583857885585621,-1.4006668755243967,-1.6669206821278806,-0.45858438778622795,-0.8008654747520625,-1.0671192813555463,-0.3422810869658346,-0.6085348935693183,-0.2662538066034838
26,CTRL,Cable1,Mouse26_Cable1_CTRL_2026-02-21_14-36-19_DIFF_Ch3_minus_Ch4.npy,2026-02-21,baseline,,,33.0,baseline,A,1506133.7390649612,0.2893511632725579,610576.6643609931,0.2707414659248238,85866.01569066524,0.1010465707221994,46460.82200820006,0.1097549487392702,20678.40683767346,0.0649206075448716,9962.709055698017,0.0317778698739952,94419.145839512,6.17786353730898,5.7857402019722795,4.933821311463955,4.667086889288308,4.3155170756085495,3.998377447657215,-0.39212333533670013,-1.2440422258450246,-1.5107766480206715,-1.8623464617004304,-2.1794860896517645,-0.8519188905083244,-1.1186533126839713,-1.4702231263637302,-1.7873627543150643,-0.26673442217564697,-0.6183042358554058,-0.93544386380674,-0.3515698136797589,-0.6687094416310931,-0.3171396279513342
26,CTRL,Cable1,Mouse26_Cable1_CTRL_2026-03-19_15-33-40_DIFF_Ch3_minus_Ch4.npy,2026-03-19,diet,24.0,,32.3,measured,D,1369075.395451167,0.2221188778111552,778038.4344677282,0.2918390700024534,138556.0838617086,0.1380800315237953,57223.12807197425,0.1134110171612932,25635.901179695433,0.0676009636360885,10690.340677204664,0.0286261782499308,110574.85680564967,6.136427365538504,5.89100105131483,5.141625599981548,4.757571594595874,4.408848588813274,4.028991545421368,-0.24542631422367328,-0.994801765556955,-1.3788557709426295,-1.7275787767252295,-2.1074358201171357,-0.7493754513332817,-1.1334294567189562,-1.4821524625015563,-1.8620095058934623,-0.3840540053856745,-0.7327770111682747,-1.1126340545601807,-0.3487230057826001,-0.728580049174506,-0.37985704339190596
26,CTRL,Cable1,Mouse26_Cable1_CTRL_2026-03-24_15-03-43_DIFF_Ch3_minus_Ch4.npy,2026-03-24,diet,29.0,,31.93,interpolated,C,1442316.105029995,0.2470188369016417,750025.5003454299,0.2965729313109198,101362.11896697384,0.1067618079366234,48801.109717110856,0.1028697232420877,24600.777573187992,0.069095820900126,10512.046391518084,0.0299700604248399,104602.017413593,6.159060452911399,5.875076029353086,5.005875680861623,4.688429697792425,4.390948834355732,4.021687268838218,-0.28398442355831327,-1.1531847720497763,-1.470630755118974,-1.7681116185556671,-2.137373184073181,-0.869200348491463,-1.1866463315606606,-1.484127194997354,-1.8533887605148676,-0.3174459830691976,-0.6149268465058909,-0.9841884120234046,-0.29748086343669333,-0.6667424289542069,-0.3692615655175136
26,CTRL,Cable1,Mouse26_Cable1_CTRL_2026-04-01_13-41-00_DIFF_Ch3_minus_Ch4.npy,2026-04-01,recovery,,2.0,31.6,interpolated,A,1085219.8911497942,0.2155408925804632,636747.4940754335,0.2933521877577235,98288.22529958612,0.1203605600943789,46390.1065944603,0.1137184959965435,22915.998888979717,0.0748268560561609,9780.318133669114,0.0324007257886825,89541.55936795451,6.035517745407864,5.803967244469806,4.992501493481093,4.666425370434964,4.360138792521981,3.9903529817252177,-0.23155050093805746,-1.0430162519267707,-1.3690923749728994,-1.6753789528858825,-2.0451647636826458,-0.8114657509887132,-1.137541874034842,-1.443828451947825,-1.8136142627445881,-0.3260761230461288,-0.6323627009591118,-1.002148511755875,-0.306286577912983,-0.6760723887097462,-0.36978581079676315
26,CTRL,Cable1,Mouse26_Cable1_CTRL_2026-03-30_13-16-59_DIFF_Ch3_minus_Ch4.npy,2026-03-30,diet,35.0,,30.4,measured,D,1484986.9874874777,0.2348989804775267,823530.0825208395,0.2963357833919635,112816.72354684444,0.1082399379108948,56442.76253983435,0.1084336236409958,27448.33561447883,0.0701920691852828,11783.408289549188,0.0305853941260885,114003.8790597459,6.171722648072663,5.915679468028155,5.0523734826771936,4.751608261752139,4.438516015257426,4.071270926041323,-0.25604318004450777,-1.1193491653954686,-1.4201143863205237,-1.7332066328152367,-2.1004517220313397,-0.8633059853509609,-1.164071206276016,-1.477163452770729,-1.844408541986832,-0.3007652209250549,-0.613857467419768,-0.9811025566358709,-0.31309224649471307,-0.680337335710816,-0.36724508921610294
1,HF,Cable1,Mouse1_Cable1_HF_2026-02-21_12-36-13_DIFF_Ch2_minus_Ch3.npy,2026-02-21,baseline,,,31.4,baseline,A,3280485.204705725,0.1094461204001593,7654864.717109648,0.6181344251683232,342277.8371056383,0.0676702082728817,113439.68532646653,0.0460599106397804,38044.409798593995,0.020524692173168,16698.65026884326,0.0091820052315941,528055.409549048,6.515938083389111,6.88393751990274,5.534378778967442,5.054765013138985,4.580290851067611,4.222681369082737,0.36799943651362926,-0.9815593044216689,-1.4611730702501262,-1.9356472323215,-2.2932567143063736,-1.349558740935298,-1.8291725067637554,-2.303646668835129,-2.6612561508200026,-0.4796137658284574,-0.9540879278998311,-1.3116974098847045,-0.4744741620713738,-0.8320836440562471,-0.35760948198487336
1,HF,Cable1,Mouse1_Cable1_HF_2026-03-03_12-16-25_DIFF_Ch2_minus_Ch3.npy,2026-03-03,diet,8.0,,39.87,interpolated,A,6378076.613828639,0.1299708506388584,12546900.099490425,0.6071261952380108,532186.2472944264,0.0637930810843422,164193.19700173495,0.0402050245439364,53022.07344222868,0.0172518567659771,22985.280266290574,0.0076292507476119,873557.0297962057,6.804689731708944,7.0985364400815865,5.726063647364347,5.21535515908176,4.724456706929918,4.361449803599115,0.2938467083726427,-1.0786260843445965,-1.5893345726271835,-2.080233024779025,-2.443239928109829,-1.3724727927172393,-1.8831812809998263,-2.374079733151668,-2.7370866364824717,-0.510708488282587,-1.0016069404344283,-1.3646138437652326,-0.4908984521518414,-0.8539053554826457,-0.36300690333080426
1,HF,Cable1,Mouse1_Cable1_HF_2026-03-08_11-08-40_DIFF_Ch2_minus_Ch3.npy,2026-03-08,diet,13.0,,38.43,interpolated,A,4253982.692032957,0.0765522003032278,15369856.892940529,0.6749811627466793,580050.5856641297,0.0616186423972499,185440.284438482,0.0406378652785047,60209.41343911746,0.0175137615864542,27294.16303717502,0.0081040966524297,970647.2958476264,6.628795718578024,7.186669823850065,5.763465869626413,5.268204084764735,4.779664396325311,4.436069781407706,0.5578741052720407,-0.8653298489516109,-1.3605916338132895,-1.8491313222527133,-2.192725937170317,-1.4232039542236516,-1.9184657390853301,-2.407005427524754,-2.750600042442358,-0.4952617848616786,-0.9838014733011023,-1.3273960882187064,-0.4885396884394238,-0.8321343033570278,-0.34359461491760396
1,HF,Cable1,Mouse1_Cable1_HF_2026-03-13_12-37-21_DIFF_Ch2_minus_Ch3.npy,2026-03-13,diet,18.0,,36.83,interpolated,B,6237660.445920825,0.1114390083382918,13118790.666799586,0.5522268117437519,931800.132238206,0.0988747355614833,315547.5092780343,0.0676927771446555,68647.29056739999,0.0194854656581418,30667.26120481141,0.0088660514681488,1001166.6187766248,6.795021729754794,7.1178938021934055,5.969322767745942,5.49906475649281,4.836623400788385,4.486674992260653,0.32287207243861116,-0.8256989620088517,-1.2959569732619833,-1.9583983289664095,-2.3083467374941407,-1.148571034447463,-1.6188290457005945,-2.2812704014050205,-2.631218809932752,-0.47025801125313166,-1.1326993669575578,-1.482647775485289,-0.6624413557044261,-1.0123897642321573,-0.34994840852773135
1,HF,Cable1,Mouse1_Cable1_HF_2026-03-19_12-55-20_DIFF_Ch2_minus_Ch3.npy,2026-03-19,diet,24.0,,35.7,measured,B,2077138.8885335953,0.1293517001311418,4085416.132234458,0.6132341440555434,169639.63374712554,0.0626909651805322,55626.305916660225,0.0421143683501587,17934.27372549398,0.0180259474326429,9147.148095401906,0.0093772198052801,283790.3135852225,6.317465536740726,6.611236299480128,5.229527326144581,4.745280219867494,4.2536837939812155,3.961285710515587,0.2937707627394017,-1.0879382105961455,-1.5721853168732318,-2.0637817427595104,-2.356179826225139,-1.3817089733355472,-1.8659560796126335,-2.357552505498912,-2.6499505889645407,-0.4842471062770863,-0.9758435321633651,-1.2682416156289935,-0.49159642588627883,-0.7839945093519073,-0.29239808346562846
1,HF,Cable1,Mouse1_Cable1_HF_2026-03-26_11-06-11_DIFF_Ch2_minus_Ch3.npy,2026-03-26,diet,31.0,,36.5,measured,D,15824293.422061678,0.3879322539000265,6785140.853581285,0.3909652914185205,363808.0251263423,0.0531110095204366,86868.83492392355,0.025744082254022,30037.95460579263,0.0118605288697533,13213.8266798,0.0053183400123383,764631.1399365979,7.199324327235965,6.831558867662398,5.560872274797961,4.938863996838138,4.477670356639028,4.121028606051827,-0.3677654595735676,-1.6384520524380044,-2.2604603303978275,-2.7216539705969374,-3.0782957211841384,-1.2706865928644369,-1.89269487082426,-2.35388851102337,-2.710530261610571,-0.622008277959823,-1.083201918158933,-1.4398436687461338,-0.46119364019910997,-0.8178353907863108,-0.3566417505872008
1,HF,Cable1,Mouse1_Cable1_HF_2026-03-31_10-10-35_DIFF_Ch2_minus_Ch3.npy,2026-03-31,recovery,,1.0,35.6,interpolated,D,1491428.9851112843,0.0986217730170503,3746125.0138028,0.6019907288084521,194264.7630118281,0.0773615315782072,58126.277920126355,0.0471920798763028,21133.41562788797,0.02281359155875,9934.983759852568,0.0109197843279378,263828.8927068336,6.1736025791137354,6.573582266338415,5.28839403262584,4.764372514071057,4.3249696943293285,3.997167161530164,0.3999796872246797,-0.8852085464878955,-1.4092300650426792,-1.8486328847844076,-2.1764354175835714,-1.285188233712575,-1.809209752267359,-2.2486125720090873,-2.5764151048082513,-0.5240215185547837,-0.9634243382965121,-1.291226871095676,-0.43940281974172846,-0.7672053525408924,-0.327802532799164
1,HF,Cable1,Mouse1_Cable1_HF_2026-04-02_11-07-38_DIFF_Ch2_minus_Ch3.npy,2026-04-02,recovery,,3.0,35.6,measured,A,1957598.7502276504,0.1174237459345303,4194716.541124123,0.6057433939218008,202238.70938414545,0.0721787882707315,55984.53452626551,0.0407200512685864,21271.44491556579,0.0205945979413699,11221.223779516213,0.011067075467247,294904.05608139146,6.29172367908106,6.622702618612882,5.305864285097483,4.748068071693192,4.327796991432756,4.050040223382569,0.330978939531822,-0.9858593939835769,-1.543655607387868,-1.9639266876483041,-2.24168345569849,-1.3168383335153988,-1.8746345469196901,-2.294905627180126,-2.5726623952303123,-0.5577962134042912,-0.9780672936647272,-1.2558240617149135,-0.420271080260436,-0.6980278483106223,-0.2777567680501862
4,HF,Cable1,Mouse4_Cable1_HF_2026-03-05_10-11-36_DIFF_Ch2_minus_Ch3.npy,2026-03-05,diet,10.0,,39.9,measured,C,2993360.2418119563,0.2361526063571214,2279851.2558191866,0.4234176460962742,146506.36792407633,0.0699695249998631,67964.61904219635,0.0655926334015958,27801.21291788424,0.0357115060177791,13375.242866888557,0.017467886928106,228410.24574895797,6.476158986007082,6.357906513279312,5.1658565017835345,4.832282886918151,4.444063743833655,4.1263016766590175,-0.11825247272776977,-1.3103024842235471,-1.6438760990889314,-2.032095242173427,-2.3498573093480646,-1.1920500114957773,-1.5256236263611616,-1.9138427694456572,-2.2316048366202947,-0.3335736148653841,-0.72179275794988,-1.0395548251245175,-0.38821914308449573,-0.7059812102591333,-0.3177620671746375
4,HF,Cable1,Mouse4_Cable1_HF_2026-03-10_11-57-39_DIFF_Ch2_minus_Ch3.npy,2026-03-10,diet,15.0,,40.0,interpolated,C,2781128.852395424,0.2317811936839182,2150299.468305594,0.4175048914324203,145382.30824859542,0.0727743203086342,64351.1655911196,0.0651074735995976,26161.55863082302,0.0352264406121272,12889.023780079451,0.0176433671408782,217363.6295835068,6.444221110614593,6.332498947532244,5.162511559910266,4.808556417677187,4.417663614445859,4.110220024957753,-0.11172216308234903,-1.2817095507043266,-1.635664692937406,-2.026557496168734,-2.3340010856568396,-1.1699873876219775,-1.5239425298550568,-1.914835333086385,-2.2222789225744903,-0.3539551422330793,-0.7448479454644075,-1.052291534952513,-0.3908928032313282,-0.6983363927194338,-0.3074435894881056
4,HF,Cable1,Mouse4_Cable1_HF_2026-03-16_10-06-17_DIFF_Ch2_minus_Ch3.npy,2026-03-16,diet,21.0,,39.2,measured,D,3394116.5051646284,0.2386158412582285,2383302.3765126886,0.3974484955337221,223989.59806794705,0.0961323525574261,86567.88017530004,0.0744886139119341,31690.516531814475,0.0362840218203548,15020.696645971271,0.0174981206892134,256813.75293642737,6.530726745666308,6.377179146047699,5.350227850447623,4.937356782892805,4.500929317924556,4.176690075310298,-0.15354759961860906,-1.1804988952186855,-1.5933699627735027,-2.0297974277417516,-2.3540366703560096,-1.0269512956000764,-1.4398223631548936,-1.8762498281231426,-2.2004890707374005,-0.41287106755481723,-0.8492985325230662,-1.1735377751373242,-0.436427464968249,-0.7606667075825071,-0.324239242614258
4,HF,Cable1,Mouse4_Cable1_HF_2026-03-23_10-13-09_DIFF_Ch2_minus_Ch3.npy,2026-03-23,diet,28.0,,38.8,measured,A,10029444.874208344,0.4987393000773085,1848937.7205661691,0.2065517402376124,294728.01256171224,0.0884027799781444,78546.26813398158,0.0469575775011495,22206.328999723268,0.017753367077058,12790.696304217208,0.0104002226038038,389319.78442686447,7.001276895658502,6.266922282673517,5.469421415533705,4.895125555800942,4.3464767698526146,4.10689418739093,-0.7343546129849851,-1.531855480124797,-2.10615133985756,-2.6548001258058873,-2.8943827082675724,-0.7975008671398119,-1.3717967268725748,-1.9204455128209026,-2.160028095282587,-0.5742958597327629,-1.1229446456810905,-1.3625272281427756,-0.5486487859483278,-0.7882313684100126,-0.23958258246168493
4,HF,Cable1,Mouse4_Cable1_HF_2026-03-29_11-58-50_DIFF_Ch2_minus_Ch3.npy,2026-03-29,diet,34.0,,38.45,interpolated,B,3502347.363959884,0.2546330981278487,1895450.0960297964,0.3074635903036571,263619.3800134223,0.1131762069891524,81726.00324478657,0.0708220829518008,31934.5231101376,0.0368960874359135,18831.76086330788,0.0221231010848384,251244.4515911327,6.544359217352698,6.277712354679526,5.4209773343116,4.912360260558622,4.504260435064784,4.274890930609533,-0.2666468626731716,-1.1233818830410973,-1.6319989567940751,-2.040098782287914,-2.269468286743165,-0.8567350203679256,-1.3653520941209034,-1.7734519196147422,-2.0028214240699933,-0.5086170737529778,-0.9167168992468165,-1.1460864037020677,-0.4080998254938387,-0.6374693299490898,-0.2293695044552511
4,HF,Cable1,Mouse4_Cable1_HF_2026-03-31_10-34-19_DIFF_Ch2_minus_Ch3.npy,2026-03-31,recovery,,1.0,38.17,interpolated,D,956182.4351899344,0.254379441904924,451817.23344123457,0.2812358471838622,56605.52321548511,0.0928782801886467,31010.636582224983,0.1017852391619163,18966.197004535137,0.0830310846918869,13283.299737128682,0.0591160183721925,67757.78502805512,5.9805407615620805,5.65496279197986,4.7528588090147466,4.491510681468219,4.277980257324044,4.123305972593542,-0.32557796958222046,-1.2276819525473333,-1.4890300800938618,-1.702560504238036,-1.8572347889685383,-0.9021039829651127,-1.1634521105116413,-1.3769825346558155,-1.5316568193863178,-0.2613481275465287,-0.4748785516907028,-0.6295528364212051,-0.21353042414417414,-0.36820470887467643,-0.1546742847305022
4,HF,Cable1,Mouse4_Cable1_HF_2026-04-02_11-35-16_DIFF_Ch2_minus_Ch3.npy,2026-04-02,recovery,,3.0,37.9,measured,B,1406843.028503666,0.3319979363740183,505901.7904757144,0.2687186143991491,67455.37097566845,0.096488481069475,27573.72540700072,0.0785337018453979,14475.374809221814,0.0550590688271846,9038.393880847558,0.0349217799102633,78291.52998744891,6.148245642809485,5.7040662164561,4.829016535063957,4.440495446352484,4.1606298176823335,3.9560912633673095,-0.44417942635338475,-1.319229107745528,-1.7077501964570003,-1.9876158251271514,-2.192154379442175,-0.8750496813921432,-1.2635707701036154,-1.5434363987737667,-1.7479749530887903,-0.38852108871147223,-0.6683867173816235,-0.8729252716966471,-0.27986562867015113,-0.4844041829851748,-0.20453855431502369
9,HF,Cable1,Mouse9_Cable1_HF_2026-02-19_10-00-27_DIFF_Ch3_minus_Ch4.npy,2026-02-19,baseline,,,32.8,baseline,D,1026770.7877056572,0.1976068369636048,923356.5575120408,0.4184423955847983,73349.34637672617,0.0868865320147708,26442.546713818065,0.0629473122150634,12420.245388963363,0.0394268168858055,6638.61246783551,0.0214230990985514,91839.36199607293,6.011473504215701,5.965369437816789,4.8653962481555,4.422303280257446,4.094130176357464,3.8220773172396467,-0.04610406639891242,-1.146077256060201,-1.589170223958255,-1.917343327858237,-2.189396186976054,-1.0999731896612885,-1.5430661575593427,-1.8712392614593245,-2.143292120577142,-0.4430929678980541,-0.7712660717980361,-1.043318930915853,-0.3281731038999819,-0.600225963017799,-0.2720528591178171
9,HF,Cable1,Mouse9_Cable1_HF_2026-03-03_12-57-35_DIFF_Ch3_minus_Ch4.npy,2026-03-03,diet,8.0,,36.33,interpolated,D,2017255.0905072696,0.359703707940712,703632.1222189979,0.2783659503224017,84261.5210508687,0.0900851980162945,28774.701299399956,0.061481408635008,13225.61228688962,0.0376912933736859,7338.545374027817,0.021260802551852,104142.7301264336,6.304760820074351,5.847345657652988,4.925629294549156,4.459010824058714,4.121415787071089,3.8656099838071754,-0.45741516242136304,-1.3791315255251948,-1.8457499960156372,-2.183345033003262,-2.4391508362671757,-0.9217163631038318,-1.388334833594274,-1.725929870581899,-1.9817356738458127,-0.46661847049044236,-0.8042135074780675,-1.060019310741981,-0.33759503698762516,-0.5934008402515387,-0.25580580326391356
9,HF,Cable1,Mouse9_Cable1_HF_2026-03-08_11-46-38_DIFF_Ch3_minus_Ch4.npy,2026-03-08,diet,13.0,,34.8,interpolated,B,10842591.936788624,0.3155572038756047,5504599.571483372,0.355663241793511,506738.9991531055,0.0865349840109692,119677.11504507274,0.0409798428500418,35786.137864637436,0.0163831397180571,15644.423417285996,0.007283123303948,636398.5605709489,7.035133113317522,6.740725731987102,5.704784329325657,5.078011111477046,4.553714830701191,4.194359561646135,-0.29440738133041877,-1.330348783991865,-1.9571220018404745,-2.4814182826163305,-2.8407735516713863,-1.0359414026614462,-1.6627146205100558,-2.1870109012859116,-2.5463661703409675,-0.6267732178486095,-1.1510694986244652,-1.510424767679521,-0.5242962807758558,-0.8836515498309117,-0.3593552690550558
9,HF,Cable1,Mouse9_Cable1_HF_2026-03-13_13-13-55_DIFF_Ch3_minus_Ch4.npy,2026-03-13,diet,18.0,,35.65,interpolated,A,3759786.7961926656,0.2962576006119084,1611133.3828615418,0.2840815439206313,238271.66316778437,0.1123818694486109,89583.97819182526,0.0849826396304872,22170.913724928854,0.0279906296814784,10946.199197280726,0.0140457648911828,233079.97323750317,6.5751632183685365,6.207131496373798,5.3770723962632685,4.952230344426995,4.345783591965066,4.039263347103826,-0.36803172199473905,-1.1980908221052677,-1.6229328739415416,-2.2293796264034698,-2.5358998712647107,-0.8300591001105285,-1.2549011519468025,-1.8613479044087307,-2.167868149269972,-0.42484205183627405,-1.0312888042982022,-1.3378090491594432,-0.6064467524619281,-0.9129669973231692,-0.3065202448612411
9,HF,Cable1,Mouse9_Cable1_HF_2026-03-19_13-32-07_DIFF_Ch3_minus_Ch4.npy,2026-03-19,diet,24.0,,35.0,measured,A,1299790.9889324508,0.2468186366209247,655681.670710426,0.2855696496079491,146080.1724742768,0.1702238631244401,38204.055279311106,0.0881918033886107,11706.688999217047,0.0359448390058775,6042.156798544995,0.0188578756622565,95377.82447457276,6.113873521805942,5.816693043327059,5.164591272954342,4.582109464795244,4.068434081007638,3.7811919913542216,-0.2971804784788835,-0.9492822488516,-1.5317640570106987,-2.045439440798304,-2.3326815304517208,-0.6521017703727164,-1.234583578531815,-1.7482589623194207,-2.035501051972837,-0.5824818081590988,-1.0961571919467041,-1.3833992816001206,-0.5136753837876055,-0.8009174734410219,-0.28724208965341647
9,HF,Cable1,Mouse9_Cable1_HF_2026-03-29_13-02-32_DIFF_Ch3_minus_Ch4.npy,2026-03-29,diet,34.0,,33.95,interpolated,A,1670408.8706856011,0.2006708319198304,1001501.630837376,0.2735956540054019,309596.69462510326,0.2289940283590734,66026.30373014678,0.0957628878697772,17758.530508461838,0.0343939511121448,8219.503454132868,0.016171397111631,149500.60751093173,6.2228227876437545,6.000651660831888,5.490796315338564,4.819716985376403,4.249407025717908,3.914845582303594,-0.22217112681186635,-0.7320264723051905,-1.403105802267351,-1.9734157619258466,-2.3079772053401606,-0.5098553454933241,-1.1809346754554848,-1.75124463511398,-2.0858060785282944,-0.6710793299621607,-1.241389289620656,-1.5759507330349702,-0.5703099596584953,-0.9048714030728094,-0.3345614434143141
9,HF,Cable1,Mouse9_Cable1_HF_2026-04-02_11-58-35_DIFF_Ch3_minus_Ch4.npy,2026-04-02,recovery,,3.0,34.0,measured,D,2696829.7437375756,0.3779771945317518,926947.4978107156,0.2914410534436702,114058.15156073874,0.0976314165687794,29127.47314616623,0.0494166798276705,11356.958792045994,0.025716995550575,6668.992097789947,0.0153727529229485,132084.97092417168,6.430853529437962,5.9670551364564535,5.057126329080789,4.464302810536499,4.055262049978998,3.824060202815526,-0.46379839298150843,-1.3737272003571737,-1.9665507189014628,-2.3755914794589645,-2.606793326622436,-0.9099288073756653,-1.5027523259199544,-1.911793086477456,-2.1429949336409275,-0.5928235185442892,-1.0018642791017907,-1.2330661262652622,-0.4090407605575015,-0.640242607720973,-0.2312018471634715
10,HF,Cable1,Mouse10_Cable1_HF_2026-03-05_10-50-49_DIFF_Ch3_minus_Ch4.npy,2026-03-05,diet,10.0,,37.4,measured,B,1416447.5354925506,0.2561468899285645,823083.2052483221,0.344339538586301,101088.48264269633,0.1129648521859711,32377.152141985764,0.0721239232369796,10873.41869607453,0.0321452272724088,5298.18152578558,0.0159272637981017,99412.81972618592,6.1512004931042155,5.915443740137765,5.004701677750689,4.510238646041401,4.03636611146546,3.724126833971868,-0.23575675296645035,-1.1464988153535256,-1.6409618470628144,-2.1148343816387554,-2.427073659132347,-0.9107420623870751,-1.405205094096364,-1.879077628672305,-2.1913169061658966,-0.494463031709289,-0.9683355662852299,-1.2805748437788214,-0.4738725345759409,-0.7861118120695324,-0.3122392774935916
10,HF,Cable1,Mouse10_Cable1_HF_2026-03-10_12-49-22_DIFF_Ch3_minus_Ch4.npy,2026-03-10,diet,15.0,,39.13,interpolated,D,1404960.9431764851,0.245253415205144,814891.3232569705,0.3330026090199733,117306.6859580121,0.1275498588120208,36901.39121778694,0.079889042926821,11741.44274039555,0.0337420879776588,5903.531166937229,0.0172433664714386,102643.99445359294,6.147664251359463,5.911099693578143,5.069322765669844,4.567042739785576,4.069721464517694,3.771111860383945,-0.23656455778131988,-1.0783414856896192,-1.5806215115738869,-2.077942786841769,-2.3765523909755175,-0.8417769279082994,-1.3440569537925668,-1.841378229060449,-2.1399878331941977,-0.5022800258842676,-0.9996013011521495,-1.2982109052858986,-0.497321275267882,-0.795930879401631,-0.298609604133749
10,HF,Cable1,Mouse10_Cable1_HF_2026-03-16_10-44-00_DIFF_Ch3_minus_Ch4.npy,2026-03-16,diet,21.0,,37.6,measured,D,1261723.0791069577,0.2243947388521748,733408.3991995509,0.3022669503591969,163985.21622366662,0.1821816224715231,33614.96286061698,0.0734439631167444,11311.027501725728,0.032966151502677,5422.77189420515,0.0160656490751831,100493.15479050418,6.1009640471326705,5.865345879315789,5.214804696816667,4.526532635762154,4.053502058334891,3.734221336470948,-0.23561816781688127,-0.8861593503160038,-1.574431411370517,-2.04746198879778,-2.3667427106617227,-0.6505411824991226,-1.3388132435536355,-1.8118438209808985,-2.1311245428448413,-0.688272061054513,-1.161302638481776,-1.4805833603457186,-0.47303057742726284,-0.7923112992912056,-0.31928072186394274
10,HF,Cable1,Mouse10_Cable1_HF_2026-03-23_10-51-51_DIFF_Ch3_minus_Ch4.npy,2026-03-23,diet,28.0,,36.5,measured,A,2690126.6099383957,0.2096034228286063,2093810.41886063,0.3737474537065469,256113.80782061073,0.1205120288845828,69546.94570304405,0.0653448595725397,27132.43261540106,0.0340031067042679,14377.96990502599,0.0183191598392764,230940.54994514128,6.4297727204126796,6.320937356535756,5.4084329931449115,4.84227806181274,4.4334887330938395,4.15769757024124,-0.10883536387692332,-1.021339727267768,-1.587494658599939,-1.9962839873188396,-2.2720751501714394,-0.9125043633908446,-1.4786592947230157,-1.8874486234419163,-2.163239786294516,-0.566154931332171,-0.9749442600510716,-1.2507354229036716,-0.40878932871890067,-0.6845804915715005,-0.2757911628525998
10,HF,Cable1,Mouse10_Cable1_HF_2026-03-29_12-39-17_DIFF_Ch3_minus_Ch4.npy,2026-03-29,diet,34.0,,35.4,interpolated,B,1867262.9847017564,0.162079599455355,1293768.0834154922,0.2525884332866146,500683.669715767,0.2670571059744591,88362.48437020375,0.0924015876382374,28653.89614814392,0.039921227066792,15355.240906196032,0.0216942690088065,206620.9732474663,6.2712054881481,6.111856433118038,5.699563426693521,4.946267917850174,4.457183682519685,4.186256634417047,-0.15934905503006241,-0.5716420614545787,-1.3249375702979254,-1.8140218056284152,-2.0849488537310523,-0.4122930064245163,-1.165588515267863,-1.6546727505983527,-1.92559979870099,-0.7532955088433467,-1.2423797441738365,-1.5133067922764738,-0.48908423533048984,-0.7600112834331271,-0.27092704810263724
10,HF,Cable1,Mouse10_Cable1_HF_2026-03-31_11-21-55_DIFF_Ch3_minus_Ch4.npy,2026-03-31,recovery,,1.0,34.87,interpolated,D,1627780.7824571026,0.1743694608844016,1301907.848522711,0.3171191316767495,374625.5338268983,0.2472769741576085,47666.66849942534,0.0614228521010999,12707.04998449149,0.0218777953035154,5714.856710480988,0.0100050815877978,167280.2749682314,6.211595916904729,6.11458024514275,5.573597374806984,4.678214799443797,4.104044738267499,3.7570053457326016,-0.0970156717619793,-0.6379985420977455,-1.5333811174609322,-2.1075511786372303,-2.454590571172128,-0.5409828703357662,-1.436365445698953,-2.010535506875251,-2.3575748994101486,-0.8953825753631867,-1.4695526365394849,-1.8165920290743822,-0.5741700611762982,-0.9212094537111956,-0.34703939253489735
10,HF,Cable1,Mouse10_Cable1_HF_2026-04-02_12-22-42_DIFF_Ch3_minus_Ch4.npy,2026-04-02,recovery,,3.0,34.6,measured,A,1984197.2604136877,0.1775229180495647,1551355.3990361984,0.3165514916564091,361689.9293442653,0.1979702705394157,70119.83981302295,0.0754118105964785,28770.17173033277,0.0413696937053715,19263.067443815893,0.0281640520515223,200321.59267413104,6.297584845666241,6.19071130146236,5.558336416720972,4.845840915288276,4.458942454219604,4.284725445189851,-0.10687354420388073,-0.7392484289452693,-1.4517439303779645,-1.8386423914466377,-2.01285940047639,-0.6323748847413885,-1.3448703861740836,-1.7317688472427568,-1.9059858562725094,-0.7124955014326951,-1.0993939625013684,-1.2736109715311208,-0.38689846106867326,-0.5611154700984257,-0.1742170090297524
14,HF,Cable1,Mouse14_Cable1_HF_2026-03-03_13-37-05_DIFF_Ch2_minus_Ch3.npy,2026-03-03,diet,8.0,,31.33,interpolated,D,694386.0416685382,0.3141248063148255,220425.14874085537,0.2425646969526246,38554.15622383009,0.1122415483138429,16407.240265814562,0.0957614212431119,8143.110043924343,0.0633312629194279,4786.504578765159,0.0378564323635089,39310.68183286684,5.841600982204065,5.343261142522318,4.586071202822218,4.215035537901301,3.9107903037780005,3.680018478695027,-0.49833983968174717,-1.255529779381847,-1.6265654443027653,-1.9308106784260648,-2.1615825035090386,-0.7571899397001,-1.1282256046210182,-1.4324708387443177,-1.6632426638272912,-0.3710356649209182,-0.6752808990442178,-0.9060527241271914,-0.30424523412329957,-0.5350170592062732,-0.23077182508297361
14,HF,Cable1,Mouse14_Cable1_HF_2026-03-08_12-26-39_DIFF_Ch2_minus_Ch3.npy,2026-03-08,diet,13.0,,29.8,interpolated,B,719342.009180647,0.2300854542252671,323899.92538391997,0.2512450192013626,81273.94559296184,0.1668964782337395,22724.045029187713,0.0931768377529793,9644.568104410622,0.0528243414887028,5068.109950348768,0.0282311983410974,54345.63764127302,5.8569354236020565,5.510410847962769,4.909951343887896,4.3564856411891135,3.9842827841757593,3.7048460281355915,-0.3465245756392879,-0.9469840797141601,-1.500449782412943,-1.872652639426297,-2.152089395466465,-0.6004595040748723,-1.1539252067736552,-1.5261280637870092,-1.8055648198271772,-0.5534657026987829,-0.9256685597121369,-1.205105315752305,-0.372202857013354,-0.6516396130535221,-0.27943675604016815
14,HF,Cable1,Mouse14_Cable1_HF_2026-03-13_13-50-04_DIFF_Ch2_minus_Ch3.npy,2026-03-13,diet,18.0,,29.73,interpolated,B,1530513.9288270478,0.2934701803510846,711829.7182333928,0.3118207493767389,86204.34685456198,0.1005990060931404,32748.416865493393,0.0775125522087652,10419.462711260652,0.0328639525821208,5349.201217451119,0.0171515379537118,93504.65349519296,6.184837286357529,5.85237611543989,4.935529165677991,4.515190310031653,4.017845324764771,3.7282889347776234,-0.3324611709176388,-1.2493081206795378,-1.6696469763258752,-2.1669919615927573,-2.4565483515799054,-0.9168469497618988,-1.3371858054082362,-1.8345307906751187,-2.1240871806622663,-0.42033885564633744,-0.9176838409132198,-1.2072402309003676,-0.49734498526688237,-0.78690137525403,-0.2895563899871477
14,HF,Cable1,Mouse14_Cable1_HF_2026-03-19_14-09-18_DIFF_Ch2_minus_Ch3.npy,2026-03-19,diet,24.0,,27.4,measured,D,320178.2074945661,0.419761338601768,56703.91452077091,0.1862062089725641,10949.792720223784,0.0960032269591218,4993.912909562991,0.0877677261930644,2543.992143868864,0.059591294678482,1767.474019829907,0.0420829374052781,13754.723763358214,5.5053917689107665,4.753613041187221,4.039405898051474,3.6984409642816445,3.4055157658287074,3.247353038804193,-0.7517787277235454,-1.465985870859292,-1.8069508046291216,-2.0998760030820587,-2.258038730106573,-0.7142071431357467,-1.0551720769055764,-1.3480972753585134,-1.5062600023830277,-0.3409649337698296,-0.6338901322227668,-0.792052859247281,-0.29292519845293713,-0.4510879254774514,-0.15816272702451423
14,HF,Cable1,Mouse14_Cable1_HF_2026-03-26_11-43-11_DIFF_Ch2_minus_Ch3.npy,2026-03-26,diet,31.0,,26.8,measured,A,321247.08771806344,0.3600288477799703,67153.38210628435,0.1854543720461098,15694.94789960889,0.1164040639522543,6844.371784914215,0.1015073633313251,3341.2244628640424,0.0661004582176122,2425.2591664576044,0.0487807899910085,15867.833201146655,5.506839199238315,4.827067890319818,4.19575987836993,3.835333592299698,3.5239056524440957,3.3847581547107986,-0.6797713089184971,-1.3110793208683844,-1.671505606938617,-1.9829335467942193,-2.1220810445275164,-0.6313080119498874,-0.9917342980201198,-1.303162237875722,-1.4423097356090193,-0.36042628607023247,-0.6718542259258347,-0.811001723659132,-0.3114279398556022,-0.45057543758889945,-0.13914749773329727
14,HF,Cable1,Mouse14_Cable1_HF_2026-03-29_13-48-59_DIFF_Ch2_minus_Ch3.npy,2026-03-29,diet,34.0,,26.65,interpolated,D,755422.9782292558,0.2085621364839082,287159.19764995377,0.1802138424068436,95236.97479558988,0.1620786702821215,53905.95794579195,0.183952035296319,20044.658767023087,0.0901863751191232,5497.870773353678,0.0253401157345955,64432.21228713761,5.87819019093153,5.458122731202765,4.978805591579035,4.731636768154902,4.301998667378243,3.7401945275993045,-0.4200674597287647,-0.8993845993524957,-1.146553422776628,-1.5761915235532873,-2.1379956633322257,-0.47931713962373096,-0.7264859630478633,-1.1561240638245227,-1.717928203603461,-0.24716882342413235,-0.6768069242007917,-1.23861106397973,-0.42963810077665937,-0.9914422405555978,-0.5618041397789384
14,HF,Cable1,Mouse14_Cable1_HF_2026-03-31_11-46-25_DIFF_Ch2_minus_Ch3.npy,2026-03-31,recovery,,1.0,26.87,interpolated,A,1076317.4447942304,0.2238310272255253,387349.2836572474,0.1847699519919912,112856.29056250949,0.1440358236643591,54772.09022039603,0.1403173654819533,27866.998156034155,0.0951030333866304,20526.780410515847,0.0711807317352111,86063.37389767052,6.03194037931349,5.5881027571428294,5.0525257714815295,4.738559314853607,4.445090188860988,4.312320836384827,-0.4438376221706602,-0.9794146078319602,-1.2933810644598829,-1.5868501904525025,-1.719619542928663,-0.5355769856613,-0.8495434422892227,-1.1430125682818424,-1.2757819207580028,-0.3139664566279227,-0.6074355826205423,-0.7402049350967028,-0.29346912599261965,-0.42623847846878005,-0.1327693524761604
14,HF,Cable1,Mouse14_Cable1_HF_2026-04-02_12-46-08_DIFF_Ch2_minus_Ch3.npy,2026-04-02,recovery,,3.0,27.4,measured,D,299349.55028927734,0.4253332371833421,53233.1998666133,0.1906754361242022,10180.35569462397,0.0973808729570507,4526.044201311808,0.0867416249483354,2155.5617511790433,0.055065903790129,1260.2075244884204,0.0327227979265465,12683.446930071848,5.47617861004465,4.72618257255346,4.007762952216236,3.6557187909558895,3.333560468763635,3.1004420683865863,-0.74999603749119,-1.4684156578284135,-1.8204598190887606,-2.142618141281015,-2.3757365416580636,-0.7184196203372235,-1.0704637815975706,-1.3926221037898252,-1.6257405041668735,-0.3520441612603471,-0.6742024834526017,-0.9073208838296501,-0.3221583221922546,-0.555276722569303,-0.23311840037704842
17,HF,Cable1,Mouse17_Cable1_HF_2026-02-19_10-59-12_DIFF_Ch2_minus_Ch3.npy,2026-02-19,baseline,,,31.6,baseline,D,7187449.547560433,0.3355539608759291,3533371.3606891828,0.3653131148957827,270716.9181292009,0.0740535825401449,58360.945990240565,0.0320371613960773,21321.553633273088,0.0157126975819207,9959.12230153114,0.0074631603135044,398153.1279111239,6.856574809169964,6.548189284596599,5.432515397331519,4.766122322889195,4.328818847154438,3.998221065692975,-0.30838552457336527,-1.4240594118384449,-2.0904524862807694,-2.5277559620155263,-2.858353743476989,-1.1156738872650795,-1.7820669617074043,-2.2193704374421612,-2.549968218903624,-0.6663930744423245,-1.1036965501770815,-1.4342943316385441,-0.4373034757347568,-0.7679012571962196,-0.3305977814614628
17,HF,Cable1,Mouse17_Cable1_HF_2026-03-05_11-29-30_DIFF_Ch2_minus_Ch3.npy,2026-03-05,diet,10.0,,37.2,measured,B,872415.4865794074,0.2395664465123359,367950.45921838225,0.2434166149136825,72786.61286007418,0.1269484227669083,38163.063422761385,0.1330361818542294,18124.014672389887,0.0840906927647925,9282.675227703856,0.0438209999074696,64109.588201459446,5.940723366301762,5.56578934928105,4.86205150986762,4.581643229087654,4.258254405092636,3.967673156089049,-0.37493401702071116,-1.0786718564341413,-1.359080137214107,-1.6824689612091253,-1.9730502102127125,-0.7037378394134302,-0.9841461201933959,-1.307534944188414,-1.5981161931920014,-0.28040828077996566,-0.6037971047749839,-0.8943783537785711,-0.3233888239950183,-0.6139700729986055,-0.29058124900358717
17,HF,Cable1,Mouse17_Cable1_HF_2026-03-10_13-26-40_DIFF_Ch2_minus_Ch3.npy,2026-03-10,diet,15.0,,36.73,interpolated,B,809430.9425922137,0.2715339424014391,262473.0478989597,0.2107070929664928,61612.36555790286,0.1326306632380986,28954.139028915775,0.1241939233093776,13854.038399653222,0.079171638247029,7180.660476958335,0.0417213488288644,52740.82700903975,5.9081798024032075,5.419084714409748,4.789667883505655,4.461710655418583,4.141576387049513,3.85616439247436,-0.48909508799345996,-1.1185119188975525,-1.4464691469846254,-1.7666034153536951,-2.052015409928848,-0.6294168309040926,-0.9573740589911655,-1.2775083273602352,-1.562920321935388,-0.32795722808707284,-0.6480914964561426,-0.9335034910312955,-0.3201342683690698,-0.6055462629442225,-0.28541199457515276
17,HF,Cable1,Mouse17_Cable1_HF_2026-03-16_11-21-18_DIFF_Ch2_minus_Ch3.npy,2026-03-16,diet,21.0,,37.0,measured,B,859114.5915577598,0.3001096786975579,273113.404761674,0.2281338526140874,59475.30522796083,0.1319669399671453,24976.65045085125,0.1107947957306762,10958.219134045248,0.0647565901134991,5880.101533832305,0.0353275532267836,51177.5779753206,5.934051095335376,5.436343016401754,4.774336679519375,4.3975341959176175,4.039739980872836,3.769384825260218,-0.4977080789336226,-1.1597144158160013,-1.5365168994177585,-1.8943111144625395,-2.164666270075158,-0.6620063368823788,-1.038808820484136,-1.396603035528917,-1.6669581911415357,-0.3768024836017571,-0.7345966986465382,-1.0049518542591567,-0.35779421504478104,-0.6281493706573996,-0.2703551556126186
17,HF,Cable1,Mouse17_Cable1_HF_2026-03-23_11-29-16_DIFF_Ch2_minus_Ch3.npy,2026-03-23,diet,28.0,,37.0,measured,B,6450300.191780861,0.2104755565077673,4787538.896766188,0.3515555446365672,648447.440267238,0.1260112184132413,133765.8325767836,0.0523980417377556,42951.1373853736,0.0225098160166767,18528.39838107863,0.0098583979302387,547713.0484613756,6.809579926821345,6.680112315453399,5.811874780224296,5.126345197001993,4.632974668834344,4.267837879959914,-0.129467611367946,-0.9977051465970485,-1.6832347298193515,-2.1766052579870006,-2.5417420468614313,-0.8682375352291024,-1.5537671184514055,-2.0471376466190545,-2.4122744354934853,-0.6855295832223031,-1.178900111389952,-1.5440369002643828,-0.49337052816764887,-0.8585073170420797,-0.36513678887443085
17,HF,Cable1,Mouse17_Cable1_HF_2026-03-29_13-25-51_DIFF_Ch2_minus_Ch3.npy,2026-03-29,diet,34.0,,36.38,interpolated,A,1520539.0345156705,0.1449754159502005,782819.3800270299,0.170473226745319,526191.8024826575,0.3105431138926288,101716.51645704344,0.1178901342882162,37238.85262761767,0.0578445762748782,16779.716112640206,0.0264569231348836,185686.37852501663,6.181997573613436,5.893661568818633,5.721144077949079,5.007391478230082,4.570996291397092,4.224784608950561,-0.28833600479480354,-0.46085349566435735,-1.174606095383354,-1.6110012822163442,-1.9572129646628749,-0.1725174908695538,-0.8862700905885504,-1.3226652774215406,-1.6688769598680715,-0.7137525997189966,-1.1501477865519867,-1.4963594689985176,-0.4363951868329902,-0.7826068692795211,-0.3462116824465308
17,HF,Cable1,Mouse17_Cable1_HF_2026-03-31_12-09-43_DIFF_Ch2_minus_Ch3.npy,2026-03-31,recovery,,1.0,35.77,interpolated,C,14423007.599182114,0.2255263109529149,8919058.302052982,0.3055033857016195,1633620.8030200268,0.1498092957778944,336919.8517270214,0.0619190754855947,99045.09792580368,0.0243628765695885,42058.881692429066,0.0105029113040754,1165518.5203557585,7.159055832334259,6.950319002827744,6.21315125521497,5.527526600893563,4.995832985715487,4.623857721006891,-0.2087368295065154,-0.9459045771192892,-1.6315292314406955,-2.163222846618772,-2.5351981113273685,-0.7371677476127739,-1.4227924019341802,-1.9544860171122567,-2.326461281820853,-0.6856246543214063,-1.2173182694994829,-1.5892935342080792,-0.5316936151780765,-0.903668879886673,-0.3719752647085965
17,HF,Cable1,Mouse17_Cable1_HF_2026-04-02_13-13-00_DIFF_Ch2_minus_Ch3.npy,2026-04-02,recovery,,3.0,35.1,measured,D,13158157.184381966,0.2960483276738141,5866128.769160032,0.2875317678316059,1077634.5491875971,0.1412647238813152,212330.8931402352,0.05574098017137,55740.72643656684,0.0195792373149656,22901.43164953612,0.0081801639468353,825058.5904389977,7.119195070076214,6.768351592078191,6.032471506509474,5.32701318655531,4.746172624322328,4.35986263247347,-0.35084347799802257,-1.0867235635667403,-1.7921818835209036,-2.3730224457538864,-2.759332437602744,-0.7358800855687176,-1.441338405522881,-2.0221789677558637,-2.4084889596047216,-0.7054583199541634,-1.2862988821871462,-1.672608874036004,-0.5808405622329829,-0.9671505540818405,-0.38630999184885767
21,HF,Cable1,Mouse21_Cable1_HF_2026-03-03_14-13-44_DIFF_Ch2_minus_Ch3.npy,2026-03-03,diet,8.0,,33.03,interpolated,A,1766962.4271603688,0.0830108278365008,5589683.218774702,0.629680249985346,274045.88739363797,0.0774061905083508,59044.04266933376,0.0337644398672,23519.392937353055,0.017913594520765,6151.958537969934,0.0047737307129859,372123.5342684472,6.2472273147300745,6.747387196037328,5.43782328900026,4.771176085415203,4.371426107907494,3.7890133998116537,0.5001598813072539,-0.8094040257298143,-1.4760512293148713,-1.8758012068225802,-2.458213914918421,-1.3095639070370682,-1.9762111106221252,-2.3759610881298343,-2.9583737962256746,-0.6666472035850571,-1.0663971810927662,-1.6488098891886065,-0.3997499775077089,-0.9821626856035494,-0.5824127080958404
21,HF,Cable1,Mouse21_Cable1_HF_2026-03-08_13-00-59_DIFF_Ch2_minus_Ch3.npy,2026-03-08,diet,13.0,,33.03,interpolated,B,4389792.244320521,0.0600754350721177,16624463.658396635,0.5290326542392088,1499147.0060502773,0.1240100403689237,406533.4738879587,0.0672514847955652,128085.55542027517,0.0281225164343421,18202.970023408845,0.0040571879362489,1286944.3954802994,6.642443966875325,7.220747642910111,6.175844221764943,5.609096311126406,5.107500155857269,4.260142253894071,0.5783036760347869,-0.4665997451103815,-1.0333476557489194,-1.5349438110180558,-2.382301712981253,-1.0449034211451684,-1.6116513317837062,-2.1132474870528424,-2.96060538901604,-0.5667479106385378,-1.0683440659076742,-1.9157019678708715,-0.5015961552691364,-1.3489540572323335,-0.8473579019631973
21,HF,Cable1,Mouse21_Cable1_HF_2026-03-19_14-50-19_DIFF_Ch2_minus_Ch3.npy,2026-03-19,diet,24.0,,33.3,measured,A,4474770.343674557,0.4417078595262608,939924.1736592982,0.2012262236827389,214391.40831907236,0.1243596471219993,44653.36583740715,0.0514743713741232,12285.072221158578,0.0189068583785409,5530.928517091192,0.0086488540216661,194365.3943409752,6.650770751152659,5.973092819249027,5.331207377129026,4.64985420027988,4.089377713942551,3.742798045590218,-0.677677931903631,-1.3195633740236332,-2.0009165508727786,-2.5613930372101077,-2.9079727055624405,-0.6418854421200022,-1.3232386189691476,-1.8837151053064767,-2.2302947736588097,-0.6813531768491455,-1.2418296631864745,-1.5884093315388073,-0.560476486337329,-0.9070561546896618,-0.34657966835233284
21,HF,Cable1,Mouse21_Cable1_HF_2026-03-26_12-24-10_DIFF_Ch2_minus_Ch3.npy,2026-03-26,diet,31.0,,33.2,measured,C,1665884.147104533,0.1226848390110591,2132179.628550305,0.3655556933636557,349921.78097708814,0.1584375029369175,83724.60360357093,0.0758504195639902,18124.4045597984,0.0218911644142577,9084.6998186511,0.0111837342582287,235154.78088825248,6.221644795376465,6.328823789661286,5.543970976103236,4.922853100037652,4.258263747621424,3.958310581698296,0.10717899428482149,-0.6776738192732277,-1.298791695338813,-1.9633810477550409,-2.2633342136781684,-0.7848528135580493,-1.4059706896236344,-2.070560042039862,-2.37051320796299,-0.6211178760655851,-1.285707228481813,-1.5856603944049406,-0.664589352416228,-0.9645425183393556,-0.29995316592312754
21,HF,Cable1,Mouse21_Cable1_HF_2026-03-31_12-34-40_DIFF_Ch2_minus_Ch3.npy,2026-03-31,recovery,,1.0,32.43,interpolated,D,1719163.5477182595,0.1109001523749628,857986.0915200545,0.1236664485081515,813793.3115293351,0.3205584390995691,305507.1828353072,0.2401162880111761,43617.08439361287,0.0450939249672371,18304.53465158031,0.0192304049715032,275775.4504944732,6.235317194018608,5.933480247726268,5.91051411611712,5.485021425475682,4.639656631575434,4.262558692473505,-0.3018369462923393,-0.32480307790148777,-0.7502957685429256,-1.5956605624431741,-1.9727585015451028,-0.022966131609148434,-0.44845882225058625,-1.2938236161508347,-1.6709215552527634,-0.42549269064143785,-1.2708574845416865,-1.6479554236436151,-0.8453647939002485,-1.2224627330021773,-0.37709793910192874
21,HF,Cable1,Mouse21_Cable1_HF_2026-04-02_13-36-07_DIFF_Ch2_minus_Ch3.npy,2026-04-02,recovery,,3.0,31.5,measured,A,19901546.91885062,0.3287629527888815,5774442.502692678,0.2114965430613883,1904327.9902347308,0.1910671169129981,460257.1793119154,0.091183172893391,100450.59772619432,0.026502079504671,42227.30687471981,0.0113354168737794,1124152.261095815,7.2988868348122375,6.761510061344859,6.279741750813933,5.663000571562215,5.001952525339276,4.625593384367259,-0.5373767734673782,-1.019145083998304,-1.635886263250023,-2.2969343094729613,-2.6732934504449775,-0.4817683105309257,-1.0985094897826446,-1.759557536005583,-2.1359166769775992,-0.616741179251719,-1.2777892254746575,-1.6541483664466736,-0.6610480462229384,-1.0374071871949548,-0.3763591409720163
22,HF,Cable1,Mouse22_Cable1_HF_2026-02-19_12-28-09_DIFF_Ch1_minus_Ch4.npy,2026-02-19,baseline,,,31.0,baseline,B,2069512.246208293,0.0989841133908737,5162456.0622657575,0.5797551223706783,305576.8925618239,0.0871748375083445,67790.93449536359,0.03893693851224,26763.911504958865,0.0205105622978182,7370.417832059366,0.0057480289029719,370355.5056184041,6.315868000654609,6.712856368393904,5.485120510203664,4.831171620683044,4.427549585212341,3.8674921088921677,0.39698836773929486,-0.8307474904509446,-1.4846963799715647,-1.888318415442268,-2.4483758917624416,-1.2277358581902396,-1.8816847477108598,-2.285306783181563,-2.8453642595017365,-0.6539488895206201,-1.0575709249913237,-1.617628401311497,-0.4036220354707034,-0.9636795117908769,-0.5600574763201734
22,HF,Cable1,Mouse22_Cable1_HF_2026-03-05_12-08-47_DIFF_Ch1_minus_Ch4.npy,2026-03-05,diet,10.0,,32.0,measured,D,5835475.724792024,0.14305964606101,6458003.579518899,0.3615344219495564,1473764.7112733647,0.2184219272970261,231447.89482250783,0.0676810751550587,64681.624237916134,0.0252400541148136,18505.019462883258,0.0073338424144407,734456.8462873363,6.766076266761911,6.8100982814003865,6.168428153297687,5.364453234930338,4.810780917058536,4.2672895462059675,0.04402201463847493,-0.5976481134642241,-1.4016230318315728,-1.9552953497033754,-2.498786720555944,-0.6416701281026991,-1.4456450464700477,-1.9993173643418503,-2.542808735194419,-0.8039749183673487,-1.3576472362391512,-1.90113860709172,-0.5536723178718025,-1.0971636887243712,-0.5434913708525687
22,HF,Cable1,Mouse22_Cable1_HF_2026-03-10_14-11-08_DIFF_Ch1_minus_Ch4.npy,2026-03-10,diet,15.0,,29.77,interpolated,D,4498990.432640616,0.1607814584435468,5670576.729088252,0.4579000679890277,420557.5729449583,0.0896182972203427,125287.16133367512,0.0536687074958646,47301.71310112811,0.0269067813164726,16460.678692231082,0.0095433357035354,502777.8573829442,6.653115069614599,6.753627231295559,5.6238254576862925,5.097906569417013,4.674876869636212,4.2164477376936444,0.10051216168096067,-1.029289611928306,-1.5552085001975855,-1.9782381999783865,-2.436667331920954,-1.1298017736092667,-1.6557206618785463,-2.0787503616593472,-2.5371794936019145,-0.5259188882692795,-0.9489485880500803,-1.407377719992648,-0.42302969978080085,-0.8814588317233685,-0.4584291319425676
22,HF,Cable1,Mouse22_Cable1_HF_2026-03-27_10-00-03_DIFF_Ch1_minus_Ch4.npy,2026-03-27,diet,32.0,,29.38,interpolated,B,3864341.129266315,0.0764432975795064,13668309.732942885,0.6256620132226178,602767.4104305271,0.070389970082737,105756.13454811796,0.0248813859586949,48080.841569430224,0.0151024373962917,7212.431693377318,0.0023037060864553,899457.8471284432,6.587075457292809,7.135714811638566,5.7801497634621075,5.02430556870074,4.68197206061201,3.8580817131197973,0.5486393543457572,-0.806925693830702,-1.562769888592069,-1.9051033966807998,-2.728993744173012,-1.3555650481764592,-2.111409242937826,-2.453742751026557,-3.277633098518769,-0.7558441947613669,-1.0981777028500976,-1.92206805034231,-0.34233350808873075,-1.166223855580943,-0.8238903474922122
22,HF,Cable1,Mouse22_Cable1_HF_2026-03-29_14-23-37_DIFF_Ch1_minus_Ch4.npy,2026-03-29,diet,34.0,,29.72,interpolated,D,3165527.870758621,0.0618306395495037,13643832.471615538,0.612017258632584,680924.601386055,0.0793090020122631,96009.75108494464,0.0223481086933973,40431.00004213703,0.0125946192888151,6482.5824760641835,0.0020504381043978,906698.6250958968,6.500446141602045,7.1349363782009405,5.833099025253686,4.9823153437408605,4.606714483540216,3.8117480508824544,0.6344902365988954,-0.6673471163483595,-1.5181307978611847,-1.8937316580618295,-2.688698090719591,-1.3018373529472549,-2.15262103446008,-2.528221894660725,-3.3231883273184866,-0.850783681512825,-1.22638454171347,-2.0213509743712312,-0.375600860200645,-1.1705672928584063,-0.7949664326577613
22,HF,Cable1,Mouse22_Cable1_HF_2026-03-31_12-58-34_DIFF_Ch1_minus_Ch4.npy,2026-03-31,recovery,,1.0,29.9,interpolated,D,2947017.437743953,0.074340732516946,10843862.021178136,0.6363231205503954,484393.03939391376,0.0724602320418143,74905.92786925918,0.0226016948140961,29716.73912207072,0.0119663462164162,5666.150258488019,0.0023205533044553,702386.2499615799,6.469382705613607,7.035183982919681,5.685197893813431,4.874516188047111,4.473001151690549,3.7532880872276486,0.5658012773060739,-0.7841848118001756,-1.5948665175664958,-1.996381553923058,-2.7160946183859584,-1.3499860891062496,-2.1606677948725697,-2.5621828312291317,-3.281895895692032,-0.8106817057663201,-1.2121967421228823,-1.9319098065857825,-0.4015150363565621,-1.1212281008194624,-0.7197130644629003
22,HF,Cable1,Mouse22_Cable1_HF_2026-04-02_13-59-00_DIFF_Ch1_minus_Ch4.npy,2026-04-02,recovery,,3.0,29.9,measured,D,3537977.2066261456,0.0606959703906445,15558384.781254094,0.610704333948626,757635.710120478,0.0777353431292447,116011.95876647404,0.0237500763231646,53813.3411233521,0.0147353948075822,7884.685879144637,0.0021904354303156,1031632.178819626,6.548755030645955,7.191964508013578,5.879460436352629,5.06450275955964,4.730889957041643,3.8967843959944637,0.6432094773676235,-0.6692945942933266,-1.4842522710863155,-1.8178650736043127,-2.6519706346514917,-1.3125040716609502,-2.127461748453939,-2.461074550971936,-3.295180112019115,-0.8149576767929889,-1.148570479310986,-1.982676040358165,-0.33361280251799713,-1.167718363565176,-0.8341055610471789
23,HF,Cable1,Mouse23_Cable1_HF_2026-03-29_15-33-15_DIFF_Ch2_minus_Ch3.npy,2026-03-29,diet,34.0,,27.2,interpolated,C,507871.1136742014,0.2182236294844088,241027.20957012085,0.2524430917620051,78851.44769991047,0.218994330946827,15534.081239755938,0.0850006100473455,6556.192712887506,0.0479491007580189,3615.681392628762,0.0268765218731052,40628.09743273332,5.705753512043684,5.382066072861692,4.896809671315028,4.191285572087053,3.8166517107486095,3.558190154237099,-0.3236874391819921,-0.8089438407286564,-1.5144679399566312,-1.8891018012950747,-2.147563357806585,-0.4852564015466642,-1.190780500774639,-1.5654143621130825,-1.8238759186245932,-0.7055240992279749,-1.0801579605664182,-1.3386195170779287,-0.37463386133844345,-0.6330954178499539,-0.2584615565115105
23,HF,Cable1,Mouse23_Cable1_HF_2026-04-02_14-21-56_DIFF_Ch2_minus_Ch3.npy,2026-04-02,recovery,,3.0,26.9,measured,B,775343.5075349075,0.1778464783911648,350284.3326820114,0.1918395939786809,205105.2838442932,0.2982566534114704,35411.575678280875,0.1013943595901453,11567.414301443923,0.0442516046360199,6078.312919834052,0.0236537983019476,76449.25541320177,5.889494154603047,5.54442071287603,5.311976848641703,4.5491452516143065,4.063236290661852,3.7837830543913418,-0.345073441727017,-0.5775173059613443,-1.340348902988741,-1.826257863941195,-2.1057111002117055,-0.23244386423432728,-0.995275461261724,-1.4811844222141781,-1.7606376584846886,-0.7628315970273967,-1.2487405579798507,-1.5281937942503612,-0.4859089609524541,-0.7653621972229645,-0.27945323627051044
25,HF,Cable1,Mouse25_Cable1_HF_2026-02-21_13-15-00_DIFF_Ch2_minus_Ch3.npy,2026-02-21,baseline,,,32.2,baseline,B,5098013.128943818,0.2804715452715334,2784109.099416678,0.3400799177428391,301453.6186846409,0.0977759325821649,74688.5766753057,0.0487339609122447,29867.736500673713,0.0260945745292002,14539.522505879862,0.0129012591164045,333484.79826786066,6.7074009495758755,6.444686249741067,5.479220501554626,4.873254183257838,4.4752023112377035,4.162550144042506,-0.26271469983480883,-1.2281804480212495,-1.8341467663180373,-2.2321986383381716,-2.5448508055333696,-0.9654657481864407,-1.5714320664832284,-1.9694839385033627,-2.282136105698561,-0.6059663182967877,-1.004018190316922,-1.3166703575121201,-0.39805187202013437,-0.7107040392153323,-0.312652167195198
25,HF,Cable1,Mouse25_Cable1_HF_2026-03-23_12-06-54_DIFF_Ch2_minus_Ch3.npy,2026-03-23,diet,28.0,,33.1,measured,B,1239409.490963561,0.2830674075610812,571285.6479550323,0.2977198548874792,77435.43760106573,0.1068781252157078,24167.587860092935,0.0672690602299632,10554.18793590137,0.039272120356247,5046.925154190529,0.0190856652961596,79295.38122416325,6.093214817501348,5.75685331369432,4.888939756967541,4.3832333061243105,4.023424823287971,3.703026864202069,-0.3363615038070284,-1.2042750605338075,-1.7099815113770376,-2.0697899942133775,-2.390187953299279,-0.8679135567267791,-1.3736200075700091,-1.7334284904063488,-2.053826449492251,-0.50570645084323,-0.8655149336795698,-1.1859128927654716,-0.3598084828363398,-0.6802064419222417,-0.3203979590859019
25,HF,Cable1,Mouse25_Cable1_HF_2026-03-29_15-09-30_DIFF_Ch2_minus_Ch3.npy,2026-03-29,diet,34.0,,32.1,interpolated,D,754092.4919363216,0.3347656849360279,184520.76044731663,0.189385229909734,47648.140350266534,0.1323144567477946,18082.021351615884,0.1001567759999765,8062.355497962558,0.0595897656306732,4325.08075137918,0.0325022958306325,41064.9754738044,5.877424616790265,5.26604523575518,4.67804595531269,4.257246977731366,3.9064619438293864,3.6359942203675373,-0.6113793810350847,-1.199378661477574,-1.6201776390588982,-1.9709626729608787,-2.241430396422728,-0.5879992804424895,-1.0087982580238137,-1.359583291925794,-1.6300510153876429,-0.4207989775813242,-0.7715840114833046,-1.0420517349451535,-0.3507850339019804,-0.6212527573638293,-0.2704677234618489
25,HF,Cable1,Mouse25_Cable1_HF_2026-03-31_13-36-44_DIFF_Ch2_minus_Ch3.npy,2026-03-31,recovery,,1.0,31.47,interpolated,A,9913218.946694974,0.1845511053078613,6765166.625360467,0.2763595358028042,1762749.4757117024,0.1920590393710011,400643.97798515926,0.0874960083921665,79809.55162991855,0.0232617734128363,26542.488565010262,0.0078851567522954,977882.3175863636,6.996214698258561,6.830278497693941,6.246190594178438,5.602758619315989,4.90205487094881,4.4239416389272455,-0.1659362005646201,-0.7500241040801225,-1.3934560789425714,-2.0941598273097513,-2.572273059331315,-0.5840879035155024,-1.2275198783779513,-1.928223626745131,-2.406336858766695,-0.6434319748624489,-1.3441357232296285,-1.8222489552511927,-0.7007037483671797,-1.1788169803887438,-0.478113232021564
25,HF,Cable1,Mouse25_Cable1_HF_2026-04-02_14-33-12_DIFF_Ch2_minus_Ch3.npy,2026-04-02,recovery,,3.0,30.4,measured,B,4146176.366150336,0.146989098489552,3873831.941766724,0.3062056645601521,1002202.881988788,0.2100384735869616,250022.9834031404,0.1048356701690022,50244.693346514585,0.0281115876375933,16151.501453193663,0.009204325933748,506229.8929580578,6.61764777176093,6.588140775818684,6.0009556472889445,5.3979799330975045,4.7010901999825565,4.208212900817423,-0.029506995942246227,-0.6166921244719856,-1.2196678386634257,-1.9165575717783738,-2.409434870943507,-0.5871851285297394,-1.1901608427211794,-1.8870505758361276,-2.3799278750012607,-0.60297571419144,-1.2998654473063882,-1.7927427464715213,-0.6968897331149481,-1.1897670322800813,-0.49287729916513323
