mouse,group,cable,filename,file_path
2,CTRL,Cable1,Mouse2_Cable1-2026-02-13_12-38-35.eeg,/Users/amanlizahra/Desktop/Cable1_CTRL/Mouse2_Cable1-2026-02-13_12-38-35.eeg
2,CTRL,Cable1,Mouse2_Cable1-2026-03-04_11-03-06.eeg,/Users/amanlizahra/Desktop/Cable1_CTRL/Mouse2_Cable1-2026-03-04_11-03-06.eeg
2,CTRL,Cable1,Mouse2_Cable1-2026-03-09_11-20-55.eeg,/Users/amanlizahra/Desktop/Cable1_CTRL/Mouse2_Cable1-2026-03-09_11-20-55.eeg
2,CTRL,Cable1,Mouse2_Cable1-2026-03-14_11-15-50.eeg,/Users/amanlizahra/Desktop/Cable1_CTRL/Mouse2_Cable1-2026-03-14_11-15-50.eeg
2,CTRL,Cable1,Mouse2_Cable1-2026-03-19_16-25-11.eeg,/Users/amanlizahra/Desktop/Cable1_CTRL/Mouse2_Cable1-2026-03-19_16-25-11.eeg
2,CTRL,Cable1,Mouse2_Cable1-2026-03-27_10-36-46.eeg,/Users/amanlizahra/Desktop/Cable1_CTRL/Mouse2_Cable1-2026-03-27_10-36-46.eeg
2,CTRL,Cable1,Mouse2_Cable1-2026-04-01_10-31-21.eeg,/Users/amanlizahra/Desktop/Cable1_CTRL/Mouse2_Cable1-2026-04-01_10-31-21.eeg
2,CTRL,Cable1,Mouse2_Cable1-2026-04-03_10-12-45.eeg,/Users/amanlizahra/Desktop/Cable1_CTRL/Mouse2_Cable1-2026-04-03_10-12-45.eeg
2,CTRL,Cable1,Mouse2_Cable1-2026-04-10_17-21-53.eeg,/Users/amanlizahra/Desktop/Cable1_CTRL/Mouse2_Cable1-2026-04-10_17-21-53.eeg
2,CTRL,Cable1,Mouse2_Cable1-2026-04-17_11-37-34.eeg,/Users/amanlizahra/Desktop/Cable1_CTRL/Mouse2_Cable1-2026-04-17_11-37-34.eeg
2,CTRL,Cable1,Mouse2_Cable1_2026-03-30_10-02-35.eeg,/Users/amanlizahra/Desktop/Cable1_CTRL/Mouse2_Cable1_2026-03-30_10-02-35.eeg
5,CTRL,Cable1,Mouse5_Cable1-2026-02-13_09-14-09.eeg,/Users/amanlizahra/Desktop/Cable1_CTRL/Mouse5_Cable1-2026-02-13_09-14-09.eeg
5,CTRL,Cable1,Mouse5_Cable1-2026-03-06_11-12-15.eeg,/Users/amanlizahra/Desktop/Cable1_CTRL/Mouse5_Cable1-2026-03-06_11-12-15.eeg
5,CTRL,Cable1,Mouse5_Cable1-2026-03-11_11-11-07.eeg,/Users/amanlizahra/Desktop/Cable1_CTRL/Mouse5_Cable1-2026-03-11_11-11-07.eeg
5,CTRL,Cable1,Mouse5_Cable1-2026-03-17_10-31-53.eeg,/Users/amanlizahra/Desktop/Cable1_CTRL/Mouse5_Cable1-2026-03-17_10-31-53.eeg
5,CTRL,Cable1,Mouse5_Cable1-2026-03-24_12-38-34.eeg,/Users/amanlizahra/Desktop/Cable1_CTRL/Mouse5_Cable1-2026-03-24_12-38-34.eeg
5,CTRL,Cable1,Mouse5_Cable1-2026-04-01_10-55-04.eeg,/Users/amanlizahra/Desktop/Cable1_CTRL/Mouse5_Cable1-2026-04-01_10-55-04.eeg
5,CTRL,Cable1,Mouse5_Cable1-2026-04-03_10-36-06.eeg,/Users/amanlizahra/Desktop/Cable1_CTRL/Mouse5_Cable1-2026-04-03_10-36-06.eeg
5,CTRL,Cable1,Mouse5_Cable1-2026-04-10_17-46-23.eeg,/Users/amanlizahra/Desktop/Cable1_CTRL/Mouse5_Cable1-2026-04-10_17-46-23.eeg
5,CTRL,Cable1,Mouse5_Cable1-2026-04-17_12-03-59.eeg,/Users/amanlizahra/Desktop/Cable1_CTRL/Mouse5_Cable1-2026-04-17_12-03-59.eeg
5,CTRL,Cable1,Mouse5_Cable1_2026-03-30_10-27-44.eeg,/Users/amanlizahra/Desktop/Cable1_CTRL/Mouse5_Cable1_2026-03-30_10-27-44.eeg
7,CTRL,Cable1,Mouse7_Cable1-2026-02-12_13-00-21.eeg,/Users/amanlizahra/Desktop/Cable1_CTRL/Mouse7_Cable1-2026-02-12_13-00-21.eeg
7,CTRL,Cable1,Mouse7_Cable1-2026-03-04_11-40-58.eeg,/Users/amanlizahra/Desktop/Cable1_CTRL/Mouse7_Cable1-2026-03-04_11-40-58.eeg
7,CTRL,Cable1,Mouse7_Cable1-2026-03-09_11-59-34.eeg,/Users/amanlizahra/Desktop/Cable1_CTRL/Mouse7_Cable1-2026-03-09_11-59-34.eeg
7,CTRL,Cable1,Mouse7_Cable1-2026-03-14_11-51-43.eeg,/Users/amanlizahra/Desktop/Cable1_CTRL/Mouse7_Cable1-2026-03-14_11-51-43.eeg
7,CTRL,Cable1,Mouse7_Cable1-2026-03-19_17-01-34.eeg,/Users/amanlizahra/Desktop/Cable1_CTRL/Mouse7_Cable1-2026-03-19_17-01-34.eeg
7,CTRL,Cable1,Mouse7_Cable1-2026-03-27_11-12-28.eeg,/Users/amanlizahra/Desktop/Cable1_CTRL/Mouse7_Cable1-2026-03-27_11-12-28.eeg
7,CTRL,Cable1,Mouse7_Cable1-2026-04-01_11-18-33.eeg,/Users/amanlizahra/Desktop/Cable1_CTRL/Mouse7_Cable1-2026-04-01_11-18-33.eeg
7,CTRL,Cable1,Mouse7_Cable1-2026-04-03_10-59-24.eeg,/Users/amanlizahra/Desktop/Cable1_CTRL/Mouse7_Cable1-2026-04-03_10-59-24.eeg
7,CTRL,Cable1,Mouse7_Cable1-2026-04-10_18-09-01.eeg,/Users/amanlizahra/Desktop/Cable1_CTRL/Mouse7_Cable1-2026-04-10_18-09-01.eeg
7,CTRL,Cable1,Mouse7_Cable1-2026-04-17_12-27-40.eeg,/Users/amanlizahra/Desktop/Cable1_CTRL/Mouse7_Cable1-2026-04-17_12-27-40.eeg
7,CTRL,Cable1,Mouse7_Cable1_2026-03-30_10-51-09.eeg,/Users/amanlizahra/Desktop/Cable1_CTRL/Mouse7_Cable1_2026-03-30_10-51-09.eeg
8,CTRL,Cable1,Mouse8_Cable1-2026-02-12_15-20-10.eeg,/Users/amanlizahra/Desktop/Cable1_CTRL/Mouse8_Cable1-2026-02-12_15-20-10.eeg
8,CTRL,Cable1,Mouse8_Cable1-2026-03-06_11-51-01.eeg,/Users/amanlizahra/Desktop/Cable1_CTRL/Mouse8_Cable1-2026-03-06_11-51-01.eeg
8,CTRL,Cable1,Mouse8_Cable1-2026-03-11_11-51-53.eeg,/Users/amanlizahra/Desktop/Cable1_CTRL/Mouse8_Cable1-2026-03-11_11-51-53.eeg
8,CTRL,Cable1,Mouse8_Cable1-2026-03-17_11-09-26.eeg,/Users/amanlizahra/Desktop/Cable1_CTRL/Mouse8_Cable1-2026-03-17_11-09-26.eeg
8,CTRL,Cable1,Mouse8_Cable1-2026-03-24_13-14-52.eeg,/Users/amanlizahra/Desktop/Cable1_CTRL/Mouse8_Cable1-2026-03-24_13-14-52.eeg
8,CTRL,Cable1,Mouse8_Cable1-2026-04-01_11-42-11.eeg,/Users/amanlizahra/Desktop/Cable1_CTRL/Mouse8_Cable1-2026-04-01_11-42-11.eeg
8,CTRL,Cable1,Mouse8_Cable1-2026-04-03_11-23-15.eeg,/Users/amanlizahra/Desktop/Cable1_CTRL/Mouse8_Cable1-2026-04-03_11-23-15.eeg
8,CTRL,Cable1,Mouse8_Cable1-2026-04-10_18-39-02.eeg,/Users/amanlizahra/Desktop/Cable1_CTRL/Mouse8_Cable1-2026-04-10_18-39-02.eeg
8,CTRL,Cable1,Mouse8_Cable1-2026-04-17_12-58-34.eeg,/Users/amanlizahra/Desktop/Cable1_CTRL/Mouse8_Cable1-2026-04-17_12-58-34.eeg
8,CTRL,Cable1,Mouse8_Cable1_2026-03-30_11-14-35.eeg,/Users/amanlizahra/Desktop/Cable1_CTRL/Mouse8_Cable1_2026-03-30_11-14-35.eeg
13,CTRL,Cable1,Mouse13_Cable1-2026-02-19_11-46-09.eeg,/Users/amanlizahra/Desktop/Cable1_CTRL/Mouse13_Cable1-2026-02-19_11-46-09.eeg
13,CTRL,Cable1,Mouse13_Cable1-2026-03-04_12-19-35.eeg,/Users/amanlizahra/Desktop/Cable1_CTRL/Mouse13_Cable1-2026-03-04_12-19-35.eeg
13,CTRL,Cable1,Mouse13_Cable1-2026-03-09_12-34-46.eeg,/Users/amanlizahra/Desktop/Cable1_CTRL/Mouse13_Cable1-2026-03-09_12-34-46.eeg
13,CTRL,Cable1,Mouse13_Cable1-2026-03-14_12-26-46.eeg,/Users/amanlizahra/Desktop/Cable1_CTRL/Mouse13_Cable1-2026-03-14_12-26-46.eeg
13,CTRL,Cable1,Mouse13_Cable1-2026-03-17_11-45-07.eeg,/Users/amanlizahra/Desktop/Cable1_CTRL/Mouse13_Cable1-2026-03-17_11-45-07.eeg
13,CTRL,Cable1,Mouse13_Cable1-2026-03-27_11-54-52.eeg,/Users/amanlizahra/Desktop/Cable1_CTRL/Mouse13_Cable1-2026-03-27_11-54-52.eeg
13,CTRL,Cable1,Mouse13_Cable1-2026-04-01_12-05-44.eeg,/Users/amanlizahra/Desktop/Cable1_CTRL/Mouse13_Cable1-2026-04-01_12-05-44.eeg
13,CTRL,Cable1,Mouse13_Cable1-2026-04-03_11-46-04.eeg,/Users/amanlizahra/Desktop/Cable1_CTRL/Mouse13_Cable1-2026-04-03_11-46-04.eeg
13,CTRL,Cable1,Mouse13_Cable1-2026-04-10_19-03-30.eeg,/Users/amanlizahra/Desktop/Cable1_CTRL/Mouse13_Cable1-2026-04-10_19-03-30.eeg
13,CTRL,Cable1,Mouse13_Cable1-2026-04-17_13-22-23.eeg,/Users/amanlizahra/Desktop/Cable1_CTRL/Mouse13_Cable1-2026-04-17_13-22-23.eeg
13,CTRL,Cable1,Mouse13_Cable1_2026-03-30_11-38-49.eeg,/Users/amanlizahra/Desktop/Cable1_CTRL/Mouse13_Cable1_2026-03-30_11-38-49.eeg
18,CTRL,Cable1,Mouse18_Cable1-2026-02-21_11-53-58.eeg,/Users/amanlizahra/Desktop/Cable1_CTRL/Mouse18_Cable1-2026-02-21_11-53-58.eeg
18,CTRL,Cable1,Mouse18_Cable1-2026-03-06_12-29-54.eeg,/Users/amanlizahra/Desktop/Cable1_CTRL/Mouse18_Cable1-2026-03-06_12-29-54.eeg
18,CTRL,Cable1,Mouse18_Cable1-2026-03-11_12-32-08.eeg,/Users/amanlizahra/Desktop/Cable1_CTRL/Mouse18_Cable1-2026-03-11_12-32-08.eeg
18,CTRL,Cable1,Mouse18_Cable1-2026-03-19_17-37-41.eeg,/Users/amanlizahra/Desktop/Cable1_CTRL/Mouse18_Cable1-2026-03-19_17-37-41.eeg
18,CTRL,Cable1,Mouse18_Cable1-2026-03-24_13-50-15.eeg,/Users/amanlizahra/Desktop/Cable1_CTRL/Mouse18_Cable1-2026-03-24_13-50-15.eeg
18,CTRL,Cable1,Mouse18_Cable1-2026-04-01_12-28-44.eeg,/Users/amanlizahra/Desktop/Cable1_CTRL/Mouse18_Cable1-2026-04-01_12-28-44.eeg
18,CTRL,Cable1,Mouse18_Cable1-2026-04-03_12-09-31.eeg,/Users/amanlizahra/Desktop/Cable1_CTRL/Mouse18_Cable1-2026-04-03_12-09-31.eeg
18,CTRL,Cable1,Mouse18_Cable1-2026-04-10_19-28-09.eeg,/Users/amanlizahra/Desktop/Cable1_CTRL/Mouse18_Cable1-2026-04-10_19-28-09.eeg
18,CTRL,Cable1,Mouse18_Cable1-2026-04-17_13-46-23.eeg,/Users/amanlizahra/Desktop/Cable1_CTRL/Mouse18_Cable1-2026-04-17_13-46-23.eeg
18,CTRL,Cable1,Mouse18_Cable1_2026-03-30_12-01-38.eeg,/Users/amanlizahra/Desktop/Cable1_CTRL/Mouse18_Cable1_2026-03-30_12-01-38.eeg
19,CTRL,Cable1,Mouse19_Cable1-2026-02-21_13-53-25.eeg,/Users/amanlizahra/Desktop/Cable1_CTRL/Mouse19_Cable1-2026-02-21_13-53-25.eeg
19,CTRL,Cable1,Mouse19_Cable1-2026-03-04_12-59-01.eeg,/Users/amanlizahra/Desktop/Cable1_CTRL/Mouse19_Cable1-2026-03-04_12-59-01.eeg
19,CTRL,Cable1,Mouse19_Cable1-2026-03-09_13-11-23.eeg,/Users/amanlizahra/Desktop/Cable1_CTRL/Mouse19_Cable1-2026-03-09_13-11-23.eeg
19,CTRL,Cable1,Mouse19_Cable1-2026-03-14_13-02-22.eeg,/Users/amanlizahra/Desktop/Cable1_CTRL/Mouse19_Cable1-2026-03-14_13-02-22.eeg
19,CTRL,Cable1,Mouse19_Cable1-2026-03-19_19-00-58.eeg,/Users/amanlizahra/Desktop/Cable1_CTRL/Mouse19_Cable1-2026-03-19_19-00-58.eeg
19,CTRL,Cable1,Mouse19_Cable1-2026-03-27_12-30-35.eeg,/Users/amanlizahra/Desktop/Cable1_CTRL/Mouse19_Cable1-2026-03-27_12-30-35.eeg
19,CTRL,Cable1,Mouse19_Cable1-2026-04-01_12-52-41.eeg,/Users/amanlizahra/Desktop/Cable1_CTRL/Mouse19_Cable1-2026-04-01_12-52-41.eeg
19,CTRL,Cable1,Mouse19_Cable1-2026-04-03_12-34-24.eeg,/Users/amanlizahra/Desktop/Cable1_CTRL/Mouse19_Cable1-2026-04-03_12-34-24.eeg
19,CTRL,Cable1,Mouse19_Cable1-2026-04-10_19-53-31.eeg,/Users/amanlizahra/Desktop/Cable1_CTRL/Mouse19_Cable1-2026-04-10_19-53-31.eeg
19,CTRL,Cable1,Mouse19_Cable1-2026-04-17_14-11-31.eeg,/Users/amanlizahra/Desktop/Cable1_CTRL/Mouse19_Cable1-2026-04-17_14-11-31.eeg
19,CTRL,Cable1,Mouse19_Cable1_2026-03-30_12-31-14.eeg,/Users/amanlizahra/Desktop/Cable1_CTRL/Mouse19_Cable1_2026-03-30_12-31-14.eeg
24,CTRL,Cable1,Mouse24_Cable1-2026-02-13_11-13-08.eeg,/Users/amanlizahra/Desktop/Cable1_CTRL/Mouse24_Cable1-2026-02-13_11-13-08.eeg
24,CTRL,Cable1,Mouse24_Cable1-2026-03-06_13-06-06.eeg,/Users/amanlizahra/Desktop/Cable1_CTRL/Mouse24_Cable1-2026-03-06_13-06-06.eeg
24,CTRL,Cable1,Mouse24_Cable1-2026-03-11_13-10-18.eeg,/Users/amanlizahra/Desktop/Cable1_CTRL/Mouse24_Cable1-2026-03-11_13-10-18.eeg
24,CTRL,Cable1,Mouse24_Cable1-2026-03-17_12-19-55.eeg,/Users/amanlizahra/Desktop/Cable1_CTRL/Mouse24_Cable1-2026-03-17_12-19-55.eeg
24,CTRL,Cable1,Mouse24_Cable1-2026-03-24_14-29-11.eeg,/Users/amanlizahra/Desktop/Cable1_CTRL/Mouse24_Cable1-2026-03-24_14-29-11.eeg
24,CTRL,Cable1,Mouse24_Cable1-2026-04-01_13-17-43.eeg,/Users/amanlizahra/Desktop/Cable1_CTRL/Mouse24_Cable1-2026-04-01_13-17-43.eeg
24,CTRL,Cable1,Mouse24_Cable1-2026-04-03_12-58-08.eeg,/Users/amanlizahra/Desktop/Cable1_CTRL/Mouse24_Cable1-2026-04-03_12-58-08.eeg
24,CTRL,Cable1,Mouse24_Cable1-2026-04-10_20-16-51.eeg,/Users/amanlizahra/Desktop/Cable1_CTRL/Mouse24_Cable1-2026-04-10_20-16-51.eeg
24,CTRL,Cable1,Mouse24_Cable1-2026-04-17_14-35-35.eeg,/Users/amanlizahra/Desktop/Cable1_CTRL/Mouse24_Cable1-2026-04-17_14-35-35.eeg
24,CTRL,Cable1,Mouse24_Cable1_2026-03-30_12-54-24.eeg,/Users/amanlizahra/Desktop/Cable1_CTRL/Mouse24_Cable1_2026-03-30_12-54-24.eeg
26,CTRL,Cable1,Mouse26_Cable1-2026-02-21_14-36-19.eeg,/Users/amanlizahra/Desktop/Cable1_CTRL/Mouse26_Cable1-2026-02-21_14-36-19.eeg
26,CTRL,Cable1,Mouse26_Cable1-2026-03-04_13-38-17.eeg,/Users/amanlizahra/Desktop/Cable1_CTRL/Mouse26_Cable1-2026-03-04_13-38-17.eeg
26,CTRL,Cable1,Mouse26_Cable1-2026-03-09_13-51-01.eeg,/Users/amanlizahra/Desktop/Cable1_CTRL/Mouse26_Cable1-2026-03-09_13-51-01.eeg
26,CTRL,Cable1,Mouse26_Cable1-2026-03-14_13-38-05.eeg,/Users/amanlizahra/Desktop/Cable1_CTRL/Mouse26_Cable1-2026-03-14_13-38-05.eeg
26,CTRL,Cable1,Mouse26_Cable1-2026-03-19_15-33-40.eeg,/Users/amanlizahra/Desktop/Cable1_CTRL/Mouse26_Cable1-2026-03-19_15-33-40.eeg
26,CTRL,Cable1,Mouse26_Cable1-2026-03-24_15-03-43.eeg,/Users/amanlizahra/Desktop/Cable1_CTRL/Mouse26_Cable1-2026-03-24_15-03-43.eeg
26,CTRL,Cable1,Mouse26_Cable1-2026-04-01_13-41-00.eeg,/Users/amanlizahra/Desktop/Cable1_CTRL/Mouse26_Cable1-2026-04-01_13-41-00.eeg
26,CTRL,Cable1,Mouse26_Cable1-2026-04-03_13-21-30.eeg,/Users/amanlizahra/Desktop/Cable1_CTRL/Mouse26_Cable1-2026-04-03_13-21-30.eeg
26,CTRL,Cable1,Mouse26_Cable1-2026-04-10_20-40-05.eeg,/Users/amanlizahra/Desktop/Cable1_CTRL/Mouse26_Cable1-2026-04-10_20-40-05.eeg
26,CTRL,Cable1,Mouse26_Cable1-2026-04-17_14-58-58.eeg,/Users/amanlizahra/Desktop/Cable1_CTRL/Mouse26_Cable1-2026-04-17_14-58-58.eeg
26,CTRL,Cable1,Mouse26_Cable1_2026-03-30_13-16-59.eeg,/Users/amanlizahra/Desktop/Cable1_CTRL/Mouse26_Cable1_2026-03-30_13-16-59.eeg
1,HF,Cable1,Mouse1_Cable1-2026-02-12_11-37-15.eeg,/Users/amanlizahra/Desktop/Cable1_HF/Mouse1_Cable1-2026-02-12_11-37-15.eeg
1,HF,Cable1,Mouse1_Cable1-2026-02-21_12-36-13.eeg,/Users/amanlizahra/Desktop/Cable1_HF/Mouse1_Cable1-2026-02-21_12-36-13.eeg
1,HF,Cable1,Mouse1_Cable1-2026-03-03_12-16-25.eeg,/Users/amanlizahra/Desktop/Cable1_HF/Mouse1_Cable1-2026-03-03_12-16-25.eeg
1,HF,Cable1,Mouse1_Cable1-2026-03-08_11-08-40.eeg,/Users/amanlizahra/Desktop/Cable1_HF/Mouse1_Cable1-2026-03-08_11-08-40.eeg
1,HF,Cable1,Mouse1_Cable1-2026-03-13_12-37-21.eeg,/Users/amanlizahra/Desktop/Cable1_HF/Mouse1_Cable1-2026-03-13_12-37-21.eeg
1,HF,Cable1,Mouse1_Cable1-2026-03-19_12-55-20.eeg,/Users/amanlizahra/Desktop/Cable1_HF/Mouse1_Cable1-2026-03-19_12-55-20.eeg
1,HF,Cable1,Mouse1_Cable1-2026-03-26_11-06-11.eeg,/Users/amanlizahra/Desktop/Cable1_HF/Mouse1_Cable1-2026-03-26_11-06-11.eeg
1,HF,Cable1,Mouse1_Cable1-2026-03-31_10-10-35.eeg,/Users/amanlizahra/Desktop/Cable1_HF/Mouse1_Cable1-2026-03-31_10-10-35.eeg
1,HF,Cable1,Mouse1_Cable1-2026-04-02_11-07-38.eeg,/Users/amanlizahra/Desktop/Cable1_HF/Mouse1_Cable1-2026-04-02_11-07-38.eeg
1,HF,Cable1,Mouse1_Cable1-2026-04-10_11-27-01.eeg,/Users/amanlizahra/Desktop/Cable1_HF/Mouse1_Cable1-2026-04-10_11-27-01.eeg
1,HF,Cable1,Mouse1_Cable1-2026-04-16_11-11-23.eeg,/Users/amanlizahra/Desktop/Cable1_HF/Mouse1_Cable1-2026-04-16_11-11-23.eeg
4,HF,Cable1,Mouse4_Cable1-2026-02-12_10-41-22.eeg,/Users/amanlizahra/Desktop/Cable1_HF/Mouse4_Cable1-2026-02-12_10-41-22.eeg
4,HF,Cable1,Mouse4_Cable1-2026-03-05_10-11-36.eeg,/Users/amanlizahra/Desktop/Cable1_HF/Mouse4_Cable1-2026-03-05_10-11-36.eeg
4,HF,Cable1,Mouse4_Cable1-2026-03-10_11-57-39.eeg,/Users/amanlizahra/Desktop/Cable1_HF/Mouse4_Cable1-2026-03-10_11-57-39.eeg
4,HF,Cable1,Mouse4_Cable1-2026-03-16_10-06-17.eeg,/Users/amanlizahra/Desktop/Cable1_HF/Mouse4_Cable1-2026-03-16_10-06-17.eeg
4,HF,Cable1,Mouse4_Cable1-2026-03-23_10-13-09.eeg,/Users/amanlizahra/Desktop/Cable1_HF/Mouse4_Cable1-2026-03-23_10-13-09.eeg
4,HF,Cable1,Mouse4_Cable1-2026-03-29_11-58-50.eeg,/Users/amanlizahra/Desktop/Cable1_HF/Mouse4_Cable1-2026-03-29_11-58-50.eeg
4,HF,Cable1,Mouse4_Cable1-2026-03-31_10-34-19.eeg,/Users/amanlizahra/Desktop/Cable1_HF/Mouse4_Cable1-2026-03-31_10-34-19.eeg
4,HF,Cable1,Mouse4_Cable1-2026-04-02_11-35-16.eeg,/Users/amanlizahra/Desktop/Cable1_HF/Mouse4_Cable1-2026-04-02_11-35-16.eeg
4,HF,Cable1,Mouse4_Cable1-2026-04-10_12-02-02.eeg,/Users/amanlizahra/Desktop/Cable1_HF/Mouse4_Cable1-2026-04-10_12-02-02.eeg
4,HF,Cable1,Mouse4_Cable1-2026-04-16_11-52-30.eeg,/Users/amanlizahra/Desktop/Cable1_HF/Mouse4_Cable1-2026-04-16_11-52-30.eeg
9,HF,Cable1,Mouse9_Cable1-2026-02-19_10-00-27.eeg,/Users/amanlizahra/Desktop/Cable1_HF/Mouse9_Cable1-2026-02-19_10-00-27.eeg
9,HF,Cable1,Mouse9_Cable1-2026-03-03_12-57-35.eeg,/Users/amanlizahra/Desktop/Cable1_HF/Mouse9_Cable1-2026-03-03_12-57-35.eeg
9,HF,Cable1,Mouse9_Cable1-2026-03-08_11-46-38.eeg,/Users/amanlizahra/Desktop/Cable1_HF/Mouse9_Cable1-2026-03-08_11-46-38.eeg
9,HF,Cable1,Mouse9_Cable1-2026-03-13_13-13-55.eeg,/Users/amanlizahra/Desktop/Cable1_HF/Mouse9_Cable1-2026-03-13_13-13-55.eeg
9,HF,Cable1,Mouse9_Cable1-2026-03-19_13-32-07.eeg,/Users/amanlizahra/Desktop/Cable1_HF/Mouse9_Cable1-2026-03-19_13-32-07.eeg
9,HF,Cable1,Mouse9_Cable1-2026-03-29_13-02-32.eeg,/Users/amanlizahra/Desktop/Cable1_HF/Mouse9_Cable1-2026-03-29_13-02-32.eeg
9,HF,Cable1,Mouse9_Cable1-2026-03-31_10-58-10.eeg,/Users/amanlizahra/Desktop/Cable1_HF/Mouse9_Cable1-2026-03-31_10-58-10.eeg
9,HF,Cable1,Mouse9_Cable1-2026-04-02_11-58-35.eeg,/Users/amanlizahra/Desktop/Cable1_HF/Mouse9_Cable1-2026-04-02_11-58-35.eeg
9,HF,Cable1,Mouse9_Cable1-2026-04-10_12-27-24.eeg,/Users/amanlizahra/Desktop/Cable1_HF/Mouse9_Cable1-2026-04-10_12-27-24.eeg
9,HF,Cable1,Mouse9_Cable1-2026-04-16_12-17-00.eeg,/Users/amanlizahra/Desktop/Cable1_HF/Mouse9_Cable1-2026-04-16_12-17-00.eeg
10,HF,Cable1,Mouse10_Cable1-2026-02-13_11-56-28.eeg,/Users/amanlizahra/Desktop/Cable1_HF/Mouse10_Cable1-2026-02-13_11-56-28.eeg
10,HF,Cable1,Mouse10_Cable1-2026-03-05_10-50-49.eeg,/Users/amanlizahra/Desktop/Cable1_HF/Mouse10_Cable1-2026-03-05_10-50-49.eeg
10,HF,Cable1,Mouse10_Cable1-2026-03-10_12-49-22.eeg,/Users/amanlizahra/Desktop/Cable1_HF/Mouse10_Cable1-2026-03-10_12-49-22.eeg
10,HF,Cable1,Mouse10_Cable1-2026-03-16_10-44-00.eeg,/Users/amanlizahra/Desktop/Cable1_HF/Mouse10_Cable1-2026-03-16_10-44-00.eeg
10,HF,Cable1,Mouse10_Cable1-2026-03-23_10-51-51.eeg,/Users/amanlizahra/Desktop/Cable1_HF/Mouse10_Cable1-2026-03-23_10-51-51.eeg
10,HF,Cable1,Mouse10_Cable1-2026-03-29_12-39-17.eeg,/Users/amanlizahra/Desktop/Cable1_HF/Mouse10_Cable1-2026-03-29_12-39-17.eeg
10,HF,Cable1,Mouse10_Cable1-2026-03-31_11-21-55.eeg,/Users/amanlizahra/Desktop/Cable1_HF/Mouse10_Cable1-2026-03-31_11-21-55.eeg
10,HF,Cable1,Mouse10_Cable1-2026-04-02_12-22-42.eeg,/Users/amanlizahra/Desktop/Cable1_HF/Mouse10_Cable1-2026-04-02_12-22-42.eeg
10,HF,Cable1,Mouse10_Cable1-2026-04-10_12-53-12.eeg,/Users/amanlizahra/Desktop/Cable1_HF/Mouse10_Cable1-2026-04-10_12-53-12.eeg
10,HF,Cable1,Mouse10_Cable1-2026-04-16_12-40-12.eeg,/Users/amanlizahra/Desktop/Cable1_HF/Mouse10_Cable1-2026-04-16_12-40-12.eeg
14,HF,Cable1,Mouse14_Cable1-2026-02-12_14-36-02.eeg,/Users/amanlizahra/Desktop/Cable1_HF/Mouse14_Cable1-2026-02-12_14-36-02.eeg
14,HF,Cable1,Mouse14_Cable1-2026-03-03_13-37-05.eeg,/Users/amanlizahra/Desktop/Cable1_HF/Mouse14_Cable1-2026-03-03_13-37-05.eeg
14,HF,Cable1,Mouse14_Cable1-2026-03-08_12-26-39.eeg,/Users/amanlizahra/Desktop/Cable1_HF/Mouse14_Cable1-2026-03-08_12-26-39.eeg
14,HF,Cable1,Mouse14_Cable1-2026-03-13_13-50-04.eeg,/Users/amanlizahra/Desktop/Cable1_HF/Mouse14_Cable1-2026-03-13_13-50-04.eeg
14,HF,Cable1,Mouse14_Cable1-2026-03-19_14-09-18.eeg,/Users/amanlizahra/Desktop/Cable1_HF/Mouse14_Cable1-2026-03-19_14-09-18.eeg
14,HF,Cable1,Mouse14_Cable1-2026-03-26_11-43-11.eeg,/Users/amanlizahra/Desktop/Cable1_HF/Mouse14_Cable1-2026-03-26_11-43-11.eeg
14,HF,Cable1,Mouse14_Cable1-2026-03-29_13-48-59.eeg,/Users/amanlizahra/Desktop/Cable1_HF/Mouse14_Cable1-2026-03-29_13-48-59.eeg
14,HF,Cable1,Mouse14_Cable1-2026-03-31_11-46-25.eeg,/Users/amanlizahra/Desktop/Cable1_HF/Mouse14_Cable1-2026-03-31_11-46-25.eeg
14,HF,Cable1,Mouse14_Cable1-2026-04-02_12-46-08.eeg,/Users/amanlizahra/Desktop/Cable1_HF/Mouse14_Cable1-2026-04-02_12-46-08.eeg
14,HF,Cable1,Mouse14_Cable1-2026-04-10_13-18-12.eeg,/Users/amanlizahra/Desktop/Cable1_HF/Mouse14_Cable1-2026-04-10_13-18-12.eeg
14,HF,Cable1,Mouse14_Cable1-2026-04-16_13-08-12.eeg,/Users/amanlizahra/Desktop/Cable1_HF/Mouse14_Cable1-2026-04-16_13-08-12.eeg
17,HF,Cable1,Mouse17_Cable1-2026-02-19_10-59-12.eeg,/Users/amanlizahra/Desktop/Cable1_HF/Mouse17_Cable1-2026-02-19_10-59-12.eeg
17,HF,Cable1,Mouse17_Cable1-2026-03-05_11-29-30.eeg,/Users/amanlizahra/Desktop/Cable1_HF/Mouse17_Cable1-2026-03-05_11-29-30.eeg
17,HF,Cable1,Mouse17_Cable1-2026-03-10_13-26-40.eeg,/Users/amanlizahra/Desktop/Cable1_HF/Mouse17_Cable1-2026-03-10_13-26-40.eeg
17,HF,Cable1,Mouse17_Cable1-2026-03-16_11-21-18.eeg,/Users/amanlizahra/Desktop/Cable1_HF/Mouse17_Cable1-2026-03-16_11-21-18.eeg
17,HF,Cable1,Mouse17_Cable1-2026-03-23_11-29-16.eeg,/Users/amanlizahra/Desktop/Cable1_HF/Mouse17_Cable1-2026-03-23_11-29-16.eeg
17,HF,Cable1,Mouse17_Cable1-2026-03-29_13-25-51.eeg,/Users/amanlizahra/Desktop/Cable1_HF/Mouse17_Cable1-2026-03-29_13-25-51.eeg
17,HF,Cable1,Mouse17_Cable1-2026-03-31_12-09-43.eeg,/Users/amanlizahra/Desktop/Cable1_HF/Mouse17_Cable1-2026-03-31_12-09-43.eeg
17,HF,Cable1,Mouse17_Cable1-2026-04-02_13-13-00.eeg,/Users/amanlizahra/Desktop/Cable1_HF/Mouse17_Cable1-2026-04-02_13-13-00.eeg
17,HF,Cable1,Mouse17_Cable1-2026-04-10_13-43-59.eeg,/Users/amanlizahra/Desktop/Cable1_HF/Mouse17_Cable1-2026-04-10_13-43-59.eeg
17,HF,Cable1,Mouse17_Cable1-2026-04-16_13-30-53.eeg,/Users/amanlizahra/Desktop/Cable1_HF/Mouse17_Cable1-2026-04-16_13-30-53.eeg
21,HF,Cable1,Mouse21_Cable1-2026-02-13_10-17-53.eeg,/Users/amanlizahra/Desktop/Cable1_HF/Mouse21_Cable1-2026-02-13_10-17-53.eeg
21,HF,Cable1,Mouse21_Cable1-2026-03-03_14-13-44.eeg,/Users/amanlizahra/Desktop/Cable1_HF/Mouse21_Cable1-2026-03-03_14-13-44.eeg
21,HF,Cable1,Mouse21_Cable1-2026-03-08_13-00-59.eeg,/Users/amanlizahra/Desktop/Cable1_HF/Mouse21_Cable1-2026-03-08_13-00-59.eeg
21,HF,Cable1,Mouse21_Cable1-2026-03-13_14-26-02.eeg,/Users/amanlizahra/Desktop/Cable1_HF/Mouse21_Cable1-2026-03-13_14-26-02.eeg
21,HF,Cable1,Mouse21_Cable1-2026-03-19_14-50-19.eeg,/Users/amanlizahra/Desktop/Cable1_HF/Mouse21_Cable1-2026-03-19_14-50-19.eeg
21,HF,Cable1,Mouse21_Cable1-2026-03-26_12-24-10.eeg,/Users/amanlizahra/Desktop/Cable1_HF/Mouse21_Cable1-2026-03-26_12-24-10.eeg
21,HF,Cable1,Mouse21_Cable1-2026-03-29_14-46-18.eeg,/Users/amanlizahra/Desktop/Cable1_HF/Mouse21_Cable1-2026-03-29_14-46-18.eeg
21,HF,Cable1,Mouse21_Cable1-2026-03-31_12-34-40.eeg,/Users/amanlizahra/Desktop/Cable1_HF/Mouse21_Cable1-2026-03-31_12-34-40.eeg
21,HF,Cable1,Mouse21_Cable1-2026-04-02_13-36-07.eeg,/Users/amanlizahra/Desktop/Cable1_HF/Mouse21_Cable1-2026-04-02_13-36-07.eeg
21,HF,Cable1,Mouse21_Cable1-2026-04-10_14-08-00.eeg,/Users/amanlizahra/Desktop/Cable1_HF/Mouse21_Cable1-2026-04-10_14-08-00.eeg
21,HF,Cable1,Mouse21_Cable1-2026-04-16_13-53-48.eeg,/Users/amanlizahra/Desktop/Cable1_HF/Mouse21_Cable1-2026-04-16_13-53-48.eeg
22,HF,Cable1,Mouse22_Cable1-2026-02-19_12-28-09.eeg,/Users/amanlizahra/Desktop/Cable1_HF/Mouse22_Cable1-2026-02-19_12-28-09.eeg
22,HF,Cable1,Mouse22_Cable1-2026-03-05_12-08-47.eeg,/Users/amanlizahra/Desktop/Cable1_HF/Mouse22_Cable1-2026-03-05_12-08-47.eeg
22,HF,Cable1,Mouse22_Cable1-2026-03-10_14-11-08.eeg,/Users/amanlizahra/Desktop/Cable1_HF/Mouse22_Cable1-2026-03-10_14-11-08.eeg
22,HF,Cable1,Mouse22_Cable1-2026-03-16_11-57-06.eeg,/Users/amanlizahra/Desktop/Cable1_HF/Mouse22_Cable1-2026-03-16_11-57-06.eeg
22,HF,Cable1,Mouse22_Cable1-2026-03-27_10-00-03.eeg,/Users/amanlizahra/Desktop/Cable1_HF/Mouse22_Cable1-2026-03-27_10-00-03.eeg
22,HF,Cable1,Mouse22_Cable1-2026-03-29_14-23-37.eeg,/Users/amanlizahra/Desktop/Cable1_HF/Mouse22_Cable1-2026-03-29_14-23-37.eeg
22,HF,Cable1,Mouse22_Cable1-2026-03-31_12-58-34.eeg,/Users/amanlizahra/Desktop/Cable1_HF/Mouse22_Cable1-2026-03-31_12-58-34.eeg
22,HF,Cable1,Mouse22_Cable1-2026-04-02_13-59-00.eeg,/Users/amanlizahra/Desktop/Cable1_HF/Mouse22_Cable1-2026-04-02_13-59-00.eeg
22,HF,Cable1,Mouse22_Cable1-2026-04-10_14-31-16.eeg,/Users/amanlizahra/Desktop/Cable1_HF/Mouse22_Cable1-2026-04-10_14-31-16.eeg
22,HF,Cable1,Mouse22_Cable1-2026-04-16_14-16-48.eeg,/Users/amanlizahra/Desktop/Cable1_HF/Mouse22_Cable1-2026-04-16_14-16-48.eeg
23,HF,Cable1,Mouse23_Cable1-2026-02-21_15-15-29.eeg,/Users/amanlizahra/Desktop/Cable1_HF/Mouse23_Cable1-2026-02-21_15-15-29.eeg
23,HF,Cable1,Mouse23_Cable1-2026-03-03_14-52-57.eeg,/Users/amanlizahra/Desktop/Cable1_HF/Mouse23_Cable1-2026-03-03_14-52-57.eeg
23,HF,Cable1,Mouse23_Cable1-2026-03-08_13-37-51.eeg,/Users/amanlizahra/Desktop/Cable1_HF/Mouse23_Cable1-2026-03-08_13-37-51.eeg
23,HF,Cable1,Mouse23_Cable1-2026-03-13_15-01-38.eeg,/Users/amanlizahra/Desktop/Cable1_HF/Mouse23_Cable1-2026-03-13_15-01-38.eeg
23,HF,Cable1,Mouse23_Cable1-2026-03-23_12-44-17.eeg,/Users/amanlizahra/Desktop/Cable1_HF/Mouse23_Cable1-2026-03-23_12-44-17.eeg
23,HF,Cable1,Mouse23_Cable1-2026-03-26_13-09-11.eeg,/Users/amanlizahra/Desktop/Cable1_HF/Mouse23_Cable1-2026-03-26_13-09-11.eeg
23,HF,Cable1,Mouse23_Cable1-2026-03-29_15-33-15.eeg,/Users/amanlizahra/Desktop/Cable1_HF/Mouse23_Cable1-2026-03-29_15-33-15.eeg
23,HF,Cable1,Mouse23_Cable1-2026-03-31_13-25-17.eeg,/Users/amanlizahra/Desktop/Cable1_HF/Mouse23_Cable1-2026-03-31_13-25-17.eeg
23,HF,Cable1,Mouse23_Cable1-2026-04-02_14-21-56.eeg,/Users/amanlizahra/Desktop/Cable1_HF/Mouse23_Cable1-2026-04-02_14-21-56.eeg
23,HF,Cable1,Mouse23_Cable1-2026-04-10_14-57-27.eeg,/Users/amanlizahra/Desktop/Cable1_HF/Mouse23_Cable1-2026-04-10_14-57-27.eeg
23,HF,Cable1,Mouse23_Cable1-2026-04-16_15-03-50.eeg,/Users/amanlizahra/Desktop/Cable1_HF/Mouse23_Cable1-2026-04-16_15-03-50.eeg
25,HF,Cable1,Mouse25_Cable1-2026-02-21_13-15-00.eeg,/Users/amanlizahra/Desktop/Cable1_HF/Mouse25_Cable1-2026-02-21_13-15-00.eeg
25,HF,Cable1,Mouse25_Cable1-2026-03-05_12-46-31.eeg,/Users/amanlizahra/Desktop/Cable1_HF/Mouse25_Cable1-2026-03-05_12-46-31.eeg
25,HF,Cable1,Mouse25_Cable1-2026-03-10_14-50-39.eeg,/Users/amanlizahra/Desktop/Cable1_HF/Mouse25_Cable1-2026-03-10_14-50-39.eeg
25,HF,Cable1,Mouse25_Cable1-2026-03-16_12-32-16.eeg,/Users/amanlizahra/Desktop/Cable1_HF/Mouse25_Cable1-2026-03-16_12-32-16.eeg
25,HF,Cable1,Mouse25_Cable1-2026-03-23_12-06-54.eeg,/Users/amanlizahra/Desktop/Cable1_HF/Mouse25_Cable1-2026-03-23_12-06-54.eeg
25,HF,Cable1,Mouse25_Cable1-2026-03-29_15-09-30.eeg,/Users/amanlizahra/Desktop/Cable1_HF/Mouse25_Cable1-2026-03-29_15-09-30.eeg
25,HF,Cable1,Mouse25_Cable1-2026-03-31_13-36-44.eeg,/Users/amanlizahra/Desktop/Cable1_HF/Mouse25_Cable1-2026-03-31_13-36-44.eeg
25,HF,Cable1,Mouse25_Cable1-2026-04-02_14-33-12.eeg,/Users/amanlizahra/Desktop/Cable1_HF/Mouse25_Cable1-2026-04-02_14-33-12.eeg
25,HF,Cable1,Mouse25_Cable1-2026-04-10_15-20-35.eeg,/Users/amanlizahra/Desktop/Cable1_HF/Mouse25_Cable1-2026-04-10_15-20-35.eeg
25,HF,Cable1,Mouse25_Cable1-2026-04-16_14-39-46.eeg,/Users/amanlizahra/Desktop/Cable1_HF/Mouse25_Cable1-2026-04-16_14-39-46.eeg
