mouse,group,cable,filename,file_path,recording_date,diet_phase,days_on_diet,days_in_recovery,body_weight,body_weight_source,estrous_phase,excluded,exclusion_reason
2,CTRL,Cable1,Mouse2_Cable1-2026-02-13_12-38-35.eeg,/Users/amanlizahra/Desktop/Cable1_CTRL/Mouse2_Cable1-2026-02-13_12-38-35.eeg,2026-02-13,baseline,,,32.7,baseline,A,True,outside_analysis_window
2,CTRL,Cable1,Mouse2_Cable1-2026-04-03_10-12-45.eeg,/Users/amanlizahra/Desktop/Cable1_CTRL/Mouse2_Cable1-2026-04-03_10-12-45.eeg,2026-04-03,recovery,,4.0,32.5,interpolated,,True,outside_analysis_window
2,CTRL,Cable1,Mouse2_Cable1-2026-04-10_17-21-53.eeg,/Users/amanlizahra/Desktop/Cable1_CTRL/Mouse2_Cable1-2026-04-10_17-21-53.eeg,2026-04-10,recovery,,11.0,33.27,interpolated,,True,outside_analysis_window
2,CTRL,Cable1,Mouse2_Cable1-2026-04-17_11-37-34.eeg,/Users/amanlizahra/Desktop/Cable1_CTRL/Mouse2_Cable1-2026-04-17_11-37-34.eeg,2026-04-17,recovery,,18.0,33.5,carried,,True,outside_analysis_window
5,CTRL,Cable1,Mouse5_Cable1-2026-02-13_09-14-09.eeg,/Users/amanlizahra/Desktop/Cable1_CTRL/Mouse5_Cable1-2026-02-13_09-14-09.eeg,2026-02-13,baseline,,,31.5,baseline,B,True,outside_analysis_window
5,CTRL,Cable1,Mouse5_Cable1-2026-04-03_10-36-06.eeg,/Users/amanlizahra/Desktop/Cable1_CTRL/Mouse5_Cable1-2026-04-03_10-36-06.eeg,2026-04-03,recovery,,4.0,30.65,interpolated,,True,outside_analysis_window
5,CTRL,Cable1,Mouse5_Cable1-2026-04-10_17-46-23.eeg,/Users/amanlizahra/Desktop/Cable1_CTRL/Mouse5_Cable1-2026-04-10_17-46-23.eeg,2026-04-10,recovery,,11.0,33.3,interpolated,,True,outside_analysis_window
5,CTRL,Cable1,Mouse5_Cable1-2026-04-17_12-03-59.eeg,/Users/amanlizahra/Desktop/Cable1_CTRL/Mouse5_Cable1-2026-04-17_12-03-59.eeg,2026-04-17,recovery,,18.0,32.3,carried,,True,outside_analysis_window
7,CTRL,Cable1,Mouse7_Cable1-2026-02-12_13-00-21.eeg,/Users/amanlizahra/Desktop/Cable1_CTRL/Mouse7_Cable1-2026-02-12_13-00-21.eeg,2026-02-12,baseline,,,31.0,baseline,B,True,outside_analysis_window
7,CTRL,Cable1,Mouse7_Cable1-2026-04-03_10-59-24.eeg,/Users/amanlizahra/Desktop/Cable1_CTRL/Mouse7_Cable1-2026-04-03_10-59-24.eeg,2026-04-03,recovery,,4.0,29.75,interpolated,,True,outside_analysis_window
7,CTRL,Cable1,Mouse7_Cable1-2026-04-10_18-09-01.eeg,/Users/amanlizahra/Desktop/Cable1_CTRL/Mouse7_Cable1-2026-04-10_18-09-01.eeg,2026-04-10,recovery,,11.0,31.15,interpolated,,True,outside_analysis_window
7,CTRL,Cable1,Mouse7_Cable1-2026-04-17_12-27-40.eeg,/Users/amanlizahra/Desktop/Cable1_CTRL/Mouse7_Cable1-2026-04-17_12-27-40.eeg,2026-04-17,recovery,,18.0,32.2,carried,,True,outside_analysis_window
8,CTRL,Cable1,Mouse8_Cable1-2026-02-12_15-20-10.eeg,/Users/amanlizahra/Desktop/Cable1_CTRL/Mouse8_Cable1-2026-02-12_15-20-10.eeg,2026-02-12,baseline,,,31.6,baseline,C,True,outside_analysis_window
8,CTRL,Cable1,Mouse8_Cable1-2026-04-03_11-23-15.eeg,/Users/amanlizahra/Desktop/Cable1_CTRL/Mouse8_Cable1-2026-04-03_11-23-15.eeg,2026-04-03,recovery,,4.0,31.03,interpolated,,True,outside_analysis_window
8,CTRL,Cable1,Mouse8_Cable1-2026-04-10_18-39-02.eeg,/Users/amanlizahra/Desktop/Cable1_CTRL/Mouse8_Cable1-2026-04-10_18-39-02.eeg,2026-04-10,recovery,,11.0,32.42,interpolated,,True,outside_analysis_window
8,CTRL,Cable1,Mouse8_Cable1-2026-04-17_12-58-34.eeg,/Users/amanlizahra/Desktop/Cable1_CTRL/Mouse8_Cable1-2026-04-17_12-58-34.eeg,2026-04-17,recovery,,18.0,34.3,carried,,True,outside_analysis_window
13,CTRL,Cable1,Mouse13_Cable1-2026-04-03_11-46-04.eeg,/Users/amanlizahra/Desktop/Cable1_CTRL/Mouse13_Cable1-2026-04-03_11-46-04.eeg,2026-04-03,recovery,,4.0,29.27,interpolated,,True,outside_analysis_window
13,CTRL,Cable1,Mouse13_Cable1-2026-04-10_19-03-30.eeg,/Users/amanlizahra/Desktop/Cable1_CTRL/Mouse13_Cable1-2026-04-10_19-03-30.eeg,2026-04-10,recovery,,11.0,29.12,interpolated,,True,outside_analysis_window
13,CTRL,Cable1,Mouse13_Cable1-2026-04-17_13-22-23.eeg,/Users/amanlizahra/Desktop/Cable1_CTRL/Mouse13_Cable1-2026-04-17_13-22-23.eeg,2026-04-17,recovery,,18.0,29.9,carried,,True,outside_analysis_window
18,CTRL,Cable1,Mouse18_Cable1-2026-04-03_12-09-31.eeg,/Users/amanlizahra/Desktop/Cable1_CTRL/Mouse18_Cable1-2026-04-03_12-09-31.eeg,2026-04-03,recovery,,4.0,31.27,interpolated,,True,outside_analysis_window
18,CTRL,Cable1,Mouse18_Cable1-2026-04-10_19-28-09.eeg,/Users/amanlizahra/Desktop/Cable1_CTRL/Mouse18_Cable1-2026-04-10_19-28-09.eeg,2026-04-10,recovery,,11.0,32.48,interpolated,,True,outside_analysis_window
18,CTRL,Cable1,Mouse18_Cable1-2026-04-17_13-46-23.eeg,/Users/amanlizahra/Desktop/Cable1_CTRL/Mouse18_Cable1-2026-04-17_13-46-23.eeg,2026-04-17,recovery,,18.0,33.8,carried,,True,outside_analysis_window
19,CTRL,Cable1,Mouse19_Cable1-2026-04-03_12-34-24.eeg,/Users/amanlizahra/Desktop/Cable1_CTRL/Mouse19_Cable1-2026-04-03_12-34-24.eeg,2026-04-03,recovery,,4.0,30.02,interpolated,,True,outside_analysis_window
19,CTRL,Cable1,Mouse19_Cable1-2026-04-10_19-53-31.eeg,/Users/amanlizahra/Desktop/Cable1_CTRL/Mouse19_Cable1-2026-04-10_19-53-31.eeg,2026-04-10,recovery,,11.0,31.12,interpolated,,True,outside_analysis_window
19,CTRL,Cable1,Mouse19_Cable1-2026-04-17_14-11-31.eeg,/Users/amanlizahra/Desktop/Cable1_CTRL/Mouse19_Cable1-2026-04-17_14-11-31.eeg,2026-04-17,recovery,,18.0,30.9,carried,,True,outside_analysis_window
24,CTRL,Cable1,Mouse24_Cable1-2026-02-13_11-13-08.eeg,/Users/amanlizahra/Desktop/Cable1_CTRL/Mouse24_Cable1-2026-02-13_11-13-08.eeg,2026-02-13,baseline,,,28.5,baseline,B,True,outside_analysis_window
24,CTRL,Cable1,Mouse24_Cable1-2026-04-03_12-58-08.eeg,/Users/amanlizahra/Desktop/Cable1_CTRL/Mouse24_Cable1-2026-04-03_12-58-08.eeg,2026-04-03,recovery,,4.0,26.93,interpolated,,True,outside_analysis_window
24,CTRL,Cable1,Mouse24_Cable1-2026-04-10_20-16-51.eeg,/Users/amanlizahra/Desktop/Cable1_CTRL/Mouse24_Cable1-2026-04-10_20-16-51.eeg,2026-04-10,recovery,,11.0,29.52,interpolated,,True,outside_analysis_window
24,CTRL,Cable1,Mouse24_Cable1-2026-04-17_14-35-35.eeg,/Users/amanlizahra/Desktop/Cable1_CTRL/Mouse24_Cable1-2026-04-17_14-35-35.eeg,2026-04-17,recovery,,18.0,30.4,carried,,True,outside_analysis_window
26,CTRL,Cable1,Mouse26_Cable1-2026-04-03_13-21-30.eeg,/Users/amanlizahra/Desktop/Cable1_CTRL/Mouse26_Cable1-2026-04-03_13-21-30.eeg,2026-04-03,recovery,,4.0,32.55,interpolated,,True,outside_analysis_window
26,CTRL,Cable1,Mouse26_Cable1-2026-04-10_20-40-05.eeg,/Users/amanlizahra/Desktop/Cable1_CTRL/Mouse26_Cable1-2026-04-10_20-40-05.eeg,2026-04-10,recovery,,11.0,34.42,interpolated,,True,outside_analysis_window
26,CTRL,Cable1,Mouse26_Cable1-2026-04-17_14-58-58.eeg,/Users/amanlizahra/Desktop/Cable1_CTRL/Mouse26_Cable1-2026-04-17_14-58-58.eeg,2026-04-17,recovery,,18.0,32.7,carried,,True,outside_analysis_window
1,HF,Cable1,Mouse1_Cable1-2026-02-12_11-37-15.eeg,/Users/amanlizahra/Desktop/Cable1_HF/Mouse1_Cable1-2026-02-12_11-37-15.eeg,2026-02-12,baseline,,,31.4,baseline,A,True,outside_analysis_window
1,HF,Cable1,Mouse1_Cable1-2026-04-10_11-27-01.eeg,/Users/amanlizahra/Desktop/Cable1_HF/Mouse1_Cable1-2026-04-10_11-27-01.eeg,2026-04-10,recovery,,11.0,35.8,interpolated,,True,outside_analysis_window
1,HF,Cable1,Mouse1_Cable1-2026-04-16_11-11-23.eeg,/Users/amanlizahra/Desktop/Cable1_HF/Mouse1_Cable1-2026-04-16_11-11-23.eeg,2026-04-16,recovery,,17.0,36.2,measured,,True,outside_analysis_window
4,HF,Cable1,Mouse4_Cable1-2026-02-12_10-41-22.eeg,/Users/amanlizahra/Desktop/Cable1_HF/Mouse4_Cable1-2026-02-12_10-41-22.eeg,2026-02-12,baseline,,,36.9,baseline,A,True,outside_analysis_window
4,HF,Cable1,Mouse4_Cable1-2026-04-10_12-02-02.eeg,/Users/amanlizahra/Desktop/Cable1_HF/Mouse4_Cable1-2026-04-10_12-02-02.eeg,2026-04-10,recovery,,11.0,37.58,interpolated,,True,outside_analysis_window
4,HF,Cable1,Mouse4_Cable1-2026-04-16_11-52-30.eeg,/Users/amanlizahra/Desktop/Cable1_HF/Mouse4_Cable1-2026-04-16_11-52-30.eeg,2026-04-16,recovery,,17.0,38.3,measured,,True,outside_analysis_window
9,HF,Cable1,Mouse9_Cable1-2026-04-10_12-27-24.eeg,/Users/amanlizahra/Desktop/Cable1_HF/Mouse9_Cable1-2026-04-10_12-27-24.eeg,2026-04-10,recovery,,11.0,32.98,interpolated,,True,outside_analysis_window
9,HF,Cable1,Mouse9_Cable1-2026-04-16_12-17-00.eeg,/Users/amanlizahra/Desktop/Cable1_HF/Mouse9_Cable1-2026-04-16_12-17-00.eeg,2026-04-16,recovery,,17.0,34.5,measured,,True,outside_analysis_window
10,HF,Cable1,Mouse10_Cable1-2026-02-13_11-56-28.eeg,/Users/amanlizahra/Desktop/Cable1_HF/Mouse10_Cable1-2026-02-13_11-56-28.eeg,2026-02-13,baseline,,,35.0,baseline,C,True,outside_analysis_window
10,HF,Cable1,Mouse10_Cable1-2026-04-10_12-53-12.eeg,/Users/amanlizahra/Desktop/Cable1_HF/Mouse10_Cable1-2026-04-10_12-53-12.eeg,2026-04-10,recovery,,11.0,36.15,interpolated,,True,outside_analysis_window
10,HF,Cable1,Mouse10_Cable1-2026-04-16_12-40-12.eeg,/Users/amanlizahra/Desktop/Cable1_HF/Mouse10_Cable1-2026-04-16_12-40-12.eeg,2026-04-16,recovery,,17.0,33.1,measured,,True,outside_analysis_window
14,HF,Cable1,Mouse14_Cable1-2026-02-12_14-36-02.eeg,/Users/amanlizahra/Desktop/Cable1_HF/Mouse14_Cable1-2026-02-12_14-36-02.eeg,2026-02-12,baseline,,,26.3,baseline,D,True,outside_analysis_window
14,HF,Cable1,Mouse14_Cable1-2026-04-10_13-18-12.eeg,/Users/amanlizahra/Desktop/Cable1_HF/Mouse14_Cable1-2026-04-10_13-18-12.eeg,2026-04-10,recovery,,11.0,29.0,interpolated,,True,outside_analysis_window
14,HF,Cable1,Mouse14_Cable1-2026-04-16_13-08-12.eeg,/Users/amanlizahra/Desktop/Cable1_HF/Mouse14_Cable1-2026-04-16_13-08-12.eeg,2026-04-16,recovery,,17.0,29.1,measured,,True,outside_analysis_window
17,HF,Cable1,Mouse17_Cable1-2026-04-10_13-43-59.eeg,/Users/amanlizahra/Desktop/Cable1_HF/Mouse17_Cable1-2026-04-10_13-43-59.eeg,2026-04-10,recovery,,11.0,34.75,interpolated,,True,outside_analysis_window
17,HF,Cable1,Mouse17_Cable1-2026-04-16_13-30-53.eeg,/Users/amanlizahra/Desktop/Cable1_HF/Mouse17_Cable1-2026-04-16_13-30-53.eeg,2026-04-16,recovery,,17.0,34.7,measured,,True,outside_analysis_window
21,HF,Cable1,Mouse21_Cable1-2026-02-13_10-17-53.eeg,/Users/amanlizahra/Desktop/Cable1_HF/Mouse21_Cable1-2026-02-13_10-17-53.eeg,2026-02-13,baseline,,,29.9,baseline,A,True,outside_analysis_window
21,HF,Cable1,Mouse21_Cable1-2026-04-10_14-08-00.eeg,/Users/amanlizahra/Desktop/Cable1_HF/Mouse21_Cable1-2026-04-10_14-08-00.eeg,2026-04-10,recovery,,11.0,32.65,interpolated,,True,outside_analysis_window
21,HF,Cable1,Mouse21_Cable1-2026-04-16_13-53-48.eeg,/Users/amanlizahra/Desktop/Cable1_HF/Mouse21_Cable1-2026-04-16_13-53-48.eeg,2026-04-16,recovery,,17.0,33.8,measured,,True,outside_analysis_window
22,HF,Cable1,Mouse22_Cable1-2026-04-10_14-31-16.eeg,/Users/amanlizahra/Desktop/Cable1_HF/Mouse22_Cable1-2026-04-10_14-31-16.eeg,2026-04-10,recovery,,11.0,29.62,interpolated,,True,outside_analysis_window
22,HF,Cable1,Mouse22_Cable1-2026-04-16_14-16-48.eeg,/Users/amanlizahra/Desktop/Cable1_HF/Mouse22_Cable1-2026-04-16_14-16-48.eeg,2026-04-16,recovery,,17.0,29.7,measured,,True,outside_analysis_window
23,HF,Cable1,Mouse23_Cable1-2026-04-10_14-57-27.eeg,/Users/amanlizahra/Desktop/Cable1_HF/Mouse23_Cable1-2026-04-10_14-57-27.eeg,2026-04-10,recovery,,11.0,28.38,interpolated,,True,outside_analysis_window
23,HF,Cable1,Mouse23_Cable1-2026-04-16_15-03-50.eeg,/Users/amanlizahra/Desktop/Cable1_HF/Mouse23_Cable1-2026-04-16_15-03-50.eeg,2026-04-16,recovery,,17.0,29.7,measured,,True,outside_analysis_window
25,HF,Cable1,Mouse25_Cable1-2026-04-10_15-20-35.eeg,/Users/amanlizahra/Desktop/Cable1_HF/Mouse25_Cable1-2026-04-10_15-20-35.eeg,2026-04-10,recovery,,11.0,31.92,interpolated,,True,outside_analysis_window
25,HF,Cable1,Mouse25_Cable1-2026-04-16_14-39-46.eeg,/Users/amanlizahra/Desktop/Cable1_HF/Mouse25_Cable1-2026-04-16_14-39-46.eeg,2026-04-16,recovery,,17.0,32.1,measured,,True,outside_analysis_window
