mouse,group,differential_file,days_on_diet,body_weight,total_power
2,CTRL,Mouse2_Cable1_CTRL_2026-03-04_11-03-06_DIFF_Ch3_minus_Ch4.npy,9.0,32.13,919786.4706051209
2,CTRL,Mouse2_Cable1_CTRL_2026-03-09_11-20-55_DIFF_Ch3_minus_Ch4.npy,14.0,31.5,236439.68625127082
2,CTRL,Mouse2_Cable1_CTRL_2026-03-14_11-15-50_DIFF_Ch3_minus_Ch4.npy,19.0,30.65,664841.5360751676
2,CTRL,Mouse2_Cable1_CTRL_2026-03-19_16-25-11_DIFF_Ch3_minus_Ch4.npy,24.0,30.6,246653.80441269433
2,CTRL,Mouse2_Cable1_CTRL_2026-03-27_10-36-46_DIFF_Ch3_minus_Ch4.npy,32.0,30.65,647516.5531236306
2,CTRL,Mouse2_Cable1_CTRL_2026-04-01_10-31-21_DIFF_Ch3_minus_Ch4.npy,,31.13,629768.7512896681
2,CTRL,Mouse2_Cable1_CTRL_2026-03-30_10-02-35_DIFF_Ch3_minus_Ch4.npy,35.0,29.6,103747.38599943115
5,CTRL,Mouse5_Cable1_CTRL_2026-03-06_11-12-15_DIFF_Ch2_minus_Ch3.npy,11.0,30.95,235587.2736867683
5,CTRL,Mouse5_Cable1_CTRL_2026-03-11_11-11-07_DIFF_Ch2_minus_Ch3.npy,16.0,29.77,45894.240739588466
5,CTRL,Mouse5_Cable1_CTRL_2026-03-17_10-31-53_DIFF_Ch2_minus_Ch3.npy,22.0,29.33,48043.512470986665
5,CTRL,Mouse5_Cable1_CTRL_2026-03-24_12-38-34_DIFF_Ch2_minus_Ch3.npy,29.0,29.17,6992.3088257384525
5,CTRL,Mouse5_Cable1_CTRL_2026-04-01_10-55-04_DIFF_Ch2_minus_Ch3.npy,,29.7,7169.910869124645
5,CTRL,Mouse5_Cable1_CTRL_2026-03-30_10-27-44_DIFF_Ch2_minus_Ch3.npy,35.0,28.9,6684.398581732552
7,CTRL,Mouse7_Cable1_CTRL_2026-03-04_11-40-58_DIFF_Ch3_minus_Ch4.npy,9.0,31.0,219064.06934145815
7,CTRL,Mouse7_Cable1_CTRL_2026-03-09_11-59-34_DIFF_Ch3_minus_Ch4.npy,14.0,30.2,593201.5129643317
7,CTRL,Mouse7_Cable1_CTRL_2026-03-14_11-51-43_DIFF_Ch3_minus_Ch4.npy,19.0,31.05,232477.4581873877
7,CTRL,Mouse7_Cable1_CTRL_2026-03-19_17-01-34_DIFF_Ch3_minus_Ch4.npy,24.0,30.3,174145.39510605787
7,CTRL,Mouse7_Cable1_CTRL_2026-03-27_11-12-28_DIFF_Ch3_minus_Ch4.npy,32.0,28.72,268741.05459647696
7,CTRL,Mouse7_Cable1_CTRL_2026-04-01_11-18-33_DIFF_Ch3_minus_Ch4.npy,,29.0,133811.0700203223
7,CTRL,Mouse7_Cable1_CTRL_2026-03-30_10-51-09_DIFF_Ch3_minus_Ch4.npy,35.0,28.2,177670.95816975075
8,CTRL,Mouse8_Cable1_CTRL_2026-03-06_11-51-01_DIFF_Ch3_minus_Ch4.npy,11.0,30.65,183184.4648757839
8,CTRL,Mouse8_Cable1_CTRL_2026-03-11_11-51-53_DIFF_Ch3_minus_Ch4.npy,16.0,29.77,256748.30281775637
8,CTRL,Mouse8_Cable1_CTRL_2026-03-17_11-09-26_DIFF_Ch3_minus_Ch4.npy,22.0,29.2,252666.2265508176
8,CTRL,Mouse8_Cable1_CTRL_2026-03-24_13-14-52_DIFF_Ch3_minus_Ch4.npy,29.0,29.57,980769.6140821724
8,CTRL,Mouse8_Cable1_CTRL_2026-04-01_11-42-11_DIFF_Ch3_minus_Ch4.npy,,29.73,857781.3406997646
8,CTRL,Mouse8_Cable1_CTRL_2026-03-30_11-14-35_DIFF_Ch3_minus_Ch4.npy,35.0,28.6,896798.4843878323
13,CTRL,Mouse13_Cable1_CTRL_2026-02-19_11-46-09_DIFF_Ch2_minus_Ch3.npy,,30.5,297404.72150655766
13,CTRL,Mouse13_Cable1_CTRL_2026-03-04_12-19-35_DIFF_Ch2_minus_Ch3.npy,9.0,28.37,161886.45414138053
13,CTRL,Mouse13_Cable1_CTRL_2026-03-09_12-34-46_DIFF_Ch2_minus_Ch3.npy,14.0,27.4,553316.3497682079
13,CTRL,Mouse13_Cable1_CTRL_2026-03-14_12-26-46_DIFF_Ch2_minus_Ch3.npy,19.0,28.2,224903.45753372397
13,CTRL,Mouse13_Cable1_CTRL_2026-03-17_11-45-07_DIFF_Ch2_minus_Ch3.npy,22.0,28.07,138427.25327680426
13,CTRL,Mouse13_Cable1_CTRL_2026-03-27_11-54-52_DIFF_Ch2_minus_Ch3.npy,32.0,26.9,609147.5980775198
13,CTRL,Mouse13_Cable1_CTRL_2026-04-01_12-05-44_DIFF_Ch2_minus_Ch3.npy,,28.17,1364793.5663784277
13,CTRL,Mouse13_Cable1_CTRL_2026-03-30_11-38-49_DIFF_Ch2_minus_Ch3.npy,35.0,26.9,293927.4264172731
18,CTRL,Mouse18_Cable1_CTRL_2026-02-21_11-53-58_DIFF_Ch3_minus_Ch4.npy,,35.3,94155.77960134254
18,CTRL,Mouse18_Cable1_CTRL_2026-03-06_12-29-54_DIFF_Ch3_minus_Ch4.npy,11.0,32.83,1146618.09098493
18,CTRL,Mouse18_Cable1_CTRL_2026-03-11_12-32-08_DIFF_Ch3_minus_Ch4.npy,16.0,31.3,480477.97949299886
18,CTRL,Mouse18_Cable1_CTRL_2026-03-19_17-37-41_DIFF_Ch3_minus_Ch4.npy,24.0,29.8,71461.78671478224
18,CTRL,Mouse18_Cable1_CTRL_2026-03-24_13-50-15_DIFF_Ch3_minus_Ch4.npy,29.0,30.37,77830.29406241143
18,CTRL,Mouse18_Cable1_CTRL_2026-04-01_12-28-44_DIFF_Ch3_minus_Ch4.npy,,30.43,864587.215749109
18,CTRL,Mouse18_Cable1_CTRL_2026-03-30_12-01-38_DIFF_Ch3_minus_Ch4.npy,35.0,30.1,118066.29400524143
19,CTRL,Mouse19_Cable1_CTRL_2026-02-21_13-53-25_DIFF_Ch3_minus_Ch4.npy,,29.1,236961.82506225948
19,CTRL,Mouse19_Cable1_CTRL_2026-03-04_12-59-01_DIFF_Ch3_minus_Ch4.npy,9.0,29.37,521474.0010943062
19,CTRL,Mouse19_Cable1_CTRL_2026-03-09_13-11-23_DIFF_Ch3_minus_Ch4.npy,14.0,29.7,187853.2870356926
19,CTRL,Mouse19_Cable1_CTRL_2026-03-14_13-02-22_DIFF_Ch3_minus_Ch4.npy,19.0,29.15,165414.8314389553
19,CTRL,Mouse19_Cable1_CTRL_2026-03-19_19-00-58_DIFF_Ch3_minus_Ch4.npy,24.0,28.5,120898.00330102442
19,CTRL,Mouse19_Cable1_CTRL_2026-03-27_12-30-35_DIFF_Ch3_minus_Ch4.npy,32.0,29.03,281829.1594240021
19,CTRL,Mouse19_Cable1_CTRL_2026-04-01_12-52-41_DIFF_Ch3_minus_Ch4.npy,,29.27,105906.61783402275
19,CTRL,Mouse19_Cable1_CTRL_2026-03-30_12-31-14_DIFF_Ch3_minus_Ch4.npy,35.0,28.8,84672.85546610942
24,CTRL,Mouse24_Cable1_CTRL_2026-03-06_13-06-06_DIFF_Ch2_minus_Ch3.npy,11.0,27.02,70070.63384782895
24,CTRL,Mouse24_Cable1_CTRL_2026-03-11_13-10-18_DIFF_Ch2_minus_Ch3.npy,16.0,26.93,182918.65322098558
24,CTRL,Mouse24_Cable1_CTRL_2026-03-17_12-19-55_DIFF_Ch2_minus_Ch3.npy,22.0,26.57,38425.30039592731
24,CTRL,Mouse24_Cable1_CTRL_2026-03-24_14-29-11_DIFF_Ch2_minus_Ch3.npy,29.0,25.8,39392.15274543402
24,CTRL,Mouse24_Cable1_CTRL_2026-04-01_13-17-43_DIFF_Ch2_minus_Ch3.npy,,26.07,43800.41819408512
24,CTRL,Mouse24_Cable1_CTRL_2026-03-30_12-54-24_DIFF_Ch2_minus_Ch3.npy,35.0,25.2,45177.4842736083
26,CTRL,Mouse26_Cable1_CTRL_2026-02-21_14-36-19_DIFF_Ch3_minus_Ch4.npy,,33.0,94419.145839512
26,CTRL,Mouse26_Cable1_CTRL_2026-03-04_13-38-17_DIFF_Ch3_minus_Ch4.npy,9.0,34.33,28418225.89209503
26,CTRL,Mouse26_Cable1_CTRL_2026-03-09_13-51-01_DIFF_Ch3_minus_Ch4.npy,14.0,33.9,178718322.05382368
26,CTRL,Mouse26_Cable1_CTRL_2026-03-14_13-38-05_DIFF_Ch3_minus_Ch4.npy,19.0,34.0,100606771.51130037
26,CTRL,Mouse26_Cable1_CTRL_2026-03-19_15-33-40_DIFF_Ch3_minus_Ch4.npy,24.0,32.3,110574.85680564969
26,CTRL,Mouse26_Cable1_CTRL_2026-03-24_15-03-43_DIFF_Ch3_minus_Ch4.npy,29.0,31.93,104602.017413593
26,CTRL,Mouse26_Cable1_CTRL_2026-04-01_13-41-00_DIFF_Ch3_minus_Ch4.npy,,31.6,89541.55936795451
26,CTRL,Mouse26_Cable1_CTRL_2026-03-30_13-16-59_DIFF_Ch3_minus_Ch4.npy,35.0,30.4,114003.8790597459
1,HF,Mouse1_Cable1_HF_2026-02-21_12-36-13_DIFF_Ch2_minus_Ch3.npy,,31.4,528055.409549048
1,HF,Mouse1_Cable1_HF_2026-03-03_12-16-25_DIFF_Ch2_minus_Ch3.npy,8.0,39.87,873557.0297962057
1,HF,Mouse1_Cable1_HF_2026-03-08_11-08-40_DIFF_Ch2_minus_Ch3.npy,13.0,38.43,970647.2958476264
1,HF,Mouse1_Cable1_HF_2026-03-13_12-37-21_DIFF_Ch2_minus_Ch3.npy,18.0,36.83,1001166.6187766249
1,HF,Mouse1_Cable1_HF_2026-03-19_12-55-20_DIFF_Ch2_minus_Ch3.npy,24.0,35.7,283790.3135852225
1,HF,Mouse1_Cable1_HF_2026-03-26_11-06-11_DIFF_Ch2_minus_Ch3.npy,31.0,36.5,764631.1399365979
1,HF,Mouse1_Cable1_HF_2026-03-31_10-10-35_DIFF_Ch2_minus_Ch3.npy,,35.6,263828.8927068336
1,HF,Mouse1_Cable1_HF_2026-04-02_11-07-38_DIFF_Ch2_minus_Ch3.npy,,35.6,294904.05608139146
4,HF,Mouse4_Cable1_HF_2026-03-05_10-11-36_DIFF_Ch2_minus_Ch3.npy,10.0,39.9,228410.24574895797
4,HF,Mouse4_Cable1_HF_2026-03-10_11-57-39_DIFF_Ch2_minus_Ch3.npy,15.0,40.0,217363.62958350682
4,HF,Mouse4_Cable1_HF_2026-03-16_10-06-17_DIFF_Ch2_minus_Ch3.npy,21.0,39.2,256813.75293642734
4,HF,Mouse4_Cable1_HF_2026-03-23_10-13-09_DIFF_Ch2_minus_Ch3.npy,28.0,38.8,389319.78442686447
4,HF,Mouse4_Cable1_HF_2026-03-29_11-58-50_DIFF_Ch2_minus_Ch3.npy,34.0,38.45,251244.4515911327
4,HF,Mouse4_Cable1_HF_2026-03-31_10-34-19_DIFF_Ch2_minus_Ch3.npy,,38.17,67757.78502805512
4,HF,Mouse4_Cable1_HF_2026-04-02_11-35-16_DIFF_Ch2_minus_Ch3.npy,,37.9,78291.52998744891
9,HF,Mouse9_Cable1_HF_2026-02-19_10-00-27_DIFF_Ch3_minus_Ch4.npy,,32.8,91839.36199607293
9,HF,Mouse9_Cable1_HF_2026-03-03_12-57-35_DIFF_Ch3_minus_Ch4.npy,8.0,36.33,104142.73012643361
9,HF,Mouse9_Cable1_HF_2026-03-08_11-46-38_DIFF_Ch3_minus_Ch4.npy,13.0,34.8,636398.5605709489
9,HF,Mouse9_Cable1_HF_2026-03-13_13-13-55_DIFF_Ch3_minus_Ch4.npy,18.0,35.65,233079.97323750315
9,HF,Mouse9_Cable1_HF_2026-03-19_13-32-07_DIFF_Ch3_minus_Ch4.npy,24.0,35.0,95377.82447457277
9,HF,Mouse9_Cable1_HF_2026-03-29_13-02-32_DIFF_Ch3_minus_Ch4.npy,34.0,33.95,149500.60751093173
9,HF,Mouse9_Cable1_HF_2026-03-31_10-58-10_DIFF_Ch3_minus_Ch4.npy,,33.93,9143261.294696458
9,HF,Mouse9_Cable1_HF_2026-04-02_11-58-35_DIFF_Ch3_minus_Ch4.npy,,34.0,132084.97092417168
10,HF,Mouse10_Cable1_HF_2026-03-05_10-50-49_DIFF_Ch3_minus_Ch4.npy,10.0,37.4,99412.81972618593
10,HF,Mouse10_Cable1_HF_2026-03-10_12-49-22_DIFF_Ch3_minus_Ch4.npy,15.0,39.13,102643.99445359294
10,HF,Mouse10_Cable1_HF_2026-03-16_10-44-00_DIFF_Ch3_minus_Ch4.npy,21.0,37.6,100493.15479050418
10,HF,Mouse10_Cable1_HF_2026-03-23_10-51-51_DIFF_Ch3_minus_Ch4.npy,28.0,36.5,230940.54994514128
10,HF,Mouse10_Cable1_HF_2026-03-29_12-39-17_DIFF_Ch3_minus_Ch4.npy,34.0,35.4,206620.9732474663
10,HF,Mouse10_Cable1_HF_2026-03-31_11-21-55_DIFF_Ch3_minus_Ch4.npy,,34.87,167280.2749682314
10,HF,Mouse10_Cable1_HF_2026-04-02_12-22-42_DIFF_Ch3_minus_Ch4.npy,,34.6,200321.59267413104
14,HF,Mouse14_Cable1_HF_2026-03-03_13-37-05_DIFF_Ch2_minus_Ch3.npy,8.0,31.33,39310.68183286684
14,HF,Mouse14_Cable1_HF_2026-03-08_12-26-39_DIFF_Ch2_minus_Ch3.npy,13.0,29.8,54345.63764127302
14,HF,Mouse14_Cable1_HF_2026-03-13_13-50-04_DIFF_Ch2_minus_Ch3.npy,18.0,29.73,93504.65349519295
14,HF,Mouse14_Cable1_HF_2026-03-19_14-09-18_DIFF_Ch2_minus_Ch3.npy,24.0,27.4,13754.723763358214
14,HF,Mouse14_Cable1_HF_2026-03-26_11-43-11_DIFF_Ch2_minus_Ch3.npy,31.0,26.8,15867.833201146655
14,HF,Mouse14_Cable1_HF_2026-03-29_13-48-59_DIFF_Ch2_minus_Ch3.npy,34.0,26.65,64432.21228713761
14,HF,Mouse14_Cable1_HF_2026-03-31_11-46-25_DIFF_Ch2_minus_Ch3.npy,,26.87,86063.37389767052
14,HF,Mouse14_Cable1_HF_2026-04-02_12-46-08_DIFF_Ch2_minus_Ch3.npy,,27.4,12683.446930071848
17,HF,Mouse17_Cable1_HF_2026-02-19_10-59-12_DIFF_Ch2_minus_Ch3.npy,,31.6,398153.1279111239
17,HF,Mouse17_Cable1_HF_2026-03-05_11-29-30_DIFF_Ch2_minus_Ch3.npy,10.0,37.2,64109.588201459446
17,HF,Mouse17_Cable1_HF_2026-03-10_13-26-40_DIFF_Ch2_minus_Ch3.npy,15.0,36.73,52740.82700903975
17,HF,Mouse17_Cable1_HF_2026-03-16_11-21-18_DIFF_Ch2_minus_Ch3.npy,21.0,37.0,51177.5779753206
17,HF,Mouse17_Cable1_HF_2026-03-23_11-29-16_DIFF_Ch2_minus_Ch3.npy,28.0,37.0,547713.0484613756
17,HF,Mouse17_Cable1_HF_2026-03-29_13-25-51_DIFF_Ch2_minus_Ch3.npy,34.0,36.38,185686.37852501663
17,HF,Mouse17_Cable1_HF_2026-03-31_12-09-43_DIFF_Ch2_minus_Ch3.npy,,35.77,1165518.5203557583
17,HF,Mouse17_Cable1_HF_2026-04-02_13-13-00_DIFF_Ch2_minus_Ch3.npy,,35.1,825058.5904389977
21,HF,Mouse21_Cable1_HF_2026-03-03_14-13-44_DIFF_Ch2_minus_Ch3.npy,8.0,33.03,372123.5342684472
21,HF,Mouse21_Cable1_HF_2026-03-08_13-00-59_DIFF_Ch2_minus_Ch3.npy,13.0,33.03,1286944.3954802994
21,HF,Mouse21_Cable1_HF_2026-03-13_14-26-02_DIFF_Ch2_minus_Ch3.npy,18.0,33.42,4948287.618786672
21,HF,Mouse21_Cable1_HF_2026-03-19_14-50-19_DIFF_Ch2_minus_Ch3.npy,24.0,33.3,194365.39434097518
21,HF,Mouse21_Cable1_HF_2026-03-26_12-24-10_DIFF_Ch2_minus_Ch3.npy,31.0,33.2,235154.78088825246
21,HF,Mouse21_Cable1_HF_2026-03-29_14-46-18_DIFF_Ch2_minus_Ch3.npy,34.0,32.98,4129496.8491643504
21,HF,Mouse21_Cable1_HF_2026-03-31_12-34-40_DIFF_Ch2_minus_Ch3.npy,,32.43,275775.4504944732
21,HF,Mouse21_Cable1_HF_2026-04-02_13-36-07_DIFF_Ch2_minus_Ch3.npy,,31.5,1124152.2610958153
22,HF,Mouse22_Cable1_HF_2026-02-19_12-28-09_DIFF_Ch1_minus_Ch4.npy,,31.0,370355.5056184041
22,HF,Mouse22_Cable1_HF_2026-03-05_12-08-47_DIFF_Ch1_minus_Ch4.npy,10.0,32.0,734456.8462873363
22,HF,Mouse22_Cable1_HF_2026-03-10_14-11-08_DIFF_Ch1_minus_Ch4.npy,15.0,29.77,502777.8573829442
22,HF,Mouse22_Cable1_HF_2026-03-16_11-57-06_DIFF_Ch1_minus_Ch4.npy,21.0,29.4,14042186.703366956
22,HF,Mouse22_Cable1_HF_2026-03-27_10-00-03_DIFF_Ch1_minus_Ch4.npy,32.0,29.38,899457.8471284432
22,HF,Mouse22_Cable1_HF_2026-03-29_14-23-37_DIFF_Ch1_minus_Ch4.npy,34.0,29.72,906698.6250958969
22,HF,Mouse22_Cable1_HF_2026-03-31_12-58-34_DIFF_Ch1_minus_Ch4.npy,,29.9,702386.2499615799
22,HF,Mouse22_Cable1_HF_2026-04-02_13-59-00_DIFF_Ch1_minus_Ch4.npy,,29.9,1031632.1788196259
23,HF,Mouse23_Cable1_HF_2026-02-21_15-15-29_DIFF_Ch2_minus_Ch3.npy,,28.5,42550180.82740941
23,HF,Mouse23_Cable1_HF_2026-03-03_14-52-57_DIFF_Ch2_minus_Ch3.npy,8.0,28.27,115657591.35444114
23,HF,Mouse23_Cable1_HF_2026-03-08_13-37-51_DIFF_Ch2_minus_Ch3.npy,13.0,28.08,25694447.6954673
23,HF,Mouse23_Cable1_HF_2026-03-13_15-01-38_DIFF_Ch2_minus_Ch3.npy,18.0,27.52,50338522.602027595
23,HF,Mouse23_Cable1_HF_2026-03-23_12-44-17_DIFF_Ch2_minus_Ch3.npy,28.0,28.1,5545589.87627467
23,HF,Mouse23_Cable1_HF_2026-03-26_13-09-11_DIFF_Ch2_minus_Ch3.npy,31.0,26.6,389026924.9225365
23,HF,Mouse23_Cable1_HF_2026-03-29_15-33-15_DIFF_Ch2_minus_Ch3.npy,34.0,27.2,40628.09743273332
23,HF,Mouse23_Cable1_HF_2026-03-31_13-25-17_DIFF_Ch2_minus_Ch3.npy,,27.23,54021936.4334942
23,HF,Mouse23_Cable1_HF_2026-04-02_14-21-56_DIFF_Ch2_minus_Ch3.npy,,26.9,76449.25541320177
25,HF,Mouse25_Cable1_HF_2026-02-21_13-15-00_DIFF_Ch2_minus_Ch3.npy,,32.2,333484.79826786066
25,HF,Mouse25_Cable1_HF_2026-03-05_12-46-31_DIFF_Ch2_minus_Ch3.npy,10.0,34.5,47782721.08268445
25,HF,Mouse25_Cable1_HF_2026-03-10_14-50-39_DIFF_Ch2_minus_Ch3.npy,15.0,33.87,38623193.54307797
25,HF,Mouse25_Cable1_HF_2026-03-16_12-32-16_DIFF_Ch2_minus_Ch3.npy,21.0,32.5,15946105.740549741
25,HF,Mouse25_Cable1_HF_2026-03-23_12-06-54_DIFF_Ch2_minus_Ch3.npy,28.0,33.1,79295.38122416325
25,HF,Mouse25_Cable1_HF_2026-03-29_15-09-30_DIFF_Ch2_minus_Ch3.npy,34.0,32.1,41064.9754738044
25,HF,Mouse25_Cable1_HF_2026-03-31_13-36-44_DIFF_Ch2_minus_Ch3.npy,,31.47,977882.3175863636
25,HF,Mouse25_Cable1_HF_2026-04-02_14-33-12_DIFF_Ch2_minus_Ch3.npy,,30.4,506229.8929580578
