tier,outcome,effect,coef,se,ci_low,ci_high,p_value,p_fdr,n_obs,n_groups,group_var,residual_var,converged
primary,log_delta_abs,Intercept,5.2264598936143765,0.7264348871919083,3.802673677604819,6.650246109623934,6.26116305029219e-13,,89,19,0.0643086018094863,0.0879417012724752,True
primary,log_delta_abs,group[T.HF],-0.7805795388038359,0.2436875454779812,-1.2581983514216455,-0.30296072618602626,0.0013591034730387965,0.014950138203426762,89,19,0.0643086018094863,0.0879417012724752,True
primary,log_delta_abs,C(estrous_phase)[T.B],-0.04210885014020332,0.10711016716702769,-0.25204092016564217,0.16782321988523555,0.6942191226464236,,89,19,0.0643086018094863,0.0879417012724752,True
primary,log_delta_abs,C(estrous_phase)[T.C],-0.19443538030980084,0.12728776074690296,-0.44391480704648184,0.055044046426880155,0.12663023524884262,,89,19,0.0643086018094863,0.0879417012724752,True
primary,log_delta_abs,C(estrous_phase)[T.D],-0.045963393371237324,0.10675192731801889,-0.25519332619479185,0.16326653945231723,0.6667863993596003,,89,19,0.0643086018094863,0.0879417012724752,True
primary,log_delta_abs,days_on_diet,-0.016640135686841008,0.005384038731375671,-0.027192657691706045,-0.006087613681975971,0.001997243475774943,,89,19,0.0643086018094863,0.0879417012724752,True
primary,log_delta_abs,group[T.HF]:days_on_diet,0.020391681036327672,0.007318264411866169,0.006048146359728779,0.034735215712926565,0.005329550749243698,,89,19,0.0643086018094863,0.0879417012724752,True
primary,log_delta_abs,body_weight,0.05350758126780384,0.022226747350460423,0.009943956967430341,0.09707120556817733,0.01606872007895244,,89,19,0.0643086018094863,0.0879417012724752,True
primary,log_theta_abs,Intercept,4.491293366786803,1.17956331590604,2.1793917501263227,6.803194983447284,0.0001403277327949058,,89,19,0.224766900574015,0.15478349809116346,True
primary,log_theta_abs,group[T.HF],-0.60176066903224,0.37332426919980877,-1.333462791218601,0.12994145315412098,0.10698412224270713,0.2353650689339557,89,19,0.224766900574015,0.15478349809116346,True
primary,log_theta_abs,C(estrous_phase)[T.B],0.15217467127688292,0.1435797650084675,-0.12923649704843768,0.43358583960220354,0.28920759350311176,,89,19,0.224766900574015,0.15478349809116346,True
primary,log_theta_abs,C(estrous_phase)[T.C],-0.08773555866989967,0.1700956526730606,-0.42111691183593264,0.24564579449613327,0.6059931949317916,,89,19,0.224766900574015,0.15478349809116346,True
primary,log_theta_abs,C(estrous_phase)[T.D],-0.05383195741996305,0.1425976533327845,-0.3333182222321487,0.2256543073922226,0.7057950651445533,,89,19,0.224766900574015,0.15478349809116346,True
primary,log_theta_abs,days_on_diet,-0.012035151650736188,0.007358249928274237,-0.026457056499398127,0.0023867531979257523,0.10192338536534397,,89,19,0.224766900574015,0.15478349809116346,True
primary,log_theta_abs,group[T.HF]:days_on_diet,0.013766724440677275,0.009768312470840866,-0.005378816191904287,0.03291226507325884,0.1587391663688903,,89,19,0.224766900574015,0.15478349809116346,True
primary,log_theta_abs,body_weight,0.06376938181746299,0.036404546903995284,-0.007582218987866901,0.13512098262279287,0.0798275949576124,,89,19,0.224766900574015,0.15478349809116346,True
primary,log_beta_abs,Intercept,3.8529417455052886,1.0095971613575638,1.8741676703505898,5.831715820659987,0.0001354590338900532,,89,19,0.14274697685516674,0.1349962694726051,True
primary,log_beta_abs,group[T.HF],-0.5346364839143086,0.32513136422731564,-1.1718822480442217,0.10260928021560456,0.10009965675170822,0.2353650689339557,89,19,0.14274697685516674,0.1349962694726051,True
primary,log_beta_abs,C(estrous_phase)[T.B],0.052365604162393393,0.13363495647566984,-0.20955409760549715,0.3142853059302839,0.6951649211509439,,89,19,0.14274697685516674,0.1349962694726051,True
primary,log_beta_abs,C(estrous_phase)[T.C],-0.09655754340821254,0.1584506261326176,-0.40711506395596414,0.21399997713953905,0.5422688238228187,,89,19,0.14274697685516674,0.1349962694726051,True
primary,log_beta_abs,C(estrous_phase)[T.D],-0.055268438358654276,0.1328149638842906,-0.3155809841798518,0.20504410746254328,0.6773140663065911,,89,19,0.14274697685516674,0.1349962694726051,True
primary,log_beta_abs,days_on_diet,-0.005369027620808928,0.006777342428267808,-0.018652374691109065,0.007914319449491211,0.42824261061577773,,89,19,0.14274697685516674,0.1349962694726051,True
primary,log_beta_abs,group[T.HF]:days_on_diet,0.014956944564340862,0.009099599486392234,-0.0028779427027270897,0.03279183183140881,0.10023971016046745,,89,19,0.14274697685516674,0.1349962694726051,True
primary,log_beta_abs,body_weight,0.05129837429761611,0.031038759001268835,-0.00953647546968922,0.11213322406492145,0.09838788490247266,,89,19,0.14274697685516674,0.1349962694726051,True
primary,log_low_gamma_abs,Intercept,3.525028381997993,0.8658477961100866,1.8279978855288435,5.222058878467143,4.6774159772682914e-05,,89,19,0.10706585258027858,0.10211182127138449,True
primary,log_low_gamma_abs,group[T.HF],-0.4753731990301098,0.28167570884408377,-1.0274474436843044,0.0767010456240847,0.09147626056573202,0.2353650689339557,89,19,0.10706585258027858,0.10211182127138449,True
primary,log_low_gamma_abs,C(estrous_phase)[T.B],0.04914713636174897,0.11608229069895724,-0.17836997265111612,0.2766642453746141,0.6720166763407809,,89,19,0.10706585258027858,0.10211182127138449,True
primary,log_low_gamma_abs,C(estrous_phase)[T.C],-0.038071960138700976,0.13797039581011097,-0.3084889668592544,0.23234504658185248,0.7825918730296348,,89,19,0.10706585258027858,0.10211182127138449,True
primary,log_low_gamma_abs,C(estrous_phase)[T.D],-0.036603818864035416,0.11557535675046426,-0.2631273555953136,0.18991971786724277,0.7514640040977079,,89,19,0.10706585258027858,0.10211182127138449,True
primary,log_low_gamma_abs,days_on_diet,-0.006923843677491348,0.005876439996254445,-0.01844145442746075,0.004593767072478054,0.23870182069284918,,89,19,0.10706585258027858,0.10211182127138449,True
primary,log_low_gamma_abs,group[T.HF]:days_on_diet,0.01070823264059641,0.007916482845138862,-0.004807788620104938,0.02622425390129776,0.17616738531696263,,89,19,0.10706585258027858,0.10211182127138449,True
primary,log_low_gamma_abs,body_weight,0.046694713089049614,0.026639197384723992,-0.005517154362063008,0.09890658054016224,0.07962649506201507,,89,19,0.10706585258027858,0.10211182127138449,True
primary,log_high_gamma_abs,Intercept,3.359392103009189,0.763268885593997,1.8634125767249319,4.855371629293446,1.0759333650793278e-05,,89,19,0.08517951913933237,0.07794359621973809,True
primary,log_high_gamma_abs,group[T.HF],-0.36540260509895617,0.24796772178690443,-0.851410409129737,0.12060519893182464,0.1405921784616768,0.2577523271797408,89,19,0.08517951913933237,0.07794359621973809,True
primary,log_high_gamma_abs,C(estrous_phase)[T.B],0.06265647107116887,0.10125850591748628,-0.13580655365544017,0.26111949579777793,0.536063038196005,,89,19,0.08517951913933237,0.07794359621973809,True
primary,log_high_gamma_abs,C(estrous_phase)[T.C],-0.07068141704948509,0.12001573252003538,-0.30590793036694697,0.1645450962679768,0.555905148296236,,89,19,0.08517951913933237,0.07794359621973809,True
primary,log_high_gamma_abs,C(estrous_phase)[T.D],-0.02471818238131694,0.10070520501367866,-0.2220967572638496,0.17266039250121573,0.8061073279011531,,89,19,0.08517951913933237,0.07794359621973809,True
primary,log_high_gamma_abs,days_on_diet,-0.005459952380130156,0.005139014948558248,-0.015532236595317283,0.00461233183505697,0.2880309201078839,,89,19,0.08517951913933237,0.07794359621973809,True
primary,log_high_gamma_abs,group[T.HF]:days_on_diet,0.006825692749887096,0.006914806420333305,-0.006727078794032516,0.020378464293806707,0.3235874269149519,,89,19,0.08517951913933237,0.07794359621973809,True
primary,log_high_gamma_abs,body_weight,0.03687280434442689,0.02351504230439109,-0.009215831667115398,0.08296144035596918,0.11686904462530158,,89,19,0.08517951913933237,0.07794359621973809,True
primary,log_fast_gamma_abs,Intercept,3.0307945906379623,0.6173507722598659,1.820809311180636,4.240779870095288,9.137606383262889e-07,,89,19,0.05851021696806828,0.04775951835951308,True
primary,log_fast_gamma_abs,group[T.HF],-0.4461406554541744,0.19876744863931983,-0.8357176960861563,-0.056563614822192576,0.024797947834596663,0.13638871309028164,89,19,0.05851021696806828,0.04775951835951308,True
primary,log_fast_gamma_abs,C(estrous_phase)[T.B],-0.005139841384482768,0.07940545467660293,-0.1607716727266521,0.1504919899576866,0.9483897153306764,,89,19,0.05851021696806828,0.04775951835951308,True
primary,log_fast_gamma_abs,C(estrous_phase)[T.C],-0.0612951738030497,0.09431247559989461,-0.24614422927165577,0.12355388166555639,0.515746572100189,,89,19,0.05851021696806828,0.04775951835951308,True
primary,log_fast_gamma_abs,C(estrous_phase)[T.D],-0.03299140450282388,0.07907713127786001,-0.18797973380817534,0.12199692480252756,0.6765281913020376,,89,19,0.05851021696806828,0.04775951835951308,True
primary,log_fast_gamma_abs,days_on_diet,-0.008697817623858694,0.0040431032404504835,-0.01662215436091883,-0.0007734808867985599,0.03145468175252108,,89,19,0.05851021696806828,0.04775951835951308,True
primary,log_fast_gamma_abs,group[T.HF]:days_on_diet,0.009851988977961358,0.005415472318242118,-0.0007621417250668269,0.020466119680989544,0.0688763682125787,,89,19,0.05851021696806828,0.04775951835951308,True
primary,log_fast_gamma_abs,body_weight,0.03923936566599494,0.019042772939722143,0.0019162165383656074,0.07656251479362428,0.03934208045874055,,89,19,0.05851021696806828,0.04775951835951308,True
primary,log_theta_delta,Intercept,-0.5401092208974675,0.6782487993590579,-1.8694524401987542,0.7892339984038194,0.4258408059211273,,89,19,0.06183395232824318,0.07062879782646382,True
primary,log_theta_delta,group[T.HF],0.2179301664041244,0.2255516884963125,-0.2241430197008453,0.6600033525090941,0.3339393995312119,0.4591666743554163,89,19,0.06183395232824318,0.07062879782646382,True
primary,log_theta_delta,C(estrous_phase)[T.B],0.1771878252837044,0.0960042633813948,-0.010977073306126961,0.36535272387353573,0.0649467395078292,,89,19,0.06183395232824318,0.07062879782646382,True
primary,log_theta_delta,C(estrous_phase)[T.C],0.08495562682772616,0.11318474478265693,-0.13688239654563922,0.3067936502010915,0.45289790279374953,,89,19,0.06183395232824318,0.07062879782646382,True
primary,log_theta_delta,C(estrous_phase)[T.D],-0.021986048206295156,0.09527678019291343,-0.20872510594734464,0.16475300953475433,0.8175014339963492,,89,19,0.06183395232824318,0.07062879782646382,True
primary,log_theta_delta,days_on_diet,0.0038885173675124946,0.004844697724553239,-0.005606915688595005,0.013383950423619995,0.4221865189521288,,89,19,0.06183395232824318,0.07062879782646382,True
primary,log_theta_delta,group[T.HF]:days_on_diet,-0.007326743977304836,0.006567837402201347,-0.020199468741934585,0.0055459807873249126,0.26461526352589926,,89,19,0.06183395232824318,0.07062879782646382,True
primary,log_theta_delta,body_weight,0.004806589018506703,0.02086210495329765,-0.036082385331651354,0.04569556336866476,0.8177824495207882,,89,19,0.06183395232824318,0.07062879782646382,True
primary,log_low_gamma_theta,Intercept,-1.0433229328386566,0.5808511823345284,-2.1817703305918403,0.09512446491452708,0.07246325144193293,,89,19,0.05286253142983407,0.04008806579941651,True
primary,log_low_gamma_theta,group[T.HF],0.10987372863878102,0.18541900347975176,-0.2535408402308394,0.47328829750840146,0.5534689982020597,0.6098306117349719,89,19,0.05286253142983407,0.04008806579941651,True
primary,log_low_gamma_theta,C(estrous_phase)[T.B],-0.09611453213026024,0.07280460634025694,-0.23880893846578033,0.046579874205259844,0.1867779219970198,,89,19,0.05286253142983407,0.04008806579941651,True
primary,log_low_gamma_theta,C(estrous_phase)[T.C],0.06070550463040707,0.08621432605738807,-0.10827146939346667,0.22968247865428082,0.48135607150352755,,89,19,0.05286253142983407,0.04008806579941651,True
primary,log_low_gamma_theta,C(estrous_phase)[T.D],0.024220148255753044,0.07237466792853245,-0.11763159427721669,0.16607189078872278,0.7378894811015817,,89,19,0.05286253142983407,0.04008806579941651,True
primary,log_low_gamma_theta,days_on_diet,0.005363619170668357,0.003724640184809094,-0.0019365414469280778,0.012663779788264792,0.14985696983016186,,89,19,0.05286253142983407,0.04008806579941651,True
primary,log_low_gamma_theta,group[T.HF]:days_on_diet,-0.002739324187514508,0.004962152105367572,-0.012464963599844552,0.006986315224815537,0.5809184990492042,,89,19,0.05286253142983407,0.04008806579941651,True
primary,log_low_gamma_theta,body_weight,-0.014935497688231443,0.01793331880000302,-0.05008415665951242,0.020213161283049536,0.4049377255823202,,89,19,0.05286253142983407,0.04008806579941651,True
primary,log_high_gamma_theta,Intercept,-1.1631714893357572,0.649634361071255,-2.4364314401551064,0.11008846148359197,0.0733732790084654,,89,19,0.06766786260708307,0.046537592103745695,True
primary,log_high_gamma_theta,group[T.HF],0.2281711743367691,0.2048565720634521,-0.1733403289039312,0.6296826775774693,0.26536096614952376,0.4169958039492516,89,19,0.06766786260708307,0.046537592103745695,True
primary,log_high_gamma_theta,C(estrous_phase)[T.B],-0.08650378603843634,0.07876725540583092,-0.2408847697949328,0.06787719771806014,0.27210837510130326,,89,19,0.06766786260708307,0.046537592103745695,True
primary,log_high_gamma_theta,C(estrous_phase)[T.C],0.02287852689188103,0.09309360149190664,-0.15958157922338023,0.20533863300714228,0.8058693252345691,,89,19,0.06766786260708307,0.046537592103745695,True
primary,log_high_gamma_theta,C(estrous_phase)[T.D],0.0324695507631451,0.07812358320158796,-0.12064985865518567,0.18558896018147586,0.6776897089652387,,89,19,0.06766786260708307,0.046537592103745695,True
primary,log_high_gamma_theta,days_on_diet,0.00665858527649023,0.004043488373281703,-0.0012665063070483578,0.014583676860028818,0.09961092744295856,,89,19,0.06766786260708307,0.046537592103745695,True
primary,log_high_gamma_theta,group[T.HF]:days_on_diet,-0.006753969418931939,0.0053534075375889075,-0.017246455387171452,0.003738516549307575,0.20708532722992645,,89,19,0.06766786260708307,0.046537592103745695,True
primary,log_high_gamma_theta,body_weight,-0.026033760278819526,0.020048564882259763,-0.06532822538976317,0.013260704832124118,0.19410360742717536,,89,19,0.06766786260708307,0.046537592103745695,True
primary,log_fast_gamma_theta,Intercept,-1.4346001588452506,0.8631935255668534,-3.1264283806444375,0.2572280629539363,0.09651915794995324,,89,19,0.1241265659184559,0.07701701607017687,True
primary,log_fast_gamma_theta,group[T.HF],0.15989578499755963,0.27046316079760235,-0.3702022693106064,0.6899938393057257,0.5543914652136108,0.6098306117349719,89,19,0.1241265659184559,0.07701701607017687,True
primary,log_fast_gamma_theta,C(estrous_phase)[T.B],-0.15756782056265675,0.10138322258108932,-0.35627528545819975,0.04113964433288628,0.1201413840001272,,89,19,0.1241265659184559,0.07701701607017687,True
primary,log_fast_gamma_theta,C(estrous_phase)[T.C],0.028825846120664494,0.12000657080809941,-0.20638271057136617,0.2640344028126952,0.8101734837154287,,89,19,0.1241265659184559,0.07701701607017687,True
primary,log_fast_gamma_theta,C(estrous_phase)[T.D],0.022379051372066392,0.10063417743913952,-0.17486031202246033,0.2196184147665931,0.8240179018882897,,89,19,0.1241265659184559,0.07701701607017687,True
primary,log_fast_gamma_theta,days_on_diet,0.003246333714691505,0.00522772129836437,-0.006999811751315631,0.01349247918069864,0.534609844495491,,89,19,0.1241265659184559,0.07701701607017687,True
primary,log_fast_gamma_theta,group[T.HF]:days_on_diet,-0.003913850829937836,0.006893337703608763,-0.017424544462283052,0.009596842802407381,0.57018913513247,,89,19,0.1241265659184559,0.07701701607017687,True
primary,log_fast_gamma_theta,body_weight,-0.02538310775504354,0.026671711369933467,-0.0776587014461606,0.02689248593607352,0.3412559958061139,,89,19,0.1241265659184559,0.07701701607017687,True
primary,log_beta_theta,Intercept,-0.7608912240710307,0.4919375582760789,-1.7250711209347194,0.20328867279265794,0.12193001130785704,,89,19,0.03817088058726044,0.02849081894134491,True
primary,log_beta_theta,group[T.HF],0.045341113141740864,0.15663128059434941,-0.26165055567557144,0.3523327819590532,0.7722165739153413,0.7722165739153413,89,19,0.03817088058726044,0.02849081894134491,True
primary,log_beta_theta,C(estrous_phase)[T.B],-0.09172339479323995,0.06133969225062682,-0.21194698242723917,0.028500192840759275,0.13482700920209323,,89,19,0.03817088058726044,0.02849081894134491,True
primary,log_beta_theta,C(estrous_phase)[T.C],0.0023927216476362883,0.0727579413775735,-0.14021022304168435,0.14499566633695693,0.9737654534353107,,89,19,0.03817088058726044,0.02849081894134491,True
primary,log_beta_theta,C(estrous_phase)[T.D],0.005751147011866426,0.061062497153270036,-0.11392914821462242,0.12543144223835528,0.9249625159566415,,89,19,0.03817088058726044,0.02849081894134491,True
primary,log_beta_theta,days_on_diet,0.007060426497425674,0.003137152984368721,0.0009117196340706337,0.013209133360780716,0.024411894000816465,,89,19,0.03817088058726044,0.02849081894134491,True
primary,log_beta_theta,group[T.HF]:days_on_diet,0.0015008521190098283,0.004183869190395575,-0.006699380810192253,0.00970108504821191,0.7198019608478926,,89,19,0.03817088058726044,0.02849081894134491,True
primary,log_beta_theta,body_weight,-0.008919413859093797,0.015188935339373485,-0.038689180087773486,0.020850352369585896,0.5570485675229186,,89,19,0.03817088058726044,0.02849081894134491,True
exploratory,beta_episode_rate,Intercept,-6.529398065499727,7.755058314726631,-21.729033060371812,8.670236929372358,0.39981401281757156,,89,19,9.302179565431125,7.32712414950911,True
exploratory,beta_episode_rate,group[T.HF],-1.1100564053504014,2.482523267728091,-5.975712600880145,3.7555997901793425,0.6547678864088413,,89,19,9.302179565431125,7.32712414950911,True
exploratory,beta_episode_rate,C(estrous_phase)[T.B],1.7643779153737893,0.9882374934243299,-0.17253197991003577,3.7012878106576146,0.0741999531702092,,89,19,9.302179565431125,7.32712414950911,True
exploratory,beta_episode_rate,C(estrous_phase)[T.C],2.126821597418629,1.188969668501036,-0.2035161315539291,4.457159326391187,0.07364802628521748,,89,19,9.302179565431125,7.32712414950911,True
exploratory,beta_episode_rate,C(estrous_phase)[T.D],1.9848225888871203,0.9891992903793901,0.04602760621093682,3.9236175715633035,0.04480355233088338,,89,19,9.302179565431125,7.32712414950911,True
exploratory,beta_episode_rate,days_on_diet,0.098134741686087,0.05024012248524043,-0.00033408896386519227,0.1966035723360392,0.05078238291607855,,89,19,9.302179565431125,7.32712414950911,True
exploratory,beta_episode_rate,group[T.HF]:days_on_diet,0.04378767390895285,0.06711509766174305,-0.08775550032695192,0.17533084814485764,0.5141260194584156,,89,19,9.302179565431125,7.32712414950911,True
exploratory,beta_episode_rate,body_weight,0.31300448676977277,0.23890965105152187,-0.15524982485024197,0.7812587983897875,0.19014933317636407,,89,19,9.302179565431125,7.32712414950911,True
exploratory,beta_mean_duration_sec,Intercept,0.021613595076958026,0.15701270209383486,-0.28612564614227504,0.3293528362961911,0.8905130272818862,,89,19,0.0017053106641675567,0.006328729314190562,True
exploratory,beta_mean_duration_sec,group[T.HF],-0.07669516647999783,0.057382274532840304,-0.1891623579153548,0.035772024955359125,0.1813645179751575,,89,19,0.0017053106641675567,0.006328729314190562,True
exploratory,beta_mean_duration_sec,C(estrous_phase)[T.B],-0.043440811006496105,0.028447245367078017,-0.09919638738534292,0.012314765372350718,0.1267446894659931,,89,19,0.0017053106641675567,0.006328729314190562,True
exploratory,beta_mean_duration_sec,C(estrous_phase)[T.C],-0.042885381061621826,0.03396972238756764,-0.10946481350607837,0.023694051382834723,0.2067836778984654,,89,19,0.0017053106641675567,0.006328729314190562,True
exploratory,beta_mean_duration_sec,C(estrous_phase)[T.D],-0.033782673206399653,0.028310444489882486,-0.08927012479288975,0.02170477838009044,0.23275439449853508,,89,19,0.0017053106641675567,0.006328729314190562,True
exploratory,beta_mean_duration_sec,days_on_diet,0.0009269583320302109,0.0014096769419757022,-0.001835957704078725,0.003689874368139147,0.5108158151503019,,89,19,0.0017053106641675567,0.006328729314190562,True
exploratory,beta_mean_duration_sec,group[T.HF]:days_on_diet,0.0032169622777270712,0.0019476033644401038,-0.0006002701727445695,0.007034194728198712,0.09858464353819715,,89,19,0.0017053106641675567,0.006328729314190562,True
exploratory,beta_mean_duration_sec,body_weight,0.006674692757419941,0.0047040151575601695,-0.0025450075341284994,0.01589439304896838,0.1559179045630801,,89,19,0.0017053106641675567,0.006328729314190562,True
exploratory,beta_mean_amplitude,Intercept,56.87365399877194,180.9725886763318,-297.8261019958196,411.5734099933635,0.753318505235766,,89,19,4420.146342390882,4964.753724088803,True
exploratory,beta_mean_amplitude,group[T.HF],-31.892054494064944,59.96519660319016,-149.42168016218125,85.63757117405135,0.5948349179358179,,89,19,4420.146342390882,4964.753724088803,True
exploratory,beta_mean_amplitude,C(estrous_phase)[T.B],22.328059083648213,25.543171044642293,-27.735636214797026,72.39175438209345,0.38204731280280735,,89,19,4420.146342390882,4964.753724088803,True
exploratory,beta_mean_amplitude,C(estrous_phase)[T.C],-49.08367875564743,30.040488580384565,-107.96195445118795,9.79459693989309,0.10227618335651512,,89,19,4420.146342390882,4964.753724088803,True
exploratory,beta_mean_amplitude,C(estrous_phase)[T.D],-9.325118809453745,25.28707322773867,-58.88687161024855,40.236633991341066,0.7122990256588593,,89,19,4420.146342390882,4964.753724088803,True
exploratory,beta_mean_amplitude,days_on_diet,-0.32285312169370145,1.2865327680830094,-2.844411012067022,2.198704768679619,0.8018541346131302,,89,19,4420.146342390882,4964.753724088803,True
exploratory,beta_mean_amplitude,group[T.HF]:days_on_diet,0.5681096819820197,1.7410789004125846,-2.844342257069245,3.980561621033285,0.7441992840977545,,89,19,4420.146342390882,4964.753724088803,True
exploratory,beta_mean_amplitude,body_weight,5.140378480658979,5.563986194257636,-5.764834070564067,16.045591031882026,0.35555601114248336,,89,19,4420.146342390882,4964.753724088803,True
exploratory,beta_fraction_of_time,Intercept,-0.08092082795788431,0.051094748071731734,-0.18106469397762587,0.019223038061857253,0.11325275717716417,,89,19,0.0003565315445597757,0.000303560924574157,True
exploratory,beta_fraction_of_time,group[T.HF],-0.019074128514341857,0.015912224220307386,-0.050261514900070275,0.012113257871386562,0.23064106517100325,,89,19,0.0003565315445597757,0.000303560924574157,True
exploratory,beta_fraction_of_time,C(estrous_phase)[T.B],0.0014955467338233772,0.006388643515953532,-0.011025964467510887,0.014017057935157642,0.8149115641286303,,89,19,0.0003565315445597757,0.000303560924574157,True
exploratory,beta_fraction_of_time,C(estrous_phase)[T.C],0.00631473960821678,0.0076969942689208435,-0.008771091948079277,0.021400571164512838,0.41197882278150877,,89,19,0.0003565315445597757,0.000303560924574157,True
exploratory,beta_fraction_of_time,C(estrous_phase)[T.D],0.004779850620546723,0.006384634655260602,-0.007733803358210361,0.017293504599303806,0.45406876466966495,,89,19,0.0003565315445597757,0.000303560924574157,True
exploratory,beta_fraction_of_time,days_on_diet,0.0006660355546935565,0.00032528154317855283,2.8495445227982538e-05,0.0013035756641591304,0.040602505559356475,,89,19,0.0003565315445597757,0.000303560924574157,True
exploratory,beta_fraction_of_time,group[T.HF]:days_on_diet,0.0006260638608061002,0.0004326370483885367,-0.00022188917241314438,0.0014740168940253447,0.14787229161098298,,89,19,0.0003565315445597757,0.000303560924574157,True
exploratory,beta_fraction_of_time,body_weight,0.002969539206376766,0.0015661689317291972,-0.00010009549351803126,0.006039173906271563,0.05795304462787357,,89,19,0.0003565315445597757,0.000303560924574157,True
exploratory,low_gamma_episode_rate,Intercept,-4.3120261364541435,4.929187453647455,-13.973056018649853,5.349003745741566,0.3816857234578864,,89,19,2.970043591504588,3.8899629022857893,True
exploratory,low_gamma_episode_rate,group[T.HF],-2.749841212505966,1.6400384241768102,-5.964257457154338,0.46457503214240603,0.09360249830445812,,89,19,2.970043591504588,3.8899629022857893,True
exploratory,low_gamma_episode_rate,C(estrous_phase)[T.B],0.5919411094068202,0.7235335799259567,-0.8261586488533875,2.010040867667028,0.4132856577230478,,89,19,2.970043591504588,3.8899629022857893,True
exploratory,low_gamma_episode_rate,C(estrous_phase)[T.C],1.0244138432694527,0.8761723426796713,-0.6928523926327894,2.7416800791716947,0.24232621486676564,,89,19,2.970043591504588,3.8899629022857893,True
exploratory,low_gamma_episode_rate,C(estrous_phase)[T.D],0.5932611893351823,0.7279390978418453,-0.8334732253734131,2.019995604043778,0.41507952510887713,,89,19,2.970043591504588,3.8899629022857893,True
exploratory,low_gamma_episode_rate,days_on_diet,0.015294596124443999,0.03594627551940215,-0.05515880927193805,0.08574800152082605,0.6704832537298757,,89,19,2.970043591504588,3.8899629022857893,True
exploratory,low_gamma_episode_rate,group[T.HF]:days_on_diet,0.08196079562199109,0.048867743200810505,-0.013818221057349603,0.1777398123013318,0.0935041121951864,,89,19,2.970043591504588,3.8899629022857893,True
exploratory,low_gamma_episode_rate,body_weight,0.2773469569010998,0.15026260132016206,-0.01716232990971861,0.5718562437119181,0.06492874510723988,,89,19,2.970043591504588,3.8899629022857893,True
exploratory,low_gamma_mean_duration_sec,Intercept,0.16042908274934484,0.08480466622968541,-0.005785008781778733,0.3266431742804684,0.058524525290039965,,89,19,0.00031197165026737795,0.002744569767346572,True
exploratory,low_gamma_mean_duration_sec,group[T.HF],-0.10393570304949766,0.03493765107411683,-0.17241224085919377,-0.03545916523980154,0.0029309269013100196,,89,19,0.00031197165026737795,0.002744569767346572,True
exploratory,low_gamma_mean_duration_sec,C(estrous_phase)[T.B],-0.025598973292848524,0.018105654321208087,-0.061085403678948366,0.009887457093251322,0.15740118170640427,,89,19,0.00031197165026737795,0.002744569767346572,True
exploratory,low_gamma_mean_duration_sec,C(estrous_phase)[T.C],-0.009217685364345916,0.0212976686666007,-0.050960348905550484,0.03252497817685865,0.6651582187245473,,89,19,0.00031197165026737795,0.002744569767346572,True
exploratory,low_gamma_mean_duration_sec,C(estrous_phase)[T.D],-0.018370412745575163,0.01784329306127905,-0.053342624511275555,0.016601799020125225,0.30322523516535627,,89,19,0.00031197165026737795,0.002744569767346572,True
exploratory,low_gamma_mean_duration_sec,days_on_diet,-0.0026160738658541315,0.0009132168937987553,-0.004405946087773231,-0.0008262016439350317,0.004174312783703327,,89,19,0.00031197165026737795,0.002744569767346572,True
exploratory,low_gamma_mean_duration_sec,group[T.HF]:days_on_diet,0.004122442945897744,0.001269676742834242,0.0016339222579345057,0.006610963633860983,0.0011669212832081089,,89,19,0.00031197165026737795,0.002744569767346572,True
exploratory,low_gamma_mean_duration_sec,body_weight,0.0031437583600788695,0.002525090104538162,-0.0018053273025344088,0.008092844022692149,0.21312866703478994,,89,19,0.00031197165026737795,0.002744569767346572,True
exploratory,low_gamma_mean_amplitude,Intercept,35.120953644321446,106.26107332561192,-173.14692303244775,243.38883032109064,0.7410103273264927,,89,19,1320.5405341361386,2103.372202995104,True
exploratory,low_gamma_mean_amplitude,group[T.HF],-59.25353228865751,36.62986604262008,-131.0467504907196,12.539685913404568,0.10574258302747996,,89,19,1320.5405341361386,2103.372202995104,True
exploratory,low_gamma_mean_amplitude,C(estrous_phase)[T.B],14.972406508307076,16.557454290739795,-17.479607577211105,47.42442059382525,0.3658523362201559,,89,19,1320.5405341361386,2103.372202995104,True
exploratory,low_gamma_mean_amplitude,C(estrous_phase)[T.C],-31.207094709453127,19.421528819173773,-69.27259171974045,6.8584023008341894,0.10809167034781902,,89,19,1320.5405341361386,2103.372202995104,True
exploratory,low_gamma_mean_amplitude,C(estrous_phase)[T.D],-5.607023737558723,16.384621964346103,-37.720292687981,26.50624521286355,0.7321909194678817,,89,19,1320.5405341361386,2103.372202995104,True
exploratory,low_gamma_mean_amplitude,days_on_diet,-1.4816545962492,0.8262422229454585,-3.1010595957286125,0.13775040323021237,0.07293378439275869,,89,19,1320.5405341361386,2103.372202995104,True
exploratory,low_gamma_mean_amplitude,group[T.HF]:days_on_diet,1.1431355831092578,1.1297541079252895,-1.0711417798104867,3.3574129460290023,0.31161236572695183,,89,19,1320.5405341361386,2103.372202995104,True
exploratory,low_gamma_mean_amplitude,body_weight,5.090364458426429,3.2536165161591293,-1.2866067327501467,11.467335649603005,0.11769432095143306,,89,19,1320.5405341361386,2103.372202995104,True
exploratory,low_gamma_fraction_of_time,Intercept,-0.0122451355884825,0.02328899872249472,-0.05789073432057147,0.03340046314360648,0.5990337369108412,,89,19,4.6417508349935944e-05,0.0001230554603334397,True
exploratory,low_gamma_fraction_of_time,group[T.HF],-0.01855247230786145,0.008299014991212043,-0.03481824279779505,-0.002286701817927849,0.02538434965173883,,89,19,4.6417508349935944e-05,0.0001230554603334397,True
exploratory,low_gamma_fraction_of_time,C(estrous_phase)[T.B],-0.0023530972547521583,0.004007759568869487,-0.010208161668432128,0.00550196715892781,0.5571128182283555,,89,19,4.6417508349935944e-05,0.0001230554603334397,True
exploratory,low_gamma_fraction_of_time,C(estrous_phase)[T.C],0.0014864030532170957,0.0048324952932492045,-0.007985113677010672,0.010957919783444865,0.758398137300192,,89,19,4.6417508349935944e-05,0.0001230554603334397,True
exploratory,low_gamma_fraction_of_time,C(estrous_phase)[T.D],-0.0013200901164476205,0.0040055454314062424,-0.009170814900442808,0.006530634667547568,0.741728193767573,,89,19,4.6417508349935944e-05,0.0001230554603334397,True
exploratory,low_gamma_fraction_of_time,days_on_diet,-0.00020694258726472936,0.00019821878831957615,-0.0005954442734302673,0.00018155909890080863,0.29648031940042174,,89,19,4.6417508349935944e-05,0.0001230554603334397,True
exploratory,low_gamma_fraction_of_time,group[T.HF]:days_on_diet,0.0006744659239097475,0.0002727327435471081,0.00013991956915261681,0.0012090122786668782,0.013398709970320303,,89,19,4.6417508349935944e-05,0.0001230554603334397,True
exploratory,low_gamma_fraction_of_time,body_weight,0.001135903116669278,0.0007005624422048072,-0.00023717403897356736,0.0025089802723121234,0.10492846266428678,,89,19,4.6417508349935944e-05,0.0001230554603334397,True
exploratory,high_gamma_episode_rate,Intercept,1.5375915300185372,2.522795993545309,-3.406997757672211,6.482180817709286,0.542206895988258,,89,19,0.6069048968774565,1.3434276887284322,True
exploratory,high_gamma_episode_rate,group[T.HF],-1.4044725427461537,0.8901854676485753,-3.1492039988983067,0.34025891340599923,0.11462759312814083,,89,19,0.6069048968774565,1.3434276887284322,True
exploratory,high_gamma_episode_rate,C(estrous_phase)[T.B],-0.34332377755907295,0.4174336918532825,-1.1614787795250976,0.4748312244069517,0.41081342135570076,,89,19,0.6069048968774565,1.3434276887284322,True
exploratory,high_gamma_episode_rate,C(estrous_phase)[T.C],-0.6219530963131334,0.5010623566200088,-1.6040172692971153,0.3601110766708484,0.2145064471126399,,89,19,0.6069048968774565,1.3434276887284322,True
exploratory,high_gamma_episode_rate,C(estrous_phase)[T.D],-0.45319195539288853,0.4248579803851058,-1.2858982954921205,0.3795143847063435,0.28611163555265606,,89,19,0.6069048968774565,1.3434276887284322,True
exploratory,high_gamma_episode_rate,days_on_diet,-0.025368415704890998,0.02067410562500015,-0.06588891814246824,0.01515208673268624,0.21979917420949713,,89,19,0.6069048968774565,1.3434276887284322,True
exploratory,high_gamma_episode_rate,group[T.HF]:days_on_diet,0.05390720815846224,0.028634432629210078,-0.0022152485125280785,0.11002966482945256,0.05975447660501872,,89,19,0.6069048968774565,1.3434276887284322,True
exploratory,high_gamma_episode_rate,body_weight,0.09163689078898181,0.0764787320718032,-0.0582586696550408,0.24153245123300443,0.23083878870152352,,89,19,0.6069048968774565,1.3434276887284322,True
exploratory,high_gamma_mean_duration_sec,Intercept,0.15530319685437377,0.037918520606753194,0.08098426211809763,0.22962213159064992,4.208797342591622e-05,,89,19,6.141377316294165e-05,0.0005221579386773653,True
exploratory,high_gamma_mean_duration_sec,group[T.HF],-0.02972805931054187,0.015297190222893445,-0.05971000121207126,0.0002538825909875232,0.05197179490441823,,89,19,6.141377316294165e-05,0.0005221579386773653,True
exploratory,high_gamma_mean_duration_sec,C(estrous_phase)[T.B],-0.004515118334035576,0.008073416209697627,-0.020338723337244798,0.011308486669173647,0.5759860155508345,,89,19,6.141377316294165e-05,0.0005221579386773653,True
exploratory,high_gamma_mean_duration_sec,C(estrous_phase)[T.C],-0.009126532907838587,0.009581271947151885,-0.02790548085034024,0.009652415034663063,0.3408238179957327,,89,19,6.141377316294165e-05,0.0005221579386773653,True
exploratory,high_gamma_mean_duration_sec,C(estrous_phase)[T.D],-0.001343939670815219,0.008060087202593866,-0.01714142030015139,0.014453540958520954,0.8675745593086759,,89,19,6.141377316294165e-05,0.0005221579386773653,True
exploratory,high_gamma_mean_duration_sec,days_on_diet,-0.0010540798218540346,0.0003980529953885419,-0.001834249356753865,-0.00027391028695420414,0.008094817318617222,,89,19,6.141377316294165e-05,0.0005221579386773653,True
exploratory,high_gamma_mean_duration_sec,group[T.HF]:days_on_diet,0.0014021536501275587,0.0005544044606017323,0.000315540874479808,0.0024887664257753094,0.011434995754399383,,89,19,6.141377316294165e-05,0.0005221579386773653,True
exploratory,high_gamma_mean_duration_sec,body_weight,0.0005149162369124371,0.0011215846220037056,-0.0016833492278287964,0.0027131817016536703,0.6461644457975353,,89,19,6.141377316294165e-05,0.0005221579386773653,True
exploratory,high_gamma_mean_amplitude,Intercept,43.93501082861052,79.2347488523397,-111.36224324605166,199.23226490327272,0.5792423823596374,,89,19,623.7273899052051,1437.9158200082704,True
exploratory,high_gamma_mean_amplitude,group[T.HF],-48.97468911641793,28.620055889900982,-105.0689678961473,7.119589663311444,0.08704387967086367,,89,19,623.7273899052051,1437.9158200082704,True
exploratory,high_gamma_mean_amplitude,C(estrous_phase)[T.B],14.936829784455792,13.557369715661983,-11.635126583335726,41.50878615224731,0.2705704468481199,,89,19,623.7273899052051,1437.9158200082704,True
exploratory,high_gamma_mean_amplitude,C(estrous_phase)[T.C],-19.574563787677125,15.90338412032112,-50.74462389581273,11.59549632045848,0.21838171267410966,,89,19,623.7273899052051,1437.9158200082704,True
exploratory,high_gamma_mean_amplitude,C(estrous_phase)[T.D],6.168222828759486,13.405177031426119,-20.105441359219263,32.441887016738235,0.6454176261061193,,89,19,623.7273899052051,1437.9158200082704,True
exploratory,high_gamma_mean_amplitude,days_on_diet,-1.1095821922521458,0.6753137141111681,-2.4331727501760136,0.2140083656717222,0.1003701396044669,,89,19,623.7273899052051,1437.9158200082704,True
exploratory,high_gamma_mean_amplitude,group[T.HF]:days_on_diet,0.8820429341890197,0.9301505885277278,-0.941018719524062,2.7051045879021016,0.3429870752486557,,89,19,623.7273899052051,1437.9158200082704,True
exploratory,high_gamma_mean_amplitude,body_weight,2.9783183967695344,2.415682704523316,-1.756332702172478,7.712969495711547,0.2176094934086037,,89,19,623.7273899052051,1437.9158200082704,True
exploratory,high_gamma_fraction_of_time,Intercept,0.004736316579945779,0.008602199578049884,-0.012123684780857642,0.0215963179407492,0.5819122535623569,,89,19,5.047616544072823e-06,2.0932220541264286e-05,True
exploratory,high_gamma_fraction_of_time,group[T.HF],-0.005299344191463588,0.0032534333366772868,-0.011675956357453048,0.0010772679745258704,0.10334547331369306,,89,19,5.047616544072823e-06,2.0932220541264286e-05,True
exploratory,high_gamma_fraction_of_time,C(estrous_phase)[T.B],-0.0013582644511579637,0.001627877138097354,-0.0045488450130849135,0.0018323161107689863,0.40406815565858123,,89,19,5.047616544072823e-06,2.0932220541264286e-05,True
exploratory,high_gamma_fraction_of_time,C(estrous_phase)[T.C],-0.0022697030452135335,0.00195076360898205,-0.006093129461169728,0.0015537233707426613,0.24462886277688545,,89,19,5.047616544072823e-06,2.0932220541264286e-05,True
exploratory,high_gamma_fraction_of_time,C(estrous_phase)[T.D],-0.0013551537804748566,0.001659660044570444,-0.004608027694413068,0.0018977201334633544,0.41419997831976596,,89,19,5.047616544072823e-06,2.0932220541264286e-05,True
exploratory,high_gamma_fraction_of_time,days_on_diet,-0.00013416711130961556,8.040341694117608e-05,-0.0002917549127482783,2.3420690129047188e-05,0.09518195537160692,,89,19,5.047616544072823e-06,2.0932220541264286e-05,True
exploratory,high_gamma_fraction_of_time,group[T.HF]:days_on_diet,0.0002255939717706004,0.00011210679731219417,5.868686616568091e-06,0.00044531925692463273,0.04418694713168029,,89,19,5.047616544072823e-06,2.0932220541264286e-05,True
exploratory,high_gamma_fraction_of_time,body_weight,0.00026234611146028355,0.00025784217669800257,-0.00024301526856321422,0.0007677074914837813,0.3089309442594188,,89,19,5.047616544072823e-06,2.0932220541264286e-05,True
